{"type":"FeatureCollection","features":[{"type":"Feature","id":1,"geometry":{"type":"MultiPolygon","coordinates":[[[[100.97389597904264,12.519458749435593],[100.97367681346952,12.519897569723025],[100.97326319767166,12.520700505848422],[100.97306765509558,12.520921101982056],[100.97282210600254,12.521140953396685],[100.97257675094563,12.521312233040838],[100.9725042569022,12.521530815177709],[100.97235887714987,12.521847074182784],[100.97211369546781,12.522115494495431],[100.97152556126477,12.522654196913377],[100.97103465172495,12.523045327975378],[100.97059262490959,12.523363759940541],[100.97037088566317,12.523390225179904],[100.97017237325674,12.523294538493321],[100.96997331916617,12.523053105585836],[100.96979952390481,12.522957199538304],[100.9696021712234,12.522934914645298],[100.96920681817529,12.522889239904222],[100.96856370617856,12.522773076383789],[100.96811782199738,12.522508571438635],[100.96772247703412,12.522464004204027],[100.96710352702357,12.522274212118781],[100.96670582398265,12.52191331965963],[100.96657964122797,12.521501870613923],[100.96664936756201,12.520991845574949],[100.96689055353771,12.520190214385439],[100.9673762950697,12.519191326966254],[100.9677177797435,12.518583245523725],[100.96793822990747,12.518387311869562],[100.96808381178074,12.518022445727768],[100.96830224073534,12.517559903938526],[100.96871898806025,12.517168249783483],[100.96889089057136,12.51709465325678],[100.96901451222915,12.517093748230378],[100.96906453222081,12.517165720621259],[100.96911488997901,12.517287334359979],[100.96916560885994,12.517456443449461],[100.96919143003447,12.517602004249609],[100.96919327158081,12.517844882228042],[100.96927385764832,12.5186927670958],[100.96927661637457,12.519056509784971],[100.96942549506493,12.519201169925235],[100.96952473105601,12.519249014909033],[100.96979667534704,12.519319323990219],[100.97024108808776,12.519316068729474],[100.97061076369179,12.519241060038718],[100.97095612100279,12.51921368760085],[100.97107900514376,12.519115645613425],[100.97115205793929,12.518970471528283],[100.97132104811223,12.518508290991404],[100.97139427158768,12.518385733343035],[100.97144131276585,12.518070197095334],[100.9715136262479,12.517827885845831],[100.97166102990457,12.517778234935324],[100.97178428235482,12.517728722575189],[100.97190620170515,12.517508668305849],[100.97202778957718,12.517314603520555],[100.97217575827415,12.517264910417117],[100.97234766707342,12.517117900683161],[100.97239414141467,12.516802367270135],[100.97239046011862,12.516317721992593],[100.97238677073774,12.515831929607982],[100.97233679656019,12.515686582666817],[100.97230913653429,12.515299255268364],[100.97238106463909,12.515080677499732],[100.97250375833721,12.514957758665627],[100.97262591035123,12.514763689331414],[100.9727730858358,12.514689162528979],[100.97289652423731,12.51466452663742],[100.97297048522961,12.514639143563478],[100.97301899874653,12.514517879365886],[100.97316658026961,12.514491956939475],[100.97324072990808,12.514491412339597],[100.97346284644694,12.514441212679404],[100.97356082300003,12.514393033554676],[100.97373165921088,12.514100318299469],[100.97400061570525,12.513783115822399],[100.97424670827901,12.513635597213637],[100.97436972447233,12.513634694806003],[100.97446954526673,12.51375483425964],[100.97449573924209,12.513948963109613],[100.97439890085445,12.514216294543894],[100.97418048537457,12.514678838817364],[100.97403639111143,12.51523801734556],[100.97391798597047,12.515845576981567],[100.97394652095548,12.516427180507614],[100.97409984001828,12.517081317271341],[100.97415461479274,12.517783674725933],[100.97410960560373,12.518365818476049],[100.97401476417097,12.518900905134984],[100.97389597904264,12.519458749435593]]],[[[100.95630421423986,12.52969658917851],[100.9561127122859,12.529926216908622],[100.95593951530249,12.530059677952343],[100.95572634778053,12.530004736309159],[100.95557084850651,12.529891732029199],[100.95541488660015,12.529722275939344],[100.95512366446314,12.529610295779328],[100.95473675378206,12.529536292403284],[100.95452415758861,12.529557051759877],[100.95421584769825,12.529692606204511],[100.95400396566548,12.529808244840511],[100.9538112060701,12.529866140869554],[100.95363697422749,12.529867407142262],[100.95328886897006,12.529832619717487],[100.9530565709258,12.529834308665926],[100.95288252144118,12.529854824214683],[100.95272769949692,12.529836698273641],[100.95259172061404,12.529723587812619],[100.95257062996779,12.529514758723465],[100.9526445334679,12.529020511345283],[100.95270002240302,12.528677777150248],[100.95284211162645,12.528306165345706],[100.95295552842265,12.527944942833258],[100.95301001214294,12.52746890273986],[100.95304509404973,12.527013328434361],[100.95313898236995,12.526651138609717],[100.95327181355607,12.526346231243146],[100.95357854780141,12.52600170805732],[100.95380898723137,12.525753733124493],[100.95405794453255,12.52544802054735],[100.95411386555732,12.525162886669271],[100.95428304527476,12.524496207375805],[100.95441387411611,12.523925838105695],[100.95448906041045,12.523602175001729],[100.95448734193334,12.523373990348841],[100.95442684578883,12.523051312236721],[100.95428959039994,12.522843289794654],[100.95407542484969,12.522655040534158],[100.95379235492388,12.522248128236471],[100.95369278206451,12.521850025987774],[100.95318169546508,12.520790610827044],[100.9529440003426,12.519993575126785],[100.95280489532253,12.519539302174328],[100.95280260911014,12.519235377361973],[100.95289674895864,12.518911575075943],[100.95301058706472,12.518606843599402],[100.95302785717605,12.518302815084501],[100.95298663079272,12.517941568040079],[100.95292628287025,12.517638101750826],[100.95278803753793,12.517297884223687],[100.95261255613873,12.517051747810251],[100.95237655793383,12.516559749646259],[100.95214330408209,12.516352421789476],[100.95206454159462,12.516200468075029],[100.95197495440794,12.515831685810934],[100.95191403066539,12.515451405077492],[100.95195010880383,12.515128025128311],[100.95208393981484,12.51495642479299],[100.95223542811109,12.514537322718732],[100.95240793518838,12.514307874224274],[100.95254261870059,12.514174695309444],[100.95261966989747,12.514174135800348],[100.95279427903249,12.514229362323537],[100.95289174264758,12.514342754070805],[100.95300815442694,12.514380335865837],[100.95322073804397,12.514359578795835],[100.95333568916267,12.514283037469491],[100.9534889210889,12.514091007469002],[100.9536812315266,12.513899805189549],[100.95397015217986,12.513783608682234],[100.9542596001442,12.513667371781786],[100.95462614422112,12.513551721525641],[100.95477948125024,12.513378904653484],[100.95489250817759,12.513036862661316],[100.95500662386308,12.512769408982685],[100.95510161800945,12.512559736547678],[100.95513743743308,12.512122222763089],[100.95517408959498,12.511875656955523],[100.95528910179914,12.51172233251422],[100.95542303431978,12.511569944598984],[100.95555741779472,12.511397264963538],[100.95559410768587,12.511150698463679],[100.95557183216178,12.510789315124207],[100.95559039135554,12.510656978931344],[100.95570593446401,12.510579320981435],[100.95582092061701,12.510502815367772],[100.95589767716646,12.510388121363242],[100.9559545971178,12.510236329011667],[100.95605062342842,12.510158813007191],[100.95618470057784,12.510025637214087],[100.95626145622896,12.509910981585087],[100.95624146871391,12.509853523080285],[100.95624003949429,12.509663726983762],[100.95633535793245,12.509492405407162],[100.95637389745475,12.509416454605921],[100.95644604385018,12.508769694093431],[100.95653907427932,12.508294485095613],[100.95661611020483,12.508217107073268],[100.9566931218758,12.508216547551271],[100.95682965501922,12.508329653408312],[100.95694652763433,12.508423724959817],[100.95708317216881,12.508631750253732],[100.95723826989588,12.508688227676204],[100.95743186492446,12.508743313300096],[100.95760604466476,12.508742046923713],[100.95777997287682,12.508702354265045],[100.95797300645833,12.508682884163047],[100.95812809520223,12.508738249548568],[100.95818683244541,12.508832742784168],[100.95820771917408,12.509004294570065],[100.95818926777814,12.509155842965475],[100.95815334145499,12.509498398752639],[100.95813683042006,12.50989734442164],[100.95806508107999,12.510676302427914],[100.95793455227596,12.51128505935802],[100.95782011319699,12.511514124666705],[100.95774367105787,12.511590351100375],[100.95772526637434,12.511743011744867],[100.9578043109328,12.511932242414185],[100.95795965389995,12.51202599606318],[100.9581344588677,12.512177249773723],[100.95819366053988,12.512328234162885],[100.95823448986785,12.512556133041015],[100.95823916829387,12.512796771580248],[100.95820581923726,12.513331372539032],[100.95830798193957,12.513767881015257],[100.95862070525293,12.514215258838371],[100.95887019974664,12.514517346166746],[100.95916802809427,12.514673330557518],[100.95955425695405,12.515034320839234],[100.9598647470556,12.515190211081835],[100.95995209025065,12.515335325905598],[100.95996557755635,12.51544484622508],[100.95987950098583,12.51554261511578],[100.95986804656764,12.515627439913798],[100.95989331707489,12.515700704487918],[100.95999231501246,12.515712385705587],[100.96014092510654,12.515747472326835],[100.96019081933406,12.515808118175379],[100.96021644826911,12.515928803845187],[100.96023056439547,12.516196472615089],[100.96015857520524,12.516488461119607],[100.96003669448245,12.516719840506166],[100.95992632477171,12.516794093986274],[100.95982778587323,12.516843382899797],[100.95977963168241,12.517013178065929],[100.95982541252427,12.517212830210319],[100.95997674361533,12.517383467017478],[100.96000368768397,12.517603581903952],[100.95998063152386,12.517898619763285],[100.95988430517596,12.518390771473504],[100.95944472986305,12.519719205977065],[100.95915240549317,12.520752808096868],[100.95905497152251,12.521023546450524],[100.95900623073182,12.521195640858883],[100.95900771385035,12.521392209922402],[100.95900937663195,12.521612509056094],[100.95898576531302,12.521834102376136],[100.9589128616378,12.522079821185796],[100.95884073590365,12.522423788365169],[100.95876912490417,12.522915760439719],[100.95862146163438,12.523236547155994],[100.95829922336557,12.523582372785931],[100.95805175097951,12.523854204345735],[100.95797809182113,12.524075014386721],[100.95783139783359,12.524444402233581],[100.95763651192595,12.525133889896873],[100.95762495689645,12.525355395129075],[100.95747185971751,12.525565528957976],[100.95728097041457,12.525870822221503],[100.95722448345123,12.526080253207056],[100.95722648579599,12.526345714730098],[100.95717028809014,12.52659356983105],[100.95705602597923,12.526841812297024],[100.95702249007306,12.527506356345219],[100.95685058935862,12.527811512264289],[100.95679453628149,12.528078581164747],[100.95674101825016,12.528686777023125],[100.95656968167769,12.528991965745165],[100.95645512941095,12.529201781795511],[100.95641805234591,12.529391857289857],[100.95630421423986,12.52969658917851]]],[[[100.95960845950167,12.531580712257343],[100.95971954516969,12.531670306578242],[100.95981318914819,12.531815374423584],[100.95988831884864,12.532013664664472],[100.95990862706229,12.532267700053804],[100.95989105960858,12.532376299442113],[100.95976280444053,12.532522984791159],[100.95960456620324,12.53274104355596],[100.95952615765195,12.532941601650107],[100.95939872084915,12.533196714722774],[100.9592459704199,12.533298377373661],[100.9590833708619,12.53323855291638],[100.95904703580527,12.533072742584578],[100.95919289795292,12.532817495221972],[100.95933803965167,12.532471847714241],[100.95941029204829,12.532289437824142],[100.95935358859093,12.532091012750865],[100.95929742322441,12.531963738503384],[100.9592025135197,12.531656011125497],[100.95934933866134,12.531528403435699],[100.95960845950167,12.531580712257343]]],[[[100.95872432502262,12.534344980427109],[100.95870808438059,12.534634341349863],[100.95859879893641,12.534853153341921],[100.95843482046445,12.535144702441983],[100.95825190730291,12.535364088371162],[100.9580267885944,12.535323933296777],[100.95797983814607,12.535049728655027],[100.95809919280629,12.534712192869398],[100.95839252867918,12.534419700607524],[100.95857626020593,12.534308780035687],[100.95872432502262,12.534344980427109]]],[[[100.97181167198781,12.550369979871384],[100.97163913616447,12.550744079912922],[100.97159730521493,12.55106072658212],[100.97158488061623,12.551319516741419],[100.9715425735596,12.551578563556442],[100.97130944008214,12.551695521665525],[100.97108958729781,12.551596588883932],[100.97098515904436,12.551323922898177],[100.97089432499608,12.550950647060146],[100.970570142773,12.550666082421436],[100.97037929569086,12.550595183003907],[100.97027574509146,12.550437755134016],[100.97046477308511,12.550264628909915],[100.97068438781588,12.550263015504585],[100.97082781463075,12.549916266406727],[100.9709131815322,12.549571052211455],[100.97095226363696,12.548967480208855],[100.97093484620193,12.548565419016994],[100.97093177665857,12.548162103290375],[100.97079749379496,12.54781850367061],[100.97078045365235,12.547545232156569],[100.9709552999426,12.547400456395088],[100.97113067264566,12.547399169163898],[100.97127848234081,12.547628572423019],[100.97144175653358,12.5479290159466],[100.97154628629667,12.548215193522031],[100.97179569095891,12.548271002001043],[100.97208760390039,12.548168271985467],[100.97224913356486,12.548239422852802],[100.97225087988978,12.548468751707134],[100.97203302136538,12.548700805625755],[100.97190306838144,12.54893110211726],[100.97189002753848,12.549104082803593],[100.97206682047798,12.549289181496784],[100.97206836019036,12.549491412895048],[100.97193796793024,12.549664071399867],[100.97186716990606,12.549952684694237],[100.97181167198781,12.550369979871384]]],[[[100.93580238222702,12.573672078360213],[100.9357195800157,12.574442085464304],[100.93550597142092,12.575560998909653],[100.93539134369573,12.575996788172034],[100.93529010176655,12.57630257397776],[100.93515955948779,12.576606276235571],[100.93501372159467,12.576870586188209],[100.93494033821911,12.576900474934128],[100.93485120827494,12.576901119352621],[100.93477716463764,12.576842900736864],[100.93468115180177,12.576694473104467],[100.93454847871915,12.575872933975944],[100.93436649890721,12.575221233172076],[100.93417039218907,12.574685990882825],[100.93394461142221,12.574179246861542],[100.93369138712339,12.573847774420132],[100.93346781890708,12.573631333936627],[100.9332604994176,12.573516472521412],[100.93302336753881,12.573416487241872],[100.93283110471179,12.573389626460546],[100.93265397670071,12.573390904793905],[100.93247660344952,12.573435129162531],[100.93230049322965,12.573567454144573],[100.93206361287913,12.573884361165236],[100.93176287758324,12.574043573811453],[100.93141413362366,12.574087885744667],[100.93101673241667,12.573930338112199],[100.93067253932233,12.573509148849579],[100.93057886120785,12.573052241796645],[100.93074369218103,12.572640933218979],[100.93241309974547,12.570788463525838],[100.93262490901473,12.570576803307882],[100.93284717736886,12.570463359160073],[100.93298623926977,12.570452175807349],[100.93311071522544,12.570486299279301],[100.93325485170941,12.570533831368154],[100.93335045581185,12.570703734928518],[100.93341176044009,12.570903280568142],[100.93346226013209,12.571044115126181],[100.93349320260205,12.571185127593253],[100.93352874534457,12.571321589500366],[100.93355997437713,12.571500990679384],[100.93362075528755,12.571706167242493],[100.93361801722256,12.571954747602009],[100.9335315660546,12.572237842002385],[100.93345192142149,12.572428224150471],[100.93338604077516,12.572543910220526],[100.93334305998211,12.572718219995345],[100.93335889189065,12.572834462686133],[100.93344831738058,12.57294906400463],[100.93358192381278,12.57304979735347],[100.93375938150557,12.573092570721716],[100.93396606498781,12.573047024120392],[100.93427404789142,12.572783801816772],[100.93461130239852,12.572433405014742],[100.93489097309931,12.57230032980546],[100.93517126633259,12.572255361735646],[100.93540770830525,12.572268350291031],[100.93557073725796,12.57238241878264],[100.93569027786945,12.572527270788862],[100.93576554141889,12.572743670117402],[100.93579847275889,12.573150145759625],[100.93580238222702,12.573672078360213]]],[[[100.94941836797398,12.586668702256688],[100.9491174808628,12.586957842114758],[100.94897956700882,12.587201739149922],[100.94871365939652,12.587556187301349],[100.94844973706098,12.587794228137126],[100.94804501907603,12.588044584940423],[100.94772790659422,12.588166656149836],[100.94744298703722,12.588209415602238],[100.94724802836606,12.588286504813489],[100.94715331269747,12.588386631591023],[100.94698846914788,12.588568604540258],[100.94665413596205,12.588696426780913],[100.9463088684826,12.588593872486824],[100.94611722100157,12.588420158263006],[100.94604455178668,12.588239914102575],[100.94601836050624,12.587895514133665],[100.94653170906355,12.586795889817425],[100.94677097623779,12.586037184850246],[100.94663059201677,12.585268837979491],[100.94635458015414,12.584357986190577],[100.94593343827086,12.583723845162607],[100.94544097823885,12.58331845500118],[100.94481539147499,12.583107205779548],[100.94388501980994,12.583052953184199],[100.9430758578262,12.58266792425473],[100.94239894132701,12.582055957124856],[100.9422164764248,12.581573750175847],[100.94207791847877,12.58104598574069],[100.94211681283564,12.5802537141239],[100.942287639165,12.579108010039832],[100.94268049040504,12.577741493193759],[100.94329604658044,12.576240086271552],[100.94409126581267,12.574694393821781],[100.94444524425543,12.574119035608787],[100.9450210436913,12.573832386224188],[100.94550787038817,12.57349218244463],[100.94592054834484,12.573080215238093],[100.9462350170848,12.572609061590175],[100.94648908939322,12.572210647922962],[100.94658323193667,12.571729803412094],[100.94659308735368,12.571356894754659],[100.94651685811527,12.571008341628401],[100.94638877272884,12.570264745198587],[100.94644680479449,12.569422653824805],[100.94655552160511,12.568965433506115],[100.946775595375,12.568176363487703],[100.9470390757394,12.567731569466742],[100.94734528626694,12.567466125187599],[100.94761103757237,12.567322959907576],[100.94777447975011,12.567181684913677],[100.94816250703708,12.566935933734724],[100.94859241827419,12.566752035796876],[100.94920644192374,12.566424452884284],[100.94942986191802,12.566160720515594],[100.94963357107839,12.565876806629122],[100.94987756518766,12.56559259957838],[100.95014148033665,12.565206551062198],[100.95023172149685,12.564894068198262],[100.95020828984096,12.564530434956202],[100.94998027676058,12.564189762924276],[100.94960811372155,12.563869351636452],[100.94929821920306,12.563650184652904],[100.94902760441863,12.563147150559312],[100.94889955047319,12.562482630975142],[100.9489158773535,12.561978622214054],[100.94899597833076,12.561695570875882],[100.94924083212773,12.561450896439226],[100.94934029898589,12.561067193318888],[100.94958318637073,12.560561536877325],[100.94978708327898,12.560378133288307],[100.95007382102607,12.560275536998734],[100.95029813664075,12.560051298947643],[100.95050161942565,12.559808072326957],[100.95064416768818,12.559645476863874],[100.95072513913293,12.55948332935267],[100.95078348471064,12.559059237813129],[100.95084999507597,12.558343586248155],[100.9510091280353,12.557716517492565],[100.95127360912294,12.557331612809151],[100.95143536695952,12.557047967128295],[100.95149401796441,12.556664559945121],[100.95149158173335,12.55634146056553],[100.95132480680591,12.555959693757544],[100.95088898914581,12.555357276622873],[100.95063836097818,12.554834885079872],[100.95063623286926,12.554552468600896],[100.95075683439111,12.554148249469094],[100.95101907058884,12.553540755576169],[100.95111898390971,12.553216910466336],[100.95113663311008,12.552813477517384],[100.95109460363288,12.552652187636109],[100.95095023807851,12.552573049950425],[100.9508059003719,12.552492727625356],[100.95074375941216,12.552412992760264],[100.95072136531043,12.552191696682369],[100.95073996313177,12.551909129115431],[100.9508197928178,12.551665655417617],[100.95102821004853,12.551322918908232],[100.95143595894926,12.55094711686854],[100.95171627643707,12.550449110342884],[100.95209133654291,12.549856639593527],[100.9522779327971,12.549514098843938],[100.95249885188164,12.549450334065995],[100.95259369960262,12.54944964398228],[100.95268848803475,12.54951111228168],[100.95278430234296,12.549633545522831],[100.95288102394962,12.549881399265292],[100.95285175144777,12.550192291346205],[100.95279109180989,12.550533953466571],[100.95269854826762,12.550845305104851],[100.95260656257916,12.551155542769909],[100.9525466099154,12.551590936733438],[100.95264426127838,12.551961914309018],[100.95283581174137,12.552271236079832],[100.95318497611251,12.552517252049542],[100.95343891906353,12.55263964527952],[100.95404038246878,12.552790086001432],[100.95457885241299,12.55297256291807],[100.95486384742847,12.553094765656967],[100.95515024201914,12.553402208751507],[100.95527792226542,12.553557209469856],[100.95574769714158,12.554089290033108],[100.95590710588367,12.554258719569416],[100.95613060492973,12.55453615155729],[100.95641654227792,12.554782623946355],[100.95655939057778,12.554890052910695],[100.95673338706182,12.554935096795237],[100.95695474003263,12.554933482542355],[100.95709750748412,12.555025102995055],[100.95713030228021,12.555180757730685],[100.95714791375133,12.555381726243212],[100.95719611555285,12.55552146011037],[100.95732367003498,12.555659505122557],[100.9574994353018,12.555938394647322],[100.95756410681574,12.55612321134606],[100.95759760409437,12.55637152443428],[100.95763051028155,12.556541874892002],[100.95777383109522,12.556711421184971],[100.95794876811533,12.556880735006708],[100.95823388979326,12.557018776659021],[100.95853427205124,12.55704708854706],[100.958756374217,12.557139239604345],[100.95885196304808,12.557231167037719],[100.9589156922293,12.557370788543334],[100.95905922774031,12.557494017710114],[100.95920957607449,12.557531347700913],[100.95932011017695,12.557546347562058],[100.95950939419045,12.557559662163024],[100.95971562132854,12.557605615725199],[100.95985823337148,12.557681391867794],[100.95995406205272,12.557804968985284],[100.96019212458619,12.557959123545812],[100.96038175984094,12.558018746727722],[100.96060315233767,12.55801712898689],[100.96093435669135,12.55801470719817],[100.96123498059613,12.558074629364166],[100.96148905110793,12.558212856262353],[100.96168045963709,12.558506363159744],[100.96184081789845,12.558800059115693],[100.96193806142628,12.559110025019248],[100.96200353064421,12.559404414726931],[100.96210147755289,12.559807036804687],[100.96220553210719,12.560031101458922],[100.96249297952339,12.560400685001188],[100.96276457706469,12.560802036768177],[100.96290896597526,12.56111165567099],[100.96294270040913,12.561390470015711],[100.96282066787103,12.561981100958162],[100.96276120478912,12.562478648508316],[100.96271566918735,12.562695922584517],[100.96248066990903,12.562946161810443],[100.96223000311386,12.563257563309323],[100.96201297912435,12.563756264017957],[100.9618881159948,12.563974080632923],[100.96170139397648,12.56437878760647],[100.96137796993149,12.56548270163538],[100.96088136058115,12.566650004076356],[100.9600965366534,12.56781038158239],[100.95935643984366,12.569328566843286],[100.95926988177614,12.5701256979739],[100.95912823362551,12.571162719741544],[100.95884815868287,12.572677542055338],[100.95843588406974,12.5735177403329],[100.95802201045541,12.574152301113353],[100.95777063578775,12.574521309356061],[100.95760162405524,12.57491233443408],[100.9573740574376,12.575464197958878],[100.95720664111305,12.576060825177201],[100.95706158744916,12.576649365522206],[100.95697674875711,12.577296218611355],[100.95662760864046,12.578576537126551],[100.95643655494584,12.579018553229565],[100.95615691838104,12.579608076647306],[100.95573961589727,12.580164732910641],[100.95541601578246,12.580568178166352],[100.95523847634297,12.58081914258975],[100.95511950885664,12.581135242823331],[100.9549670045658,12.582642356756274],[100.95483351760954,12.583848799382363],[100.95474310307452,12.585123859897749],[100.954673332723,12.586238321233266],[100.95453373991775,12.586638164993634],[100.95419307091423,12.586914050547682],[100.95372690097733,12.586946811153963],[100.95270960832541,12.58688308284146],[100.95171708132756,12.586665496944532],[100.95093207863505,12.586517547547194],[100.9499018897689,12.586497956204195],[100.94941836797398,12.586668702256688]]],[[[100.9670386704567,12.581175581000011],[100.96700451561126,12.581372410239647],[100.96697048653,12.581511634615161],[100.96691255866891,12.581684908129541],[100.96678662025596,12.582137742261182],[100.96677776646051,12.582484652175186],[100.96680322381735,12.582808690112762],[100.96693549625137,12.583108249975332],[100.96699545520333,12.583280658824943],[100.96700919224065,12.583500865529336],[100.96700470605411,12.583738162270491],[100.96702029362091,12.584201247948743],[100.96710640073415,12.584709016380112],[100.96722675881256,12.585032393960429],[100.96725290697384,12.585367717469621],[100.96720919405382,12.585818836358209],[100.96711733143454,12.586143737170602],[100.9670842743304,12.586410600854737],[100.96689903183734,12.586851468984552],[100.96674799359707,12.58710676091613],[100.96667875055662,12.587303848624535],[100.96670495621009,12.587651648443249],[100.96668571250011,12.588217795303821],[100.96651111055156,12.588625821912771],[100.96620810341634,12.589088989949463],[100.96576264413834,12.589574677369919],[100.9652962918434,12.590039044793146],[100.96479952798286,12.590355627260378],[100.96429454902906,12.59057853343019],[100.96382461065951,12.590720921250771],[100.96335458695005,12.59085205463786],[100.96309556672104,12.590900268545136],[100.9628012283283,12.590913719061115],[100.96255347746451,12.590857932993208],[100.96222155266196,12.59061743845019],[100.96207884090605,12.59045692802656],[100.96172344402343,12.590157891374064],[100.96138108259393,12.590056484407331],[100.96116877296306,12.59004671254241],[100.96107412376979,12.590001093551521],[100.96097855290502,12.589839125640795],[100.96091833074667,12.589631660434772],[100.96091666527015,12.589412510175203],[100.96091534384836,12.589238522969746],[100.96081995444329,12.589100284710364],[100.96070109475478,12.588973470897383],[100.96062964994363,12.588881369834295],[100.96059407576003,12.588812698182835],[100.96059284866136,12.588651149470602],[100.9606151691012,12.588488317138165],[100.96052510311252,12.588286734514394],[100.96034528285054,12.587859872738594],[100.96011585133031,12.587109109662446],[100.95998190623325,12.586509061706138],[100.9599425654137,12.586023528924086],[100.95998856364783,12.585871814481305],[100.9600464555763,12.585767437214159],[100.9600807954747,12.585594336541476],[100.96007956118949,12.585431677615349],[100.96005491321472,12.585292882334191],[100.96005368701435,12.585131334036168],[100.96012231830207,12.584852918068451],[100.96027195696713,12.584412313909192],[100.96038764919595,12.584122262008695],[100.96042097848964,12.583890380344297],[100.96040786757806,12.583682605224276],[100.96035922829698,12.583486382704871],[100.96021625692798,12.583290850028275],[100.96003224692346,12.583066261203122],[100.95987827029387,12.583009747489211],[100.95968981003547,12.582953523086799],[100.95965354055589,12.582872454506557],[100.95964068746079,12.582698552294415],[100.95967472103365,12.58255932768588],[100.95967305825206,12.582340178400502],[100.95967156615039,12.58214360941852],[100.95969383897952,12.581969449827037],[100.95983426362473,12.581829446275217],[100.96003324315511,12.581677760039375],[100.96013840802711,12.581515394970699],[100.96031872236253,12.581253116833782],[100.96058813609939,12.581065855428202],[100.96083473801792,12.580971423766728],[100.96116445116822,12.580922660027651],[100.96149373133055,12.580886373255762],[100.96172870455774,12.580779588168561],[100.96208100674417,12.58067305290982],[100.96228037794002,12.580498742396845],[100.96257355391278,12.580333888371312],[100.96272565126681,12.58021756578372],[100.96292550395962,12.580181079013448],[100.96313763302915,12.580168195191362],[100.96353743273792,12.580107659192167],[100.9637953866667,12.579920480242302],[100.96385279080999,12.57975739074347],[100.96393533161157,12.579722874842354],[100.96399444884209,12.579780045088867],[100.96401852728495,12.579848800694874],[100.96406620626696,12.579918494404529],[100.96416088869793,12.579964111680702],[100.96425518215837,12.57996341992539],[100.96444336663396,12.579904435724778],[100.96466698335932,12.579890356002251],[100.96482022157376,12.579924252018907],[100.96487930017672,12.579981459920809],[100.96490412961118,12.580143945197392],[100.96491706624958,12.580259095605692],[100.96504234979068,12.580472821353059],[100.96507813328172,12.580564073235232],[100.96507875132264,12.580645402061613],[100.96515098575294,12.580841451403376],[100.96524598439085,12.580933415949131],[100.96531751364367,12.581036843912877],[100.96547124682984,12.581140780347321],[100.96571946841081,12.581185269911918],[100.9659074336975,12.581171450652976],[100.96606044643478,12.581101432887609],[100.96617662285553,12.580950313476254],[100.96639988923792,12.580821026717977],[100.9666466681246,12.580750282033964],[100.96692910563645,12.580759498395468],[100.96701269567025,12.580862837877913],[100.96704901276055,12.581024127592183],[100.9670386704567,12.581175581000011]]],[[[100.91802094533851,12.599802415693674],[100.91812365960642,12.599848028557567],[100.91817647425691,12.599909771472229],[100.9182037399224,12.600018048597413],[100.91817807864803,12.600125557704745],[100.91766945702574,12.601723347671813],[100.91763494375252,12.602419559969464],[100.91771980130919,12.603236938453957],[100.91778900841699,12.603804719203596],[100.91783302227267,12.604076695640719],[100.91784476594836,12.604261903750487],[100.91755236971328,12.60578132248485],[100.91749083870957,12.605936550200456],[100.9174240265103,12.606075970763206],[100.91735091532428,12.606148835238482],[100.91722540630604,12.606206193336558],[100.91712582446353,12.606196763984501],[100.91701044395013,12.60615127848965],[100.91688951274658,12.606053816683399],[100.91671991171928,12.605833608304774],[100.91654456596571,12.605454138302342],[100.91645787494751,12.605089802457535],[100.91626970215002,12.604069842734704],[100.91623364646945,12.602778721112772],[100.91627236206156,12.60195253234394],[100.91652202364197,12.601417486084882],[100.91680090741853,12.60109688105306],[100.9171495310039,12.600721575272555],[100.91782515123414,12.599845653627474],[100.91790361368432,12.599803257308034],[100.91802094533851,12.599802415693674]]],[[[100.87713120475884,12.610201200431097],[100.87725242432157,12.610417297971905],[100.8773004446634,12.610773966123668],[100.87729810185715,12.611243978415292],[100.87724512730651,12.611785539508116],[100.87708508525212,12.612397900298816],[100.8769486850594,12.612545725179805],[100.87675378927031,12.612637503026948],[100.87651298328197,12.612745411845184],[100.87624034189831,12.612980048102283],[100.87604912920186,12.613339543339997],[100.87592534674563,12.613879344980644],[100.8759244762781,12.614469113479522],[100.87596592903689,12.614871067959855],[100.87594165386297,12.614933362160416],[100.87585415076776,12.614921537300233],[100.8751987058005,12.614172554155319],[100.87456308395659,12.613298034655379],[100.87448813571579,12.613115523475287],[100.87445422431384,12.612962082312652],[100.87444699646905,12.612678543694203],[100.87451629161176,12.61240013134382],[100.87464942463181,12.612196944865518],[100.87490796605877,12.611920573686458],[100.87515661254291,12.611626241585617],[100.87539599290488,12.611405353340261],[100.87557211480285,12.611183797779281],[100.87558479272646,12.611030067043542],[100.87557482232509,12.610923920432668],[100.87564006157432,12.610798067698187],[100.87609144075006,12.610385877249142],[100.87629894439419,12.610286126378758],[100.87666890296751,12.610143436463737],[100.87700586642049,12.610128629031749],[100.87713120475884,12.610201200431097]]],[[[100.9177408847689,12.615805833533823],[100.91789916612535,12.615901839935324],[100.91805748341439,12.616073555234237],[100.91817712194225,12.616305448987632],[100.9181988387142,12.61659454138656],[100.91816828341814,12.616895262741554],[100.9182059713376,12.617091575401121],[100.91832286461394,12.617263624771439],[100.91842127056172,12.617423331198378],[100.91850109755282,12.617558329968213],[100.91848253656242,12.617692924544818],[100.91834493981372,12.617752666217337],[100.91816795014317,12.617700812374942],[100.91793037180169,12.617465285414319],[100.91773210553363,12.617254281735503],[100.91747343205431,12.616888961574491],[100.91739259895009,12.61654268906279],[100.91732394700114,12.616126285155381],[100.91742683015232,12.615884907893495],[100.91756372621509,12.615807105519407],[100.9177408847689,12.615805833533823]]],[[[100.87925806231372,12.617824980359329],[100.87897166951969,12.617916254887472],[100.87883098436301,12.618024572615107],[100.87868239582852,12.618077596678338],[100.87849931019045,12.618135380771156],[100.87837397185213,12.618140778990131],[100.87830048337368,12.618081431886742],[100.87823764621955,12.617983580142313],[100.87815449456359,12.617783060390556],[100.87811431471755,12.617556250623545],[100.87808441788658,12.617400523264058],[100.87810717400934,12.6172851134022],[100.87820600036871,12.61711270901422],[100.87869635205476,12.616600835547867],[100.87938408157504,12.615939557665305],[100.87966826810673,12.615711611909273],[100.87975041634454,12.615537029794815],[100.87977489723264,12.615348192706952],[100.8796121952667,12.614649953713037],[100.87962333527456,12.614440848250807],[100.87969677704058,12.61425618400019],[100.87989648600298,12.614193766029681],[100.88005036471621,12.614235628728506],[100.88018200832951,12.61438156779033],[100.88032839060172,12.614816657279972],[100.88059195989932,12.615146963451089],[100.8810831946293,12.615464373998149],[100.88150061658899,12.615600414357992],[100.88164876135576,12.615646795841103],[100.88178936476572,12.61567745938892],[100.88194093301202,12.615640220258911],[100.882052502872,12.615561502611131],[100.88217729593295,12.615244270140147],[100.88221787103771,12.615127586440567],[100.88228340583262,12.615042418395625],[100.88242009079133,12.615016576234339],[100.88250552147315,12.615054401920156],[100.88255835319165,12.615124076417315],[100.8825272822626,12.615354794595499],[100.88248364749599,12.615604778209926],[100.88252391268196,12.61576039445362],[100.88263592181811,12.615896326831086],[100.88280595403675,12.615945959667785],[100.88308999324475,12.615930406562232],[100.88362586795617,12.615902895393655],[100.88384425738485,12.615956702723741],[100.88399214343683,12.616044920246486],[100.88410441667769,12.616216983469672],[100.88414355268134,12.616372644049051],[100.88414860300989,12.616594036451023],[100.88410175047791,12.61679547057593],[100.88394722318107,12.61697959737835],[100.88370572010008,12.617069451202816],[100.88326646189243,12.617014905990304],[100.88303358533312,12.617026729000537],[100.88280161337731,12.617084860473065],[100.88259578958278,12.617172166796587],[100.88246720563131,12.617290580892208],[100.88229373466174,12.617477098760894],[100.88204489414154,12.617589585882687],[100.88163259886714,12.617603783631846],[100.88118162932317,12.617447655685378],[100.88095665254846,12.617436800484475],[100.88079517139299,12.61753623210886],[100.88067890693736,12.617679400921714],[100.8805347758433,12.617795666186973],[100.88042926781483,12.617842724022863],[100.88032291896329,12.617846878324396],[100.88007207699663,12.617762790303638],[100.87996139197722,12.617730768244215],[100.87981805140056,12.617712600288682],[100.87964828957482,12.617700208383498],[100.87925806231372,12.617824980359329]]],[[[100.90290133431616,12.624797956887663],[100.90254148268806,12.624905552893756],[100.90226665300838,12.625081513637106],[100.90191637023467,12.625392475032228],[100.90168042143712,12.625687886166626],[100.90137724721524,12.62646172551618],[100.90131723346605,12.627058681968656],[100.90123618207123,12.627303306965663],[100.9010532877743,12.627458249888717],[100.90079540840571,12.627515471723953],[100.90057455040659,12.627517045197164],[100.90035308424801,12.627436137982428],[100.9001764485137,12.627274686383432],[100.90007359680355,12.627058508404184],[100.9000258738041,12.626823834212749],[100.89995710956575,12.626547513016003],[100.89979073528691,12.626300171617544],[100.89955903821556,12.62607924694742],[100.89940547570933,12.625846437246262],[100.89940334939703,12.625558349356702],[100.89944552709626,12.625276721643571],[100.8996403896477,12.624787277317791],[100.89968813510502,12.624478511062824],[100.89963968626684,12.624303742954211],[100.89950821872331,12.624183766499613],[100.8991786699647,12.624030212755137],[100.89905815917271,12.623913563742356],[100.89895658486691,12.62379341090829],[100.89885390742994,12.62359525989981],[100.89880632277101,12.623384353318558],[100.89881392072166,12.62316735242899],[100.89887477619227,12.623072033379209],[100.89897836452097,12.623000103795121],[100.89908106711076,12.622966607945942],[100.89915519698633,12.622953678061359],[100.89938278965514,12.622930586600742],[100.89951195661321,12.622815528997362],[100.89959219772764,12.622542700243365],[100.89972162519716,12.622314688486917],[100.8999190937612,12.622102000464738],[100.90011119578976,12.622020406908373],[100.90031594519924,12.62201783933066],[100.90099879327427,12.621953074826051],[100.90172817947087,12.621952395456555],[100.90201285019451,12.622027187452316],[100.90223536648367,12.622169097577693],[100.90231986740918,12.622238540467546],[100.90241949865901,12.622253639108502],[100.9025066370382,12.622215736468807],[100.9025866760317,12.622150785297418],[100.90926441498563,12.616434852851629],[100.90940646108993,12.61635475827042],[100.90953177068215,12.616345940299649],[100.9096219678249,12.616410822814299],[100.90964927481292,12.616524765601163],[100.90963271077737,12.616695478501208],[100.90945965932106,12.616859387814461],[100.90275163187069,12.622522455078345],[100.90270542522742,12.622574724330494],[100.90267766459019,12.622633675920204],[100.90268933011249,12.622733033643929],[100.90274051791401,12.622962017179548],[100.90277738118,12.623282620258445],[100.90315096265888,12.624175879745902],[100.90321779731603,12.624343777169949],[100.90329867443766,12.624468593242566],[100.90340605635181,12.624598883600942],[100.90353226515765,12.624710973123657],[100.90378207046847,12.624887708911507],[100.90384598290601,12.624976475610552],[100.90385240226702,12.625064577819666],[100.90382397597817,12.625109984567013],[100.90374935562248,12.625133099498965],[100.90368896817414,12.625133529907059],[100.90361796353746,12.625100125503101],[100.90350991866666,12.625033108929017],[100.90340095302267,12.624923192628009],[100.90316924157828,12.624776832675254],[100.90290133431616,12.624797956887663]]],[[[100.87457166466416,12.642978484944665],[100.8745890803026,12.643159140229994],[100.87455910980977,12.643231655801641],[100.87444857480902,12.64329911025354],[100.87431299657474,12.643323795163491],[100.87411998275617,12.643278800992302],[100.87367845540416,12.643079690382473],[100.87246252188669,12.642315435423784],[100.87226446043454,12.642214016684825],[100.87203594878919,12.64219189027737],[100.87182007374497,12.642253271484647],[100.87147478380764,12.642311081669526],[100.87108574501764,12.64228893423363],[100.87033502473132,12.642133785549223],[100.87005089209855,12.642135779669962],[100.86982291045922,12.642191579983498],[100.86949654353333,12.642321558904021],[100.86895992322027,12.642337761670705],[100.8685413864513,12.642209637509296],[100.86719901326099,12.641698179795254],[100.86686484985677,12.6416270680027],[100.86660012352905,12.64168993507781],[100.86613879012164,12.641929292984399],[100.86586242162785,12.641977580543308],[100.86561582779414,12.641926178647326],[100.86495572236718,12.641565870718084],[100.86458224868612,12.641314287376048],[100.86430326160328,12.641074447672638],[100.86404638295788,12.64079491094946],[100.86386994395464,12.640581489733512],[100.86377389608445,12.640265804716282],[100.86373577517706,12.639927132815606],[100.86371070140083,12.639723906844893],[100.86371304061385,12.639490020023255],[100.863724429455,12.639313677380576],[100.86376049052546,12.639129275644011],[100.86382201973252,12.638968428358853],[100.86390445722786,12.638836792809874],[100.86411180726003,12.638634238284645],[100.86433161872186,12.638481279630209],[100.86464748434207,12.638249717158072],[100.86497502716263,12.637964982903791],[100.8653055955091,12.637697146498821],[100.86579971832272,12.637301623219924],[100.86613200245134,12.636953583160224],[100.86641404200954,12.636503084655391],[100.86661826949779,12.636265489680468],[100.86691642932374,12.635974183415183],[100.86717542170501,12.63543910221212],[100.867281449858,12.635067765889222],[100.86739927199233,12.634814967370724],[100.86754958259726,12.634602665789908],[100.86776417305063,12.63428706630236],[100.86789961923256,12.634005896127247],[100.86799504726518,12.633763472462336],[100.86802027375498,12.633354273914847],[100.86793628217423,12.632799009494949],[100.86790955729455,12.631496494454352],[100.86792652377528,12.630665928709524],[100.86790656410801,12.630289847553257],[100.8678299333227,12.629953703634399],[100.86772576558066,12.629791720664853],[100.86758746275616,12.629596100605825],[100.86747118302914,12.629349494977053],[100.86744055047795,12.629092108036916],[100.86751314333607,12.628788794061716],[100.86767117316421,12.628528976668406],[100.86782234884676,12.628436399816946],[100.86796376972362,12.628345000184089],[100.86806655495843,12.628321697953469],[100.86825518410009,12.628314749272239],[100.86854692456502,12.628329624902165],[100.8687700831496,12.628400366969828],[100.86886869211665,12.628596264067243],[100.86887613376047,12.628826713259073],[100.86860022340746,12.629808217879809],[100.86858019816317,12.630139373386095],[100.86866836601165,12.630475473232071],[100.86887125141688,12.630848013627643],[100.86896691480811,12.631110609158613],[100.86899129328832,12.631295696901804],[100.86897504635807,12.631435940778308],[100.86888669615158,12.631863611765523],[100.86889433901801,12.632126822482739],[100.8688565235378,12.63238579997228],[100.86881163382475,12.632537535077445],[100.86884747211302,12.632722580588874],[100.86906613193463,12.632967320257103],[100.86952165773376,12.633274854328205],[100.87083183440593,12.633724372386945],[100.87182383049947,12.633919664081692],[100.87204327814361,12.63387854705433],[100.8721800682052,12.633782699045204],[100.87224420522152,12.633742709258888],[100.87235853021447,12.633724950043561],[100.8724617232844,12.633752473320547],[100.87255386707638,12.633846714597261],[100.87289946603414,12.634304139129457],[100.872941181101,12.63442587272757],[100.87288426204798,12.634903080215002],[100.87294253037057,12.635082301897254],[100.87308078558435,12.635187511084608],[100.87442185082763,12.635688770798764],[100.87464473722267,12.635721115813148],[100.87487326413937,12.63566867831916],[100.87623599405232,12.63542859313924],[100.87654321608285,12.635435464489889],[100.87678393942619,12.635551279021634],[100.87731834269711,12.63594635621191],[100.87779813917857,12.636498827223264],[100.87786603474606,12.636741286862144],[100.87785013636217,12.636923289439292],[100.87766868386129,12.637129077174491],[100.87756068210966,12.637228131237684],[100.87732517707978,12.637429745459846],[100.87713734294718,12.637546317305601],[100.87686019381741,12.637564077131938],[100.87660079719427,12.637648388299025],[100.87633046268425,12.637809597554334],[100.87616604852936,12.637979093619856],[100.87601979920784,12.638044541281099],[100.8759405453419,12.638058649363133],[100.87585767396031,12.638052457409712],[100.87570121348895,12.63797899544616],[100.87550587932199,12.63793064840257],[100.87529613527957,12.637963740831159],[100.87503183385498,12.638166704360248],[100.87496800496078,12.638326496784332],[100.87494693677243,12.638430565998538],[100.87492977266233,12.638522205705947],[100.87491933423873,12.638590065490291],[100.87486901959966,12.638633365242246],[100.87480758291908,12.638650716521409],[100.87472512386417,12.6387010172551],[100.87462414244645,12.638816976690421],[100.8744346859564,12.639264574129946],[100.87432947527034,12.639979396756585],[100.87429211343932,12.640377350925844],[100.87423202423167,12.640502056615123],[100.87409886516046,12.640620501105548],[100.87400221272414,12.64077708034783],[100.87397129900025,12.640958077287795],[100.87402314436856,12.641279693869233],[100.87457166466416,12.642978484944665]]],[[[100.8983013438172,12.647082333684068],[100.89821304840791,12.647276178553485],[100.89811386092583,12.647398909584219],[100.89804871689806,12.647460385080489],[100.89800049982519,12.647470872621968],[100.89796241215545,12.647454188095903],[100.89794464617405,12.64738652700661],[100.89795076819274,12.647281416630706],[100.89791513561866,12.647132547734998],[100.89783168572204,12.647048398348312],[100.89770720707143,12.647018779868272],[100.89753527671256,12.647026778988169],[100.89741215092479,12.647022029127273],[100.89733058120201,12.646962708888209],[100.89731917978446,12.646822699676134],[100.8975043270561,12.646572818457642],[100.89771220080611,12.646291157802857],[100.89777086348909,12.645980016727577],[100.89776968669605,12.64582075851153],[100.89770761939813,12.645670929846514],[100.89762556009359,12.645621793633481],[100.89745264787611,12.645573305162825],[100.89734038361841,12.645563960531778],[100.89720243113686,12.645501672916721],[100.89710299392311,12.645432298579715],[100.89699377315762,12.645365289089668],[100.89689102565202,12.645317449199313],[100.89682973899009,12.645278346509391],[100.8967172681199,12.645159381769224],[100.89667533206749,12.645009408965771],[100.89666539041225,12.644832108582801],[100.89675443411814,12.644663137721713],[100.89686471220075,12.644561802308655],[100.8970180106023,12.644522282275508],[100.89722105680598,12.644516320129238],[100.8974448900253,12.644522648664378],[100.89760153644794,12.644548633347565],[100.89777928429655,12.644624187447533],[100.89791852586055,12.644707938812914],[100.89806742880542,12.644849226284675],[100.89811947809129,12.644969767164682],[100.89812911701429,12.645100755306361],[100.89813349270804,12.645305232184143],[100.89817668999508,12.645467598003391],[100.89824629954815,12.645546179348461],[100.89834335442978,12.645604242103643],[100.89845970602201,12.645625995692507],[100.89855149138613,12.645664918641677],[100.89863884895426,12.645732081444828],[100.89872404068424,12.645817328673292],[100.89877730089913,12.645943488488712],[100.89880905185282,12.646112747755222],[100.89874080504407,12.64645331438307],[100.8983013438172,12.647082333684068]]],[[[100.89226891144425,12.645880205235287],[100.89213377428278,12.646041580217748],[100.89183962633292,12.646715910530647],[100.89163968830013,12.647144413178474],[100.89146491836668,12.647626974344993],[100.89135862071909,12.647721505013585],[100.89117126538849,12.647667451054854],[100.89020224370837,12.647318436405188],[100.88892327361077,12.646669963302241],[100.88832568284275,12.646136383195355],[100.88754950070805,12.645488853737653],[100.88715666114608,12.645108645797096],[100.88685036707525,12.644916486596866],[100.8864200354266,12.64483138457123],[100.88572822845322,12.644861159326833],[100.88517510519009,12.644981433737041],[100.88369670191292,12.645296949015968],[100.88317193666667,12.645433974496049],[100.8822449130227,12.645710562773539],[100.88185948366353,12.645713285258056],[100.88154936815944,12.645704184305904],[100.88087787478963,12.645919061529927],[100.88044720896769,12.64610284216921],[100.88035732982857,12.646164488899483],[100.88026159636875,12.646209258172467],[100.88012592650632,12.646221506699174],[100.88001236508138,12.646189544301576],[100.87979168225374,12.646140232883782],[100.87951456995488,12.6460868403652],[100.87902735338919,12.646090276335483],[100.87880054315298,12.646069292373436],[100.87849636730959,12.646011535630615],[100.8782356627394,12.645912820681726],[100.8779595826048,12.645763383877025],[100.87779933483621,12.645564520631146],[100.87770583548652,12.64520817622606],[100.87777129482294,12.644874404529649],[100.87795079797965,12.644561303564043],[100.87819840151973,12.644358454681482],[100.87838940131545,12.64428254638511],[100.87863854905949,12.644290970707393],[100.87998294435751,12.644605727766004],[100.88089465172587,12.644672746220611],[100.8812505561566,12.644648760910339],[100.88153363506558,12.644580122625339],[100.88203075376065,12.644353999284673],[100.88273024941454,12.643881322704834],[100.88441893302831,12.642588168571237],[100.88461675373198,12.642502064766434],[100.88478327623282,12.642461310252678],[100.88512514718221,12.642405802760992],[100.88544921981084,12.642354937391113],[100.88596129006551,12.642210075777466],[100.88650734718061,12.641996075476236],[100.88666489461346,12.64198592692979],[100.88677803922015,12.642038214992603],[100.88681441470095,12.642135103860271],[100.88686504285202,12.642294049698064],[100.88700139812902,12.64245238975095],[100.88722716452284,12.642485850615261],[100.88801811585917,12.642250897824601],[100.88870535489926,12.642067509731655],[100.88928134028639,12.641930111670217],[100.88962075883504,12.641777433728024],[100.88978884081124,12.641712972251755],[100.88992797098413,12.641705210507252],[100.89005984905772,12.641721194178499],[100.89021985787444,12.641738163077399],[100.89039399000404,12.641712049257178],[100.89059444816142,12.641595416201264],[100.89087552382726,12.641486059240986],[100.89098933408556,12.641551927618979],[100.89103528650561,12.641618241261472],[100.89117673253529,12.641843217883249],[100.89134774840919,12.642023893255333],[100.89152297289019,12.642151448637653],[100.89170523387482,12.642215682980373],[100.89183529555494,12.642220424165288],[100.8919763759703,12.642242005364706],[100.89210717337062,12.642351809911201],[100.89222142919327,12.642473022519457],[100.89230810943167,12.642766137554624],[100.89230464732459,12.643463281251075],[100.89248287217862,12.643839379835418],[100.89247996612868,12.644228054310277],[100.89239505736803,12.644569849714561],[100.89232856856225,12.644838100523643],[100.8923090921886,12.645239296405057],[100.89232756783906,12.645408649926541],[100.89249305727732,12.645616500301182],[100.8928501870101,12.645754053277326],[100.89292925851804,12.645791919995466],[100.89294903672564,12.645902474196575],[100.89290797653062,12.645947969276934],[100.89283624515687,12.645969951609166],[100.89272215372591,12.645948178766076],[100.89244942790059,12.645860856849438],[100.89226891144425,12.645880205235287]]],[[[100.82382707124442,12.676294042556371],[100.82388275241898,12.676838268516958],[100.82403437186929,12.677289168195053],[100.82402223203651,12.677681324526501],[100.82388699067049,12.678085580889647],[100.82366777928328,12.678246431557556],[100.82346247202005,12.678337065741125],[100.82334381355419,12.678401152498603],[100.82323930624895,12.67850923598275],[100.82318083850038,12.67862259366381],[100.82310495960499,12.678875091991785],[100.8229441081685,12.679230950276581],[100.8226723992361,12.679538992997598],[100.8225398393412,12.679663078326353],[100.82241419018578,12.67971477234903],[100.8222957895364,12.679730282131308],[100.82213098281773,12.679699757736053],[100.82197928072242,12.679560702500769],[100.82187665987934,12.679292508369427],[100.821795666875,12.678905505181795],[100.82176841378589,12.678227801656174],[100.82169687914319,12.677876905101003],[100.82155862842097,12.67769370037473],[100.82147023509535,12.677559838555167],[100.82148271628787,12.677368825614961],[100.82217469663608,12.676217257703442],[100.8223956902808,12.676063208526406],[100.82261761547851,12.676040213893259],[100.82284051624659,12.676074857024654],[100.82292896796272,12.676052777375082],[100.82298047197121,12.676015141265793],[100.82300999869626,12.675957331707266],[100.82313875781921,12.675214137529455],[100.82307695821926,12.675017968583086],[100.82297920714331,12.674867215788456],[100.82289903250418,12.674674578566899],[100.82293652189591,12.674442705381592],[100.82309729967054,12.674235977533714],[100.82308838748459,12.674117379498169],[100.8230515951855,12.673959470142169],[100.82307580208749,12.673720874979196],[100.82315889894619,12.673592650013184],[100.82326460011242,12.673493629346833],[100.82336172057106,12.673396925920757],[100.82347651448458,12.673277516797256],[100.82350177780532,12.673107852239305],[100.82346952828662,12.672941988648631],[100.82342939245804,12.672796503730437],[100.82343658077694,12.672677833157444],[100.82352087149668,12.672558634040625],[100.82361765059549,12.672493549309843],[100.82362923167614,12.67242001662915],[100.82364013632537,12.672336343599445],[100.82370829240429,12.672291819930752],[100.82378056366554,12.672343303352568],[100.82377538667457,12.672421272557003],[100.82374257391218,12.67249946873353],[100.82370402899996,12.672662448275485],[100.82373788021481,12.672974023943716],[100.82379440760236,12.673234648868817],[100.8238878359852,12.673350371750599],[100.82403382749021,12.673408124932763],[100.8241668329495,12.673426427402173],[100.82443758517613,12.673392953067195],[100.82478723463754,12.673287704414781],[100.82510962561996,12.673235806632514],[100.82537146655896,12.673327788794406],[100.82543898034245,12.673515994057512],[100.82539014522868,12.673769418573062],[100.82529542776345,12.673959885568703],[100.82523889498599,12.674095850951423],[100.82525311262198,12.674239254491656],[100.82525865163402,12.674450507322149],[100.8251779290226,12.674588897511285],[100.82502357689721,12.674728904628699],[100.82464180457958,12.675247884192622],[100.82450983038623,12.675379850649117],[100.8243005507728,12.675399354551862],[100.82407282335672,12.675412245847221],[100.82394001822172,12.675506898557412],[100.82386650189549,12.675609105110199],[100.82382707124442,12.676294042556371]]],[[[100.77558827710574,12.720265501150983],[100.77539966413373,12.720367358486092],[100.77521941178206,12.720516587645125],[100.77503891508867,12.720625128163721],[100.77478666007207,12.720681019936295],[100.77443158119307,12.720598688574958],[100.77409132361798,12.720407739510314],[100.77380114801826,12.720135112486178],[100.77357346192467,12.719753625362404],[100.77351109458942,12.719385692697415],[100.77359798323697,12.718972703341899],[100.77374559350612,12.718603364878762],[100.77406000475389,12.71821713831172],[100.77446752817748,12.717820070745399],[100.77464762152732,12.717648259227404],[100.7747252440527,12.717470321538386],[100.7747160974065,12.717315623491007],[100.7746356820189,12.717091279608843],[100.77456246303504,12.716735896670933],[100.77461508993763,12.71636378853405],[100.77472190321818,12.715914529305669],[100.77486959613236,12.715557631378308],[100.77496178034851,12.71523949804951],[100.77488906711615,12.714962046778746],[100.7746744793577,12.714722828477669],[100.77449934291158,12.714446064528246],[100.77453579654581,12.714058254316873],[100.77474602747512,12.713670430368939],[100.77498816476668,12.71332082266316],[100.77521550321229,12.713164503576094],[100.77543494816146,12.713022899099935],[100.77564696943313,12.712898338446392],[100.77588258944732,12.712772472054331],[100.77603209156848,12.712670913117423],[100.77623559321803,12.712476360025029],[100.77625822627159,12.712336073112962],[100.77621749575829,12.712189473290303],[100.7761299989513,12.712020564636909],[100.77599416379887,12.711766121410115],[100.77587490346174,12.711666400542692],[100.77575687291825,12.711651344877302],[100.77552024319769,12.71163711994099],[100.77526767556736,12.711646696995778],[100.7750622443366,12.711563361972981],[100.77477702474233,12.711340425602188],[100.77462506572887,12.711001341677141],[100.77457548321678,12.71066046175906],[100.77469668032164,12.709963640403634],[100.77483550596564,12.709568370377712],[100.77499042582629,12.709171882547796],[100.7751067998764,12.708861510558767],[100.77520540704683,12.708311750858135],[100.7753134806637,12.707963003324096],[100.77555575449918,12.707720727116596],[100.7757916826355,12.707634399955584],[100.77596399747331,12.707424209600401],[100.77598566573629,12.707144979640793],[100.77592074179577,12.70691379328043],[100.77561090117617,12.706544148972917],[100.77495307657169,12.706029958341336],[100.77417742444301,12.705540249256465],[100.77333830993274,12.705105202322164],[100.77269070725789,12.704900492137286],[100.7720671533815,12.704764560739799],[100.77135763163076,12.704761412117849],[100.77078249604989,12.704804756712138],[100.76997943901682,12.704925370004327],[100.76963316901751,12.705028273683824],[100.76941297936497,12.705138185251849],[100.76926403330096,12.705232960981467],[100.76917828641216,12.705403028259649],[100.76910134840303,12.70567470451952],[100.76903496020856,12.706310144710505],[100.76901283739808,12.706519292295914],[100.76897535249789,12.706759087050605],[100.76892864459467,12.706914195508425],[100.76886673899354,12.707031011610018],[100.76882772516072,12.707131792006793],[100.76879688420041,12.70724725235273],[100.76879790827984,12.707395267642573],[100.76882298654759,12.707526165851448],[100.76886396948748,12.707710049267188],[100.7689287739521,12.708093814485821],[100.76895744009114,12.708492444819402],[100.76894898065611,12.708686839722457],[100.76890165201702,12.70883402869231],[100.76873866079357,12.709144710050992],[100.76861565807496,12.709331982720952],[100.7684929437156,12.709561017305735],[100.76834627398252,12.709903243824957],[100.7682316211045,12.710131114164771],[100.76807592689609,12.710335523945444],[100.76787080738072,12.710629529214165],[100.76766630410967,12.711012794037059],[100.76757791617392,12.711379476088547],[100.76754820259926,12.711827070489166],[100.76750120004866,12.712266932547807],[100.76750287989823,12.71250983535155],[100.76750541224902,12.712875910599514],[100.76732582105743,12.713202511870774],[100.76706275751131,12.713521745744035],[100.76673266078038,12.713718283709401],[100.76641938859639,12.713850324847153],[100.76610506807847,12.713917951629101],[100.76581492302148,12.713904075583059],[100.7655084798303,12.713856392277837],[100.76527569759412,12.713727988624052],[100.76509975356258,12.713502054609108],[100.76502323686327,12.713169274110733],[100.7649635474059,12.712941418764576],[100.76485396192442,12.712658544228807],[100.76477806236772,12.712414986975112],[100.76470963320095,12.712090039137838],[100.76468219146565,12.711780626754203],[100.76463043952214,12.711456714765982],[100.76457848994926,12.711098890459654],[100.76451028715798,12.710806706686252],[100.76440927340089,12.71059608343408],[100.7642908035812,12.710271467140993],[100.76421311098724,12.709768050322745],[100.76415319515444,12.709091650589869],[100.76413035638663,12.708448916829346],[100.76403118417589,12.707668814449397],[100.76396849434549,12.706759662789118],[100.76393563756565,12.705998332942322],[100.76390135156619,12.705117278887679],[100.76392849595912,12.703629028247814],[100.76407647274097,12.702393071246863],[100.7643009284928,12.702065064467982],[100.76462531822672,12.701622247283929],[100.76525695065244,12.700929956330716],[100.76573948969045,12.70039341477905],[100.76609223115308,12.699977547325952],[100.76642641791349,12.699627297703417],[100.76699318748413,12.699127514140716],[100.7673832072344,12.698693329067893],[100.76768978427455,12.698424640687017],[100.76810867228482,12.698091893024332],[100.76845680808496,12.697845549054144],[100.7687328388122,12.697571398389448],[100.76906470612258,12.697295765526576],[100.76938605146601,12.696921865707621],[100.76968983654224,12.696664486492875],[100.77007208945859,12.696275520406036],[100.77031744092227,12.695895388226305],[100.7704343988773,12.695500266335404],[100.77050130629797,12.695272715017197],[100.77055970307967,12.695063289138252],[100.77068581127419,12.694742708782206],[100.77093054918852,12.69435580532981],[100.77123631774492,12.694058833169416],[100.77148269688125,12.693822198854701],[100.7718559648481,12.693383566835342],[100.77223815667901,12.692986674297261],[100.77262812702193,12.692547967222652],[100.77314615759853,12.691989705679999],[100.77375657271556,12.691229749569743],[100.77467142149249,12.689981894271394],[100.77510114408335,12.689055906423572],[100.77534320591644,12.688197853810154],[100.77533971236831,12.687693944579614],[100.77534378802473,12.687123342569819],[100.77534046785146,12.686644313496231],[100.7753951312348,12.6858970656734],[100.77551908437096,12.68526690554858],[100.77571164633699,12.684661130305031],[100.77585321363922,12.684080575318884],[100.77597809653172,12.683584843458508],[100.77611118463601,12.683113936296667],[100.77619488426429,12.682818481205619],[100.77639602334459,12.682204725782604],[100.77656295098564,12.681633034371766],[100.77660243463731,12.681187595360193],[100.77648071830619,12.680894625266667],[100.77641026254018,12.680609234857657],[100.77650231470395,12.680273072208385],[100.7768143921286,12.679725255058406],[100.77730736509865,12.679293703791171],[100.77780984943091,12.67898867387092],[100.77826048480162,12.678591355736938],[100.77852263116785,12.678228026894201],[100.77884091145951,12.677580720015035],[100.77891716585071,12.677126002306981],[100.77892137086457,12.676487608433382],[100.77871135014104,12.675825769579943],[100.77852133669552,12.675558135931455],[100.77832336776981,12.675383189818353],[100.77810945823944,12.675317977851391],[100.77780138101274,12.675278200532821],[100.77706557006522,12.675207443410903],[100.77656094684423,12.675202892146412],[100.77634708312792,12.67514445313174],[100.77619176621194,12.674986177190808],[100.77613029988693,12.674751560203889],[100.77612007436404,12.674516601195082],[100.77612617392484,12.674156132455316],[100.77619220369145,12.673803187338297],[100.77648842495303,12.673372990638359],[100.77702430146105,12.672990878580947],[100.77766197056549,12.672432998347807],[100.77827476531968,12.671692201456663],[100.77849899828932,12.671506545274385],[100.77905665445142,12.671357052470333],[100.78003065818811,12.671266936406855],[100.7806631583864,12.671296578364643],[100.78121892089986,12.671292857015606],[100.78155324869577,12.671383288586915],[100.78184484273531,12.671531614839818],[100.78206066657559,12.671791149202564],[100.78207083280968,12.672092750368243],[100.78206515815201,12.67243740505045],[100.78228921774682,12.672720654728675],[100.78287279659304,12.673078278853753],[100.78330216255276,12.673344304230097],[100.78367077275487,12.673484225264946],[100.78410698297874,12.673498218328287],[100.78451707468572,12.673394910133595],[100.78493577943964,12.673375143148649],[100.78526073062062,12.673439641323252],[100.78555331101037,12.673647823811873],[100.78577708314427,12.673889270938346],[100.78599686136842,12.674136371664398],[100.78627623203187,12.674348011084021],[100.78666614847592,12.674487784328177],[100.78715792039841,12.674547715169249],[100.78768072372408,12.674683187687567],[100.78801253893215,12.67490469168173],[100.78838182736231,12.675303284626327],[100.78857145902383,12.675520079066574],[100.78871825541938,12.675780108050153],[100.78877961484486,12.675997763605746],[100.78877293137913,12.676190997544868],[100.78880897089002,12.676492461162919],[100.78894755578553,12.676726517391929],[100.78938582135477,12.677034308104711],[100.7901675514847,12.677583806747959],[100.79079644943869,12.678250697933619],[100.79101371148174,12.678794961781227],[100.79107671751912,12.679247631847263],[100.79089306594244,12.679887230873536],[100.79035127672321,12.680662600867487],[100.78998858013064,12.681371194583029],[100.78976125875303,12.682021268261138],[100.78998181491822,12.682626525700604],[100.79042941218664,12.683361316406803],[100.79114782546206,12.684478437013858],[100.79182360559241,12.685424091008057],[100.79260102201235,12.686177014813786],[100.7932318738021,12.686617891405644],[100.7937684788438,12.68683574277093],[100.79418000246537,12.686773097157689],[100.79461119020844,12.686637973737206],[100.79479686479115,12.686616393665906],[100.79489956109276,12.686656351501133],[100.79493141535274,12.686768021146381],[100.79490112146642,12.686878926536819],[100.79479977084112,12.687031036747483],[100.79454455946892,12.687396554497045],[100.79440464147351,12.687953407259426],[100.79451102356269,12.688438510670121],[100.79476153315271,12.688962219257863],[100.79504219559357,12.689354659958127],[100.79567361781351,12.689794414546231],[100.79625246253819,12.690124933934037],[100.79674718362978,12.69027301265017],[100.79722049157994,12.690239303033342],[100.79769358662938,12.690175086923928],[100.79813575448023,12.69005117498264],[100.79842395109137,12.690039079297819],[100.79874282966101,12.690057245610507],[100.79909239378246,12.690181423965766],[100.79933294734421,12.690349287597947],[100.79945392526015,12.690538287416576],[100.79946928106159,12.690753992702424],[100.79949721956527,12.690962799907249],[100.79965160582663,12.691151573167183],[100.80002565442946,12.691325306068782],[100.80037923941013,12.691447197363452],[100.80061171082923,12.69136650147165],[100.80073057680596,12.691254995972388],[100.80098971920584,12.691122176274606],[100.80112258901953,12.691114499289226],[100.80121594284216,12.691134192158458],[100.80145649909883,12.691302053409308],[100.80161719063518,12.69140603527562],[100.80165847181574,12.691549258174623],[100.80165253395172,12.691685988872001],[100.80164081722548,12.691901877221582],[100.80174800330686,12.692006222534257],[100.80193479269882,12.6920569360269],[100.80236698116516,12.691988471757819],[100.80261991620645,12.691953989414049],[100.80280022605028,12.692064612107487],[100.80282830379279,12.692292671081354],[100.80275711320486,12.692560906726008],[100.80281958025309,12.692933345049555],[100.80299673162038,12.693494822515394],[100.80334721202341,12.694079966543299],[100.80384278741282,12.694508216919033],[100.80426959946219,12.69465559462809],[100.80462283140497,12.694646418304158],[100.80488830153773,12.694592634575557],[100.80522167711946,12.694623132646722],[100.80543545998741,12.694752742178501],[100.80566334371036,12.694999766566877],[100.8058256585024,12.695413323329658],[100.8059700186669,12.695729815533335],[100.80605932917243,12.696154050320695],[100.80611699652211,12.69650275008307],[100.80618330656311,12.696927141323746],[100.80615533033021,12.697445952939548],[100.8059919007289,12.697772462745585],[100.80580497658963,12.698029083677408],[100.805720498122,12.698369755317705],[100.80570004797454,12.698811655379034],[100.80566356289928,12.699268363068006],[100.80546987444592,12.699710332551009],[100.80525886916882,12.699975003317677],[100.8050400844814,12.700286079341643],[100.8043142969358,12.701320336709678],[100.80380723838209,12.702035593472475],[100.80352703677698,12.702525614272583],[100.80336458184776,12.702991064541246],[100.80330411085608,12.703308987116328],[100.8032990919686,12.703741749041601],[100.80346918886598,12.704359771897449],[100.80366230509249,12.704985521520248],[100.80397338089557,12.705439866953576],[100.80447457255217,12.70609402848357],[100.80479257526444,12.706471501570382],[100.80493632008292,12.706780113334741],[100.8049935822924,12.707065579540352],[100.80492460425501,12.707321398903911],[100.80484745334512,12.707562574844944],[100.80453420182241,12.707858485792784],[100.80423674717395,12.708185906730133],[100.80398818962304,12.708682451173757],[100.8039122155062,12.709085225512426],[100.80387622270773,12.709611977919677],[100.80394621314646,12.710562814662422],[100.80401203989382,12.710918309642381],[100.80416535087178,12.711443774471876],[100.80420799479664,12.71193948444744],[100.80407728543125,12.712334708721553],[100.80394526183055,12.712629350494632],[100.80371827462625,12.712917899060399],[100.80344565031055,12.713344558774047],[100.80321184848653,12.713725784754077],[100.80316620418861,12.713943052066918],[100.80316701716394,12.714058263079798],[100.80324730588909,12.714266750574961],[100.80327179037047,12.714390870660816],[100.80322614517426,12.714608100600575],[100.80309396077517,12.714880194643884],[100.80285251877962,12.715322488362441],[100.80283938091857,12.715662636460372],[100.80293617798371,12.716003222243847],[100.80294577109261,12.716218965506867],[100.80288393017017,12.716428382714652],[100.80284593412856,12.716591357770804],[100.80287788540659,12.716715427648678],[100.80299802609271,12.716938304971647],[100.80316635061399,12.717308874398769],[100.80319143337336,12.717517736900387],[100.80316957287093,12.717765311368163],[100.80298201811432,12.718015198961657],[100.80263640388519,12.718210737124545],[100.80179421264509,12.718409651420959],[100.80081029330427,12.718586979441501],[100.79958870309547,12.718603162459598],[100.79834973407921,12.718433045309226],[100.79710986225609,12.718139788651069],[100.79554549469782,12.717608072297638],[100.7936259162082,12.71704935317754],[100.79254409397618,12.716808095111482],[100.79158247710892,12.716799898391789],[100.79113330868707,12.716841364817522],[100.79088924450923,12.716913061996344],[100.79075615640492,12.717052947673093],[100.79075707538145,12.717184003892536],[100.79083741171731,12.71740038232973],[100.79085545258319,12.717671420096288],[100.79072291065458,12.71788927376666],[100.7905660657043,12.718013473575295],[100.79026765524839,12.718208715558658],[100.78994557059147,12.71831933295814],[100.78923743404286,12.718518450464927],[100.78743272941688,12.718584866746157],[100.78680171503204,12.718541656820639],[100.78642206723006,12.718397344151061],[100.78619112384523,12.718042993541191],[100.78582595958054,12.717666961600715],[100.7853501309577,12.717266794654757],[100.78487613220311,12.717123113933571],[100.78426058501086,12.716988272157465],[100.78348674568238,12.716846606721473],[100.78220158709082,12.716816820227461],[100.7809252804981,12.716910145738987],[100.77989392112713,12.717133994683843],[100.77952462461216,12.717321777590369],[100.77922699030066,12.717548620411041],[100.77880401046427,12.717961608578211],[100.77806366212624,12.719158592141932],[100.77739820094355,12.719866988315919],[100.7768955638977,12.720079358167508],[100.77638406047994,12.720253392883837],[100.77606854969429,12.720231775358133],[100.77581652284974,12.720233463926165],[100.77558827710574,12.720265501150983]]],[[[100.79953082194679,12.726636876536523],[100.79954968027953,12.726701170179094],[100.79947906910495,12.726886950797292],[100.79925314909921,12.727168678246231],[100.79914488054791,12.72731969094186],[100.79906438341361,12.727574440159275],[100.799094258685,12.727896266279954],[100.79867773144731,12.728809757615142],[100.79817768065116,12.729468467056675],[100.79801947744816,12.72963562827689],[100.79783731707484,12.729758893527329],[100.79764737729116,12.729832489361931],[100.79743563090396,12.729840701432902],[100.7973181177901,12.72982006260194],[100.7972370160896,12.729748270055204],[100.79716286106121,12.729591719244791],[100.79715485527541,12.72944038544694],[100.79718941705764,12.729196092485504],[100.79735289067641,12.728631192479234],[100.7975859307291,12.72780706226791],[100.79767080804872,12.727440437243169],[100.79781515833174,12.727180700311518],[100.79787999333905,12.726993848261442],[100.79792217193656,12.726770977140326],[100.79795720443605,12.726518758591038],[100.79805039656192,12.726267292487137],[100.79829712424458,12.726000123772424],[100.79889911046931,12.72535201583765],[100.79897239592849,12.725299537212539],[100.79905680073431,12.725272973683259],[100.79912827878312,12.725290555646808],[100.79917355477176,12.725346746069382],[100.79918281191078,12.72543483548049],[100.79917034688789,12.725544508638539],[100.79901745721979,12.725978276283065],[100.79893375938812,12.726185619247445],[100.79892678756322,12.726421801942594],[100.79896332384243,12.726543582641566],[100.79901254702845,12.726587306437194],[100.79905767120179,12.726622024171769],[100.79914692421517,12.726630451026843],[100.79929811157581,12.726607950788646],[100.79946720146172,12.726594399647258],[100.79953082194679,12.726636876536523]]],[[[100.84924035044503,12.760743086301444],[100.84942076269681,12.76093615323777],[100.84946738436173,12.76117536121876],[100.84940033680387,12.761374677228698],[100.84922032430239,12.761709249199383],[100.84889549708892,12.762073045568162],[100.8486262073196,12.762158563055202],[100.84830408493345,12.76218340113601],[100.84795760113509,12.762266051913127],[100.84767652996079,12.762552719892609],[100.84740299295675,12.762926336355553],[100.8471564817681,12.763219574480425],[100.84690277148069,12.76347217439865],[100.84666909182754,12.763548372145575],[100.84640690593544,12.763584116881701],[100.84594486824884,12.763284539583026],[100.8453669254327,12.762954154045328],[100.84484705600474,12.762694520110761],[100.84418168195863,12.762525160614555],[100.84372677420042,12.762417637697954],[100.84326322105593,12.762298846926571],[100.84287615855958,12.762179521664514],[100.8418659203776,12.761915414323603],[100.83921354388991,12.761479664206217],[100.83905680224586,12.76137231607037],[100.83897937734983,12.761248570315761],[100.83892282570775,12.761069330648173],[100.8389620290851,12.760919894947456],[100.83904717050939,12.760754366445672],[100.83920644180927,12.760496766376185],[100.83947921165202,12.760093765308076],[100.84013880144603,12.759855301891744],[100.84151319328802,12.759858165963321],[100.84186467441428,12.759835390942412],[100.84214722152061,12.759752046351451],[100.84236721983201,12.759614937045042],[100.84280735030376,12.759354264970927],[100.84304806466393,12.759291573299654],[100.84333531804403,12.759300898856509],[100.84430923464413,12.759478252588385],[100.84493633237429,12.759764241220713],[100.84562220328023,12.76005659286281],[100.84645277930372,12.76046544039693],[100.84712666937874,12.760696858293951],[100.84738595640739,12.760740250275985],[100.84757525030238,12.760733262281102],[100.84773195870876,12.76067455996216],[100.84808495169965,12.760465321243441],[100.84853924680684,12.760649698077776],[100.84891657246382,12.760617699251044],[100.84924035044503,12.760743086301444]]],[[[100.70272220628385,12.792608445148767],[100.70277662352882,12.792734645036363],[100.70277789644157,12.792924462913032],[100.70275827903238,12.793177655102866],[100.70278043418223,12.793302952410544],[100.70283460079726,12.793397497168916],[100.70293164400077,12.79345000109239],[100.70296492119213,12.793607956060137],[100.70293340919029,12.793713236248719],[100.70277232778513,12.793725569641072],[100.70264338450755,12.793641689596022],[100.70243804131171,12.793494989679528],[100.70224463043776,12.793496238875724],[100.70205100666313,12.793465833298589],[100.70200785608844,12.793382509436423],[100.70201730636525,12.793244605436314],[100.70211322038644,12.793128727017736],[100.70223150605148,12.79308616230038],[100.70231693493669,12.793032516852703],[100.70236954836454,12.792895444876731],[100.70238980178094,12.7927371434363],[100.70251781799715,12.79259843577562],[100.70272220628385,12.792608445148767]]],[[[100.70359878772798,12.793962038824304],[100.70381619529809,12.794101882799019],[100.7039143083951,12.794313661251756],[100.70396368968458,12.794549486016061],[100.70415765032747,12.794714362526042],[100.70463885985887,12.794711250938763],[100.70483252854928,12.794922410417518],[100.70466653156289,12.795230826789183],[100.70421253918796,12.795776102717879],[100.70383141545393,12.796369520034187],[100.70371460122935,12.796890030667809],[100.70379091490938,12.79745675801288],[100.70393777418695,12.797809469692337],[100.70430110499012,12.798161892675264],[100.70468825641971,12.798465621130847],[100.70497995556215,12.798959754729454],[100.70493505686593,12.799386016252997],[100.70486457684537,12.799693778932523],[100.70486727179123,12.800094887756227],[100.70487124144645,12.800685815862316],[100.70458635602544,12.801206302696368],[100.70427669057734,12.801728060387163],[100.70377477577699,12.802251061771232],[100.70324741080628,12.80258551214496],[100.70257643217113,12.802967243168004],[100.70187944461352,12.803161574280022],[100.70123255609931,12.803614346338863],[100.70063177182044,12.803735705318079],[100.7001740981495,12.803644913624675],[100.69993158356553,12.803362867530517],[100.69947298103655,12.803223429013585],[100.69906331692765,12.803084859392566],[100.69898776681562,12.802636751865222],[100.69903327816287,12.802210486200698],[100.69902948817069,12.801644437039158],[100.69895381768441,12.801172598203745],[100.69887993843879,12.8008894639943],[100.69861388260449,12.800702499951806],[100.69849167848817,12.800419677067023],[100.69853703981677,12.799970827218383],[100.69850906178723,12.799403785784632],[100.69874492973646,12.79869379281585],[100.69896072213568,12.798597506809459],[100.69936825903397,12.798335001199476],[100.69958266623108,12.798026274139627],[100.70018292319885,12.797833722604427],[100.70052009865424,12.797807814053897],[100.70083186077021,12.797688284813008],[100.70119122730806,12.797449820965609],[100.7013807134425,12.796952574601351],[100.70163837452051,12.795887667343743],[100.70170813409221,12.795556140083399],[100.70177905698222,12.795319537489105],[100.70197054995302,12.795200784088502],[100.70235373801553,12.794914698032388],[100.70254455545326,12.794701054182893],[100.70268650004792,12.794321595286142],[100.70287729233281,12.794014166820958],[100.70321369972861,12.7939645275759],[100.70359878772798,12.793962038824304]]],[[[100.6727041952762,12.86777665255458],[100.67310234208483,12.867813654974517],[100.67351169447835,12.867890127675979],[100.67387311546322,12.868295727207952],[100.67376466185898,12.868961948082005],[100.67392687244646,12.869629808339941],[100.67413235488117,12.870221714169938],[100.67433938331651,12.871052014648656],[100.67462976013883,12.872198124595116],[100.67467531191025,12.872988801927013],[100.6748409926897,12.873661157115977],[100.67524938747908,12.874370392854484],[100.67531844277163,12.875056952183563],[100.67520880518781,12.875544644927652],[100.67530242850505,12.876032186097889],[100.67577989296004,12.876560183935419],[100.67592005619548,12.877202192764328],[100.67567507034616,12.877772132530909],[100.67543584808767,12.878170275089866],[100.67540079941857,12.878961430990337],[100.67536575883425,12.879753733329339],[100.67512678990072,12.880190270094181],[100.67492703871748,12.880548580606229],[100.67476845103555,12.880945096939728],[100.67437012097059,12.882008636897782],[100.6741363577741,12.882968303542768],[100.67397746735989,12.883325243112139],[100.67361465129136,12.88340664740746],[100.67336990080064,12.882973202222262],[100.67324526494484,12.8824982619275],[100.67316229474856,12.882142907082246],[100.67311932832853,12.881747678181876],[100.67299604713219,12.881391432552654],[100.67287408556103,12.881234002979054],[100.67266990568345,12.880839841010994],[100.67266517515517,12.88012691406241],[100.67277978221914,12.87917589385966],[100.67301823012981,12.878660276297325],[100.67313471018116,12.877986082370464],[100.67345511678512,12.877588570038174],[100.6735728760374,12.877113265744908],[100.67348963904148,12.876717183837494],[100.6732042900898,12.876323541075877],[100.67316158777444,12.875967890235646],[100.67315685814447,12.875254925782523],[100.67339170111592,12.87410546173953],[100.67332018893113,12.873485560806662],[100.67318249516435,12.873037879117781],[100.67293801955812,12.872643974862763],[100.67281422722037,12.872209718517894],[100.67268672034895,12.871220737200188],[100.67272124799523,12.870349350758561],[100.67246031525296,12.869812039392437],[100.67209707517962,12.869570287172339],[100.67178623383678,12.869325940747343],[100.67154075571068,12.868773867263927],[100.6715368192931,12.868179563704949],[100.67181578840963,12.86770319592147],[100.67237960521794,12.867541428011922],[100.6727041952762,12.86777665255458]]],[[[100.68092647507171,12.899652043355461],[100.68123885792357,12.899860189124578],[100.68145530519463,12.900277995003822],[100.68163598424606,12.901115227227915],[100.68163929094463,12.90161011862318],[100.68164311776773,12.902182944090116],[100.68149067635896,12.902640405291523],[100.68079351362989,12.903026799350201],[100.68034742463284,12.903143776790849],[100.68005687982556,12.903279007589644],[100.67982444074579,12.903394612798524],[100.67969070046459,12.9037197729036],[100.67971219535271,12.904005467996429],[100.67950359666227,12.904769522181548],[100.67925271516972,12.905057004977373],[100.67896334985039,12.905363911412838],[100.67888751137917,12.905650268349657],[100.67869585850826,12.906013086019408],[100.67844443173834,12.906224854192949],[100.67817274706042,12.906245813934042],[100.67788032746915,12.906095147532309],[100.67772228686121,12.905714247494325],[100.67772050909528,12.9054476053016],[100.6776406012558,12.905123852821148],[100.67754225729176,12.904973050897125],[100.67746170805515,12.90455322228174],[100.67742111049253,12.904249545043024],[100.67739952756953,12.903944633674195],[100.677398127096,12.903734488738541],[100.6775323443826,12.903486152997344],[100.6777249782138,12.903179830055027],[100.6781712351958,12.903082071880723],[100.67852053431425,12.903041397891233],[100.67900433728187,12.902789706911365],[100.67950671561293,12.902386499428463],[100.67967938169203,12.902023805215769],[100.67967645587916,12.901585447542624],[100.67963542712519,12.901222977207523],[100.67961269615523,12.900746315001713],[100.67964859732557,12.900346103297627],[100.67976399400864,12.900117102756996],[100.67999566143557,12.899886245642959],[100.68040146278875,12.899597768301502],[100.68092647507171,12.899652043355461]]],[[[100.67800673749761,12.90984789406334],[100.67812556305014,12.909962391217819],[100.67818030907848,12.910140573878911],[100.67822466878556,12.910402425877249],[100.67822600368204,12.910602426569733],[100.67812000697009,12.910770311658014],[100.67801458428163,12.911024092552172],[100.67799409730326,12.911149663805437],[100.67801689115527,12.91136985355633],[100.67810386963434,12.911547792672172],[100.67815910704115,12.911799430179894],[100.67815988318556,12.911915794097688],[100.67817159003036,12.912114580872576],[100.67806587988098,12.912325413114951],[100.67782086348892,12.912463720181156],[100.67757394716004,12.912402029829639],[100.67736975470608,12.912266643730606],[100.67726040458315,12.911931750176951],[100.67727001565837,12.911731679624408],[100.67732210177518,12.911511009486519],[100.67738491557311,12.911342253670595],[100.67733999891058,12.91099680259223],[100.67735974028726,12.910765047519709],[100.67743399502866,12.910670785977148],[100.67759347204272,12.910491228116779],[100.67762492655241,12.910374656892618],[100.67767726240085,12.910185604610714],[100.67772962789371,12.910006770529533],[100.67789944541501,12.909827146521527],[100.67800673749761,12.90984789406334]]],[[[100.80625925642545,12.925426702303549],[100.80658932980018,12.925674099536353],[100.80668418470765,12.92621012471975],[100.80665070539534,12.926603536636696],[100.80672650074743,12.927050430794973],[100.80687535608159,12.927406447660012],[100.80675173711869,12.927998184421494],[100.8064992072176,12.928356979785439],[100.80608224609364,12.928681850871056],[100.80570069026999,12.928881081334747],[100.80542777669677,12.928972230459943],[100.80526504867969,12.929169946006507],[100.80513984508863,12.929457812228719],[100.8051057046163,12.929833126027811],[100.80487116886863,12.930138704480136],[100.80443376837701,12.930177862881251],[100.80403174533792,12.930019074541702],[100.80390147794363,12.929681031839205],[100.80391629206096,12.929179271389932],[100.80441847366099,12.928049346875127],[100.80520860753039,12.926363832036264],[100.805531187159,12.925574090358925],[100.80591251660722,12.925338691620723],[100.80625925642545,12.925426702303549]]],[[[100.78882013964395,12.924351371960986],[100.78888724738891,12.924716995776578],[100.78893755753643,12.924907578915338],[100.78893868402379,12.92506576987574],[100.78887713325713,12.925559930910959],[100.78883191745562,12.926005405916932],[100.78883282655069,12.926133054327028],[100.78888212160192,12.926260409362341],[100.78894809028313,12.926386501788931],[100.78907936379053,12.92662510317513],[100.78916250825999,12.926894579682596],[100.78919625077866,12.927101121522529],[100.78918145732256,12.927292151121437],[100.78918315603678,12.927530566901661],[100.78924973377575,12.927736847302784],[100.78936508913633,12.927923615137496],[100.7894405233657,12.928164895095199],[100.78941805290717,12.928406846361407],[100.78936957262792,12.9285529009566],[100.78944896752935,12.929350053411458],[100.7892566427186,12.930004420667032],[100.78908596281462,12.930295962305411],[100.78884049456998,12.930442256567549],[100.78866805576466,12.930492049181829],[100.7885704457242,12.930613598943131],[100.78852304611821,12.930831988945274],[100.78845135067708,12.9311951570276],[100.7883311812449,12.931630963982339],[100.78821087976037,12.93204307744392],[100.78826435736754,12.932598574715039],[100.78841807618066,12.933396327990124],[100.78861898080068,12.933950852167904],[100.7886956241624,12.934361578472277],[100.78887065011574,12.934674480368161],[100.78914346667088,12.934890676263462],[100.78934131073076,12.935010235575668],[100.78949051101799,12.935178666338368],[100.78978963473624,12.935611597262351],[100.78986507166053,12.935852876790449],[100.78981801161773,12.936118728326338],[100.78959833849648,12.936410606897795],[100.78937641240049,12.936460703000195],[100.78912990839832,12.936462393619838],[100.78895613110321,12.936245519686384],[100.78878200166855,12.936053528620375],[100.78850884555024,12.935789871937233],[100.78839749218423,12.935683305683314],[100.78821828457328,12.935509415528539],[100.78811984628611,12.935350780295689],[100.78794003410897,12.935176856639382],[100.78761396722038,12.935003972979839],[100.78722374175591,12.934880100850027],[100.78686725521689,12.934882542677055],[100.78639674551881,12.934885764592917],[100.78613653681867,12.93482316311052],[100.78600617510129,12.934713319367734],[100.78582651563772,12.934555239584981],[100.78561492376076,12.93444484064317],[100.78554849514212,12.934254331326954],[100.78556359492374,12.934031681395808],[100.78556144884851,12.93372999591594],[100.78551125099042,12.933555220119162],[100.78538043203056,12.933380996656748],[100.78539496587354,12.93315831442726],[100.78552340609457,12.932998125389622],[100.78565278595335,12.932885356581062],[100.78573284381145,12.932805727330575],[100.78573193561472,12.932678077955561],[100.78561587597495,12.93231278887213],[100.7855503519598,12.932169735168152],[100.78541965157753,12.932091548563402],[100.78525747243108,12.93204519447689],[100.7851101604026,12.931902738607198],[100.78497900547281,12.931681052289187],[100.78483089933358,12.931426717160273],[100.78456892903716,12.931030807067021],[100.78448669456111,12.93088897925211],[100.78441981139495,12.930634087350866],[100.78433738198449,12.930459532647269],[100.78417441681218,12.930302483302786],[100.78401053984982,12.930096830155847],[100.78383054082308,12.929890175223825],[100.7837970345613,12.929716395727253],[100.78376284288495,12.929525702439777],[100.78371245548236,12.929239043666092],[100.78346735824192,12.929033943860418],[100.78317458651107,12.928924097569155],[100.78273576218972,12.928768932300573],[100.78231319647668,12.928628316702273],[100.78201986599369,12.928439353532438],[100.78184051195734,12.928328731247868],[100.78161315374882,12.928267011544195],[100.78140149719317,12.928221028853507],[100.78125498017367,12.928110144684403],[100.7811239438215,12.927904301488777],[100.78105583086172,12.927475409222543],[100.78105345930938,12.927140994847198],[100.78100281678522,12.926902911403362],[100.78090322056968,12.926584969729788],[100.78086914836926,12.926331001516736],[100.78088221256843,12.925900444749448],[100.7808311649041,12.92552000917831],[100.78066695107351,12.925265780717796],[100.78034101893223,12.925029611200308],[100.77981977418361,12.924778963264773],[100.77925081362197,12.924543301985331],[100.77845393699806,12.924326148021811],[100.77731712080264,12.924095495385011],[100.77644064446137,12.924022379238282],[100.77593776307377,12.924008843100131],[100.77564613310162,12.924059400484827],[100.77535547241165,12.924252342878569],[100.77516207411414,12.924428778242126],[100.77513013271756,12.924555540519282],[100.77511558899313,12.924778223419892],[100.77508444530054,12.924937746182202],[100.77503729812118,12.925193416139637],[100.77481274535128,12.925528226247446],[100.77453850586471,12.925753821244152],[100.77426298178729,12.925803158630895],[100.77385744184386,12.925790068245535],[100.77356554058049,12.925807897120835],[100.77329057615347,12.925936309988828],[100.77274226786024,12.92633773800314],[100.77256472033592,12.926482445461877],[100.77238788068404,12.926722039629189],[100.77222784312123,12.926978476490747],[100.77203409717568,12.927106337161446],[100.77180696444429,12.927156452642814],[100.77158072553664,12.927252879321957],[100.77108042500882,12.927606552061226],[100.77080501052585,12.92767169268612],[100.77065871988185,12.927672684679637],[100.77048053994355,12.927642238444122],[100.77034939130198,12.927499625089467],[100.77028388615145,12.9273577147176],[100.77024869285356,12.927023522573805],[100.77028007280308,12.926816570912774],[100.77031107007025,12.926641203656027],[100.77022898651117,12.926514103600059],[100.77019571291305,12.926371937882726],[100.77015973179267,12.92592590230193],[100.77017488367655,12.925703215171639],[100.77017398356463,12.925575563915112],[100.77000956401989,12.925290821571165],[100.76989375411178,12.924957138860377],[100.7698915173067,12.924639678015973],[100.76993843900893,12.924431474083022],[100.77003182157766,12.923874935106635],[100.77004494326903,12.923444375854888],[100.77001054857344,12.923142942873072],[100.76987895796071,12.922856829250227],[100.76971442971978,12.922556278127551],[100.76938660033663,12.922048947018761],[100.76922285273169,12.921859090169292],[100.76902709635657,12.921701104686678],[100.76896057341483,12.921494779022662],[100.76892673836967,12.921272461808195],[100.76892460756582,12.920969661191963],[100.7690044821676,12.920778153947937],[100.769182109642,12.920650404736433],[100.76947329225314,12.920536584918018],[100.76969941527814,12.920424314809033],[100.76987624684517,12.920183613128893],[100.77006789432622,12.919752954702084],[100.77008120915535,12.919355159369953],[100.770077843168,12.918877247268354],[100.77007347466075,12.918256987923829],[100.76990502796859,12.917399446198266],[100.76980432862185,12.916922156397341],[100.76962425593325,12.916621709332579],[100.76921524579788,12.916194008624149],[100.76914940198249,12.916003488883119],[100.76909922748064,12.915829855576659],[100.76903383012795,12.915702640569934],[100.76880580177622,12.915623955852396],[100.76852984111758,12.91560997708706],[100.76830317281517,12.915644315027427],[100.76810939542861,12.915772135094947],[100.76799594629308,12.915772902985323],[100.76788227437534,12.915742053404204],[100.7677518120466,12.915615242874484],[100.76763712862586,12.915521128509036],[100.76753957338263,12.915490132673533],[100.7673278189106,12.915348099899466],[100.76721298906446,12.915157909610747],[100.76716207075755,12.914792203505796],[100.76701209432591,12.914267817590689],[100.76692853483483,12.913935061417133],[100.76692752692506,12.913791565516197],[100.76700818036622,12.913710826926939],[100.76710540233448,12.913694360489423],[100.76720236468962,12.913646241290326],[100.76733095762422,12.913501868752329],[100.76746086479409,12.91346933512029],[100.76763948939843,12.913483972453339],[100.76778531651178,12.913498795411765],[100.76784993682172,12.913435084440604],[100.76784938076459,12.913356005866392],[100.76786448773271,12.913212401058965],[100.76807437101401,12.91308332407589],[100.76826810168818,12.912954319700718],[100.76868765265512,12.912665622775407],[100.76902699664356,12.912440741829446],[100.76971976840754,12.911782995138077],[100.77039736672802,12.911254155718604],[100.77102451117058,12.910517769488763],[100.77133116636419,12.91022868623309],[100.77162166715401,12.910019941422275],[100.77181472499007,12.90979604840923],[100.7719420800462,12.909476562276458],[100.77200479502945,12.909142852312845],[100.77198662031462,12.908936200182625],[100.77190488530184,12.908777442119298],[100.77178986231793,12.908634719925629],[100.77174046935036,12.908491588739155],[100.77173800257658,12.908141328349615],[100.77175266128539,12.907934452985256],[100.77175143598335,12.907760488343875],[100.77166891314809,12.907570082133304],[100.77166744889415,12.907362204590299],[100.7717315095537,12.907219415917416],[100.77187650842036,12.907122394841378],[100.77194082959133,12.907011221984598],[100.77192370410874,12.906867835063615],[100.77192247072186,12.906692723494192],[100.77191989255698,12.906326653879653],[100.77196622406609,12.906040482473609],[100.77215819314398,12.905657322369217],[100.7722541781321,12.905465705320664],[100.77222067815852,12.905290811675393],[100.77218549025051,12.904876388831669],[100.77216691758203,12.904527384280708],[100.7722455444239,12.90423988336347],[100.77234171356663,12.904079882428125],[100.77245303369496,12.903697232438804],[100.772483956402,12.903506092858272],[100.77238483719186,12.903252562644305],[100.77217148641355,12.90288792228024],[100.77194011273572,12.902332472772414],[100.77184054885952,12.902015634658035],[100.77183863993956,12.901744488624557],[100.77193473542043,12.901568717615261],[100.77212782469751,12.901344824040086],[100.77245047169977,12.901039823317442],[100.77283736082128,12.900703917372049],[100.77323987344224,12.900287637572301],[100.77339930284559,12.899952124656243],[100.7734455588962,12.899569915806484],[100.77350505341914,12.898774065001987],[100.77356741626281,12.898470864980462],[100.77364781098913,12.898359583200284],[100.77372868092428,12.898310461059143],[100.77390673779338,12.898245980900677],[100.77411682858549,12.898148517643396],[100.77422933987989,12.898021207826321],[100.77424481515729,12.897925064961862],[100.77424358087212,12.897749952385336],[100.77430797301,12.897654587870456],[100.77438885102995,12.897606612694075],[100.77451840606022,12.897605733540201],[100.7746486294371,12.897699741690401],[100.77481225127789,12.897873751858329],[100.7749608820332,12.898207212413034],[100.77517452835723,12.898619275928203],[100.77532359749044,12.899095050779154],[100.77534173537433,12.899381932399383],[100.77532876100669,12.89982718875077],[100.77536279098626,12.90000207833581],[100.77544511888712,12.900239911583157],[100.77560851974235,12.900382304948486],[100.77590170110498,12.900555434982765],[100.7763727075714,12.900631318890314],[100.77705486484197,12.900754377897162],[100.77772109318592,12.900909162147316],[100.77827192754172,12.900873762658797],[100.77846624751072,12.900824977257054],[100.77854674464498,12.90072842829735],[100.77864272244658,12.900536809223762],[100.77877148875605,12.900424087056777],[100.77891753954989,12.900391438765233],[100.77911215686126,12.900390114795265],[100.77948588117228,12.900467802573955],[100.77981087457405,12.900576326898987],[100.77999028071271,12.900702762402341],[100.78015446759385,12.900955882774614],[100.78031955907845,12.901416846144972],[100.78050109871587,12.901844968799653],[100.78084548494802,12.902336365844333],[100.78173070549026,12.903650028100115],[100.78213948116537,12.904125175188806],[100.78225506110475,12.904426052322179],[100.78228909827087,12.904681168857325],[100.78232373371496,12.905015361991824],[100.78226250274858,12.90547675569208],[100.78218369534534,12.905811760341022],[100.78208861406239,12.90612988256078],[100.78197844287932,12.906592756628816],[100.78193275995386,12.907054044095455],[100.7818215718779,12.907373422996361],[100.78167698893122,12.907533718658252],[100.78158093656948,12.90770949335549],[100.78158194447921,12.907851840438331],[100.78160053960561,12.908201953254663],[100.78165012481266,12.908376772187701],[100.78182979864924,12.90853485803469],[100.78197716816996,12.908693164436071],[100.78207573940776,12.908867611766178],[100.78209320714845,12.909058458296546],[100.78212637115209,12.909184739781946],[100.78219289858541,12.909391060726147],[100.78230815423301,12.909645624063955],[100.78247235009727,12.909898704737804],[100.7826683642889,12.91008833338647],[100.78296313926283,12.91048402538055],[100.78309416663188,12.910689906574008],[100.78320953456888,12.910960276753196],[100.7833416911202,12.911325460477013],[100.783409687299,12.91173850756714],[100.78352561847969,12.912087991512127],[100.78393500321255,12.912641063111158],[100.78431040108494,12.912957121612756],[100.78450574603166,12.913051825345189],[100.78481404514224,12.913081374996803],[100.78512362075881,12.913205805189618],[100.78553140020226,12.913537448576809],[100.78567892063991,12.91379064088833],[100.78572942123024,12.914014025980901],[100.78569865483006,12.914300091943312],[100.78568457733124,12.914587154001662],[100.78581651289703,12.914840490597673],[100.78596403423298,12.915093682464439],[100.78598116869873,12.915237066417761],[100.78596584793155,12.915349017516883],[100.78577287543547,12.915588765086227],[100.78567723629875,12.915827811079978],[100.78569496904245,12.916050272358572],[100.78577728077364,12.916208982898228],[100.7859581700308,12.91654221323725],[100.78623684360161,12.916938009713682],[100.78641840839188,12.91736612417429],[100.786484946605,12.917652635471786],[100.78647041276201,12.917875317522844],[100.78640670514038,12.918066719296242],[100.78640783701765,12.918225984547549],[100.78645961321568,12.918623369280857],[100.78649410133605,12.918940605745588],[100.78664309950236,12.919321479496604],[100.78684071718676,12.919734785671828],[100.78713584879186,12.920177931540993],[100.78739701240114,12.920461999396361],[100.78778846765925,12.920762131890296],[100.78800106115777,12.921014876468366],[100.78809975546478,12.921205165614985],[100.7881665182567,12.921443100391999],[100.78818433813699,12.921682479627794],[100.78821898166592,12.921936479711707],[100.78823747707929,12.922270781981306],[100.78828755905471,12.922508867215653],[100.78840236823962,12.922699009004756],[100.78863221747642,12.92303186382482],[100.78874804984238,12.923365498326058],[100.78878133242368,12.923507624603966],[100.78879982963367,12.923841963294782],[100.78882013964395,12.924351371960986]]],[[[100.79076541623887,12.943051768342229],[100.79035216785199,12.943257973749182],[100.79017797014536,12.943543875747791],[100.79013873802197,12.943859395216693],[100.79015158482882,12.944205027569565],[100.79009119648217,12.944459677975681],[100.78991648943077,12.944674388442484],[100.78952276323163,12.944707599135368],[100.78919969761444,12.944475941897052],[100.78913557407282,12.944201857427879],[100.78918500387131,12.943865941248657],[100.78933898948407,12.943651336895247],[100.789533329216,12.943283920681004],[100.78978867713214,12.942743224655187],[100.7898068599318,12.942387198158894],[100.78968999629986,12.941990299517736],[100.78964612078475,12.941655024724348],[100.78994421683032,12.941297077582275],[100.79035829526055,12.941212895799071],[100.79075357734176,12.94139322301432],[100.79100365663875,12.941574547290358],[100.79149153705943,12.941581340272471],[100.79188515007085,12.94152780274333],[100.79233047460161,12.941463728590302],[100.79258984607188,12.941492452786695],[100.79312140168341,12.941885387974322],[100.7935391236804,12.942310721095824],[100.79426012859544,12.943098902197395],[100.79448131447963,12.943504150376279],[100.79449456642671,12.943910791674741],[100.79436092496019,12.944145585436647],[100.79407193962825,12.944330615400277],[100.79380284030174,12.944393480644152],[100.79360490551203,12.944262670561042],[100.79348862488671,12.943948221449881],[100.79327947642733,12.9436954230575],[100.7929574636356,12.943606153736289],[100.79261396583729,12.943415293342687],[100.79223863983009,12.943122986099466],[100.79178169828612,12.943014279774546],[100.79127301917165,12.942997412543694],[100.79076541623887,12.943051768342229]]],[[[100.67996736809738,12.948451151444672],[100.67992970353414,12.948852521337184],[100.67964587632855,12.949214787705682],[100.67940240054722,12.949497708902157],[100.67924121493745,12.949859184660497],[100.67908491077296,12.950943761995291],[100.67896809475174,12.951825854541889],[100.67827503373026,12.95215121332572],[100.67778430654843,12.952154373736194],[100.67684315959156,12.952080198628822],[100.67622837596731,12.951884182132062],[100.67573443102013,12.95140599791878],[100.67540351502565,12.950846567938923],[100.67519662493088,12.950487459997161],[100.67486651203026,12.950047799798504],[100.67457969523143,12.949969409562762],[100.67417053777233,12.949852262334703],[100.67388265107995,12.949613448542944],[100.67371748323855,12.949373847475039],[100.67334645477172,12.948934411182991],[100.67309948813717,12.948695333869964],[100.67272930588334,12.948376813272297],[100.67227759792416,12.948099506970339],[100.67178549811656,12.947901506142268],[100.67109056949761,12.947946652628133],[100.67059981087475,12.947949798208914],[100.66990394082136,12.947853697328515],[100.66937069907209,12.94761644959878],[100.66887707931505,12.947098704865811],[100.66830055404043,12.94650014440283],[100.66776625048249,12.946102471380902],[100.66702960230511,12.946026947981505],[100.6658033031276,12.946115020528486],[100.66486404442944,12.946322140904941],[100.66417044262217,12.946567232413127],[100.66363880526399,12.946570625771979],[100.66293991687127,12.945933290704945],[100.66273011982824,12.945132403902045],[100.6630139991361,12.944769005724616],[100.66354290202256,12.944444735163165],[100.66354077391367,12.944123850568158],[100.66333450994463,12.94376472681091],[100.66324978264369,12.943323445600221],[100.66349085812658,12.942761495318464],[100.66410188769125,12.94239600913312],[100.6644680616623,12.942113465968848],[100.66466960588282,12.941670358175617],[100.66478829489144,12.941068497180067],[100.66503205184547,12.940826278033486],[100.66572430078993,12.940380036284541],[100.6660915742989,12.940257950221824],[100.66662132968655,12.939973174729335],[100.66690356956903,12.939370268662026],[100.66702174923289,12.938687066627743],[100.66692996476705,12.937183729446835],[100.66716184060314,12.935415038127138],[100.66723979640348,12.934575032504794],[100.66768375190172,12.93368970076556],[100.66783984226717,12.932565583918365],[100.66820096950296,12.931520351867769],[100.66892630699263,12.929991464459262],[100.66928743512672,12.928947379968342],[100.66985217450483,12.927779957417778],[100.6702953143328,12.926774890402989],[100.67074084727267,12.926130209660803],[100.67090198976329,12.925767628709025],[100.6708969241634,12.925006091160252],[100.67125990282699,12.92424219953995],[100.67170809837339,12.92399866735596],[100.67182809802398,12.923596769782709],[100.67231746964804,12.923392515511008],[100.67276993488699,12.92379074744532],[100.673178282964,12.923707897611028],[100.67370612943168,12.923142956006487],[100.67403058384434,12.922739746337818],[100.67414871230417,12.922057654518868],[100.67422595574054,12.921374677388759],[100.67442584256933,12.920772293757235],[100.6747497579928,12.920288891905308],[100.67548254700773,12.919802829125432],[100.67589146012506,12.91980020590721],[100.67609805557242,12.920119776028864],[100.67630679350169,12.920760228400784],[100.6764321354333,12.921160552764315],[100.67696612098764,12.92151756304122],[100.67766178173358,12.921593328512254],[100.67831522974598,12.921469354289968],[100.67880191091575,12.920863978189274],[100.67941149059958,12.920298501305714],[100.67998176988802,12.920054172006962],[100.68088165542727,12.920089035555529],[100.68157918556727,12.920444983545059],[100.68207334341515,12.920963815890456],[100.68264959650027,12.921521697470917],[100.68331190369798,12.922720775508912],[100.68352468853766,12.92396229226294],[100.68394002101601,12.924922297004784],[100.68455742951754,12.925519413801959],[100.68533836553672,12.926196853116652],[100.68583953563376,12.927757434883294],[100.68560039152868,12.928682082014243],[100.6853994249249,12.929204282082356],[100.68479013539694,12.929729117304895],[100.68426042582335,12.930013851959341],[100.68328358969853,12.930701484315575],[100.68271487527534,12.931266745894286],[100.68255586179194,12.931950212524228],[100.68256042792855,12.932631552374419],[100.68256930238525,12.933955727084875],[100.68228868216518,12.934799333183488],[100.68168230317872,12.935846123050567],[100.68156473167434,12.936608445250805],[100.68119923054144,12.936992711798137],[100.68095818021136,12.937636055587788],[100.68079865199333,12.938238181391652],[100.68063828474878,12.938720575790558],[100.68035446922129,12.939082841999582],[100.67982341756466,12.93908626260103],[100.67937172038532,12.93880896697655],[100.67904135326147,12.938329732458874],[100.6789157229707,12.937888759439748],[100.6786275829534,12.93761037247257],[100.67834162674059,12.937652903044496],[100.67785383615141,12.938096711379908],[100.67732597261573,12.938661663783131],[100.67700230692394,12.93918464842859],[100.6770461393199,12.939626148836226],[100.67713088009559,12.940066274798909],[100.67717555151806,12.940627544762881],[100.67689357035037,12.94127114795365],[100.67665250654554,12.941914488585368],[100.67669660304622,12.942395567008514],[100.67682280736047,12.942916770074945],[100.67703072602627,12.943436299864777],[100.67740090378852,12.943754813643842],[100.67777084888716,12.944032674586435],[100.67859032353036,12.944268062689689],[100.67924544061258,12.944384767795089],[100.67961404901803,12.944462588969918],[100.67990323647093,12.944901396668715],[100.67990592243362,12.9453025070063],[100.67962304564563,12.945806016627369],[100.67966956310596,12.946647477108769],[100.67975646971982,12.947409592940955],[100.6798818359059,12.947809913065276],[100.67996736809738,12.948451151444672]]],[[[100.65725842663542,12.956685651135219],[100.65751333617368,12.956733717385434],[100.65756531898427,12.95693339642186],[100.6575158173205,12.957108841298682],[100.65756779294453,12.957307373205454],[100.65764574784659,12.957506887198955],[100.6575197788909,12.957707699310784],[100.65721564975991,12.95788361550413],[100.65693537089969,12.957835672912916],[100.65673062688013,12.957712719961675],[100.65637464878753,12.957714982975158],[100.65616977091902,12.957566000480151],[100.6561932861182,12.957291272078434],[100.65629475442282,12.957216057600078],[100.65639655061247,12.957190528829583],[100.65652367749654,12.957164876619064],[100.65670133731027,12.957114022167648],[100.65680296192176,12.957062540888812],[100.65682763504937,12.956962970641136],[100.65690327229794,12.95681220354219],[100.65702913704905,12.95668710962498],[100.65725842663542,12.956685651135219]]],[[[100.64822372936155,12.951579185370658],[100.64902639922073,12.952323242026811],[100.64951857358847,12.953238764237165],[100.64987429835615,12.954598083047383],[100.65074996711195,12.955750689155551],[100.65162462436474,12.956834395160811],[100.65250018442443,12.958053676635725],[100.65347998678628,12.959273440633075],[100.65376279799729,12.960053544737953],[100.65373253016209,12.960701199139598],[100.65356296327074,12.96128079610218],[100.65318284295491,12.961555529731584],[100.6526322493476,12.962273131896891],[100.65253386585769,12.963159586807636],[100.65250310305076,12.963738301751517],[100.65215980018684,12.964352916206639],[100.65153742579845,12.964663064903059],[100.65077425665893,12.964770722662202],[100.65011595145579,12.964876605908149],[100.64934990231747,12.964541344408449],[100.64861630751376,12.963796855911175],[100.64829940344107,12.963083606357456],[100.64825877892896,12.962165263830897],[100.64828842872323,12.961415905227508],[100.64810899833009,12.960498403089982],[100.64792828963427,12.959478127742964],[100.64809780442333,12.958796824506582],[100.648369699307,12.958012054749595],[100.64836589404347,12.95743355673565],[100.64797943521495,12.956652989191488],[100.64720960416932,12.955738072208414],[100.64688933051599,12.954515258329916],[100.64702392509504,12.953868092976643],[100.6472941518072,12.952743254686494],[100.6473226858939,12.951823326210198],[100.64763256873431,12.951379543188732],[100.64822372936155,12.951579185370658]]],[[[100.80333399690728,13.108409359910288],[100.80341468268779,13.108487874981174],[100.80345659987557,13.108704495815372],[100.80351868783472,13.108998942815774],[100.80366116333374,13.109253325835445],[100.80382385541824,13.109508639489601],[100.80394544688349,13.109664836871815],[100.80394616373911,13.109763126095702],[100.80396733613203,13.109900811259219],[100.80390783352425,13.110039061532271],[100.80380809447657,13.110118877061636],[100.80358837284628,13.110258248835251],[100.80344804432079,13.110298770748033],[100.80334761716361,13.110279111724319],[100.80328653531754,13.110200459865601],[100.80318497268986,13.110024907370374],[100.80304234807049,13.109750237902363],[100.80296094633272,13.109573433973916],[100.80285895790355,13.109417098298856],[100.80271775711395,13.109259926990569],[100.80259587818779,13.109064154764136],[100.80257413895789,13.108848541263436],[100.80261261739477,13.108670860905461],[100.80271231152668,13.108512004049132],[100.80293203944518,13.108373744168937],[100.80313244639855,13.108352016709384],[100.80333399690728,13.108409359910288]]],[[[100.8110234670432,13.117452767127512],[100.81083477591774,13.11773431500526],[100.81058175014662,13.117890882484424],[100.81026463766482,13.117956383408139],[100.80991490915166,13.117895570058648],[100.80921399326132,13.117651929815592],[100.808480926667,13.117345241413192],[100.80774946356543,13.117257746816621],[100.80727340227892,13.117261088843408],[100.80686132978674,13.117419879682734],[100.80629231712285,13.117796685670745],[100.80584874610355,13.117987388053296],[100.80553120782027,13.117989614606453],[100.80533996547942,13.117927684051393],[100.80521158634386,13.117711633884465],[100.80501784668654,13.117307376784803],[100.80488798622905,13.116965942208276],[100.80482097280718,13.116468167215514],[100.80481802273978,13.11606371997218],[100.80494220314971,13.115626727332723],[100.80512964921017,13.115251452564673],[100.80528464991919,13.114689961464876],[100.80534417049327,13.114160792665876],[100.80534098955884,13.113724693405922],[100.80527419891915,13.11325742278078],[100.80505829243387,13.112739217673628],[100.80480640842147,13.112337625200047],[100.80461181985621,13.111893833253626],[100.80441751426025,13.111566400002506],[100.80410395012382,13.11116979253161],[100.80400554687097,13.110795371863965],[100.80400417963509,13.1106078266673],[100.80402577333788,13.110326343247944],[100.80409711574114,13.110232066545613],[100.8042402649766,13.110184749263622],[100.80440794450755,13.110253621483649],[100.80455319220751,13.110416427391083],[100.80469821982025,13.110626697380091],[100.80496276378994,13.110858714552124],[100.8052506334143,13.110974205553633],[100.8054664931872,13.111020156092614],[100.8058018711137,13.111087851340875],[100.80604188568626,13.111203677320617],[100.80613875192164,13.111366821184481],[100.80618832095904,13.111601453598285],[100.80635841066986,13.111927907795122],[100.80655129423273,13.112137841407625],[100.80679080035884,13.11218362374955],[100.8071734844665,13.112180939574177],[100.80746106393505,13.112178922068168],[100.8077005619763,13.112223556541483],[100.80784494549698,13.112340051280086],[100.80797272725289,13.112557215530359],[100.80804940924219,13.112718242132074],[100.80879969204894,13.113170568899545],[100.80934060630906,13.113292163799775],[100.80994530185265,13.113380545195893],[100.81032807669017,13.113627571117142],[100.81064742777369,13.113873892505278],[100.81084094105556,13.114246492221682],[100.810938551096,13.114588149295489],[100.8110387788272,13.115209970845816],[100.81108278190308,13.116891983580754],[100.8110234670432,13.117452767127512]]],[[[100.80902823154204,13.122749848992232],[100.80920018885037,13.122854857130935],[100.80926377519944,13.123037447428215],[100.80929768480478,13.123417944563824],[100.80933093235176,13.123708075792825],[100.80931670213933,13.123890102051186],[100.80927080182157,13.123997751756148],[100.80919332212831,13.124043500395018],[100.80908461250422,13.124074770227395],[100.80897567919961,13.124075535722762],[100.80888246551416,13.124015178810247],[100.80877242458678,13.1238645318602],[100.80864625171355,13.123636066617442],[100.80861356651197,13.123422751887649],[100.808580666613,13.123180081213087],[100.80861045115454,13.122996834879993],[100.80871826785325,13.122843545239835],[100.8088732173583,13.122750938188666],[100.80902823154204,13.122749848992232]]],[[[100.8347649240079,13.15114175961801],[100.83479760741285,13.151193467279823],[100.83479813741889,13.151264656599542],[100.83481094290327,13.151284889681266],[100.8348311747601,13.151292668001764],[100.83487161511754,13.151300264372981],[100.83494463018384,13.151355127241407],[100.83499433037525,13.151449658459473],[100.83499907886986,13.151544548290206],[100.83500017122121,13.15169140456811],[100.83498077210267,13.151795500206935],[100.83495300787217,13.151938046428631],[100.83492599553159,13.152105428526868],[100.83487872258807,13.15225603715254],[100.83477056093628,13.152443249634498],[100.83467474932303,13.152579506899926],[100.83455823872897,13.152726093135062],[100.83443331181907,13.152823019763243],[100.8343450343761,13.15289028885884],[100.83427639230858,13.152966488247731],[100.83421228403837,13.153022292847702],[100.83416435981624,13.153090421766386],[100.83406767504054,13.153190551578117],[100.83399967526849,13.153266709760507],[100.83389841177978,13.153294568727926],[100.83380485403954,13.153271506002833],[100.83370375404421,13.15324512798102],[100.83360604069749,13.153201770222289],[100.83354089397479,13.153123119861688],[100.83348741726591,13.152987928342412],[100.8334657040872,13.152857026519181],[100.83345650264373,13.152706822397038],[100.833479898367,13.152520251308486],[100.83349869022442,13.152329159363912],[100.83354961931113,13.152126584402476],[100.83362043081004,13.15187977477907],[100.83369679928728,13.151760611552534],[100.83393368862097,13.151525018532146],[100.83398203684787,13.151437710189965],[100.8339892844556,13.151330295579838],[100.8340369742174,13.151230551650199],[100.83412919975605,13.15115081596063],[100.83421021970983,13.151118583846996],[100.83428303804509,13.151141794608234],[100.83431182635499,13.151137072678436],[100.83435603155179,13.151117542887922],[100.83440434204947,13.151101389652336],[100.83446938636423,13.151085116574185],[100.83456617175128,13.151079909153948],[100.83467993350054,13.151107344113342],[100.8347649240079,13.15114175961801]]],[[[100.83313220274131,13.16467721560567],[100.83319330524866,13.164679036745863],[100.83325735153515,13.164685354755122],[100.8333861420991,13.164716050848652],[100.8335504116252,13.16479284486009],[100.83367622427401,13.164890238182712],[100.83372167902739,13.164952072915828],[100.83379670182835,13.165118726243458],[100.83382366745656,13.165259770720001],[100.83381793530671,13.165342295626424],[100.83375157855332,13.165487375859492],[100.83366276930769,13.165636023048275],[100.83353544838752,13.165803010921836],[100.83348124673824,13.165875701361562],[100.83341182044151,13.165999367690569],[100.83336428159667,13.166119473045505],[100.83334959863335,13.166238194563732],[100.83329589285408,13.166377556345571],[100.83325125287269,13.166425300147425],[100.83318759735333,13.16646644169905],[100.83311333093381,13.166482780233206],[100.8330557076016,13.166486597426861],[100.83299809684583,13.166487009410863],[100.83293050850217,13.166471647917687],[100.83289511487996,13.166436876813075],[100.8328559806729,13.166371628496583],[100.83282942647315,13.166285965508491],[100.83280618885335,13.166188949737251],[100.83275108260058,13.166063951332607],[100.83271832553372,13.165997508948003],[100.8326631285511,13.165941444891843],[100.83255718214478,13.165878895776249],[100.83246644421628,13.165773365483059],[100.83238215798812,13.165676785985882],[100.83231059459932,13.165589185285741],[100.83227828669014,13.165506931620786],[100.832273995438,13.165397378401225],[100.8322832804248,13.1653250088362],[100.83232410526118,13.165236606780407],[100.83240348309465,13.165135488224921],[100.83251527034692,13.165048800524056],[100.83265309975927,13.164978882657074],[100.83275545020948,13.164944276660018],[100.83280665148574,13.164930360959444],[100.8328611513757,13.1648926908593],[100.83291492902018,13.164839180693336],[100.8329594396442,13.164778999127433],[100.83298140435123,13.164709946268644],[100.83302607307873,13.164671197620704],[100.8330709870463,13.164665212874468],[100.83313220274131,13.16467721560567]]],[[[100.82538736314623,13.170983675551431],[100.82474398434985,13.171445803342882],[100.82431274001289,13.171520063037729],[100.82359440848415,13.171595215760767],[100.82319976510512,13.171704236150362],[100.82280481629887,13.17177708752922],[100.82244673704683,13.171920870296542],[100.82201678628387,13.172170192806956],[100.82165817972077,13.172242821878413],[100.82137079967822,13.17228099553826],[100.82107757878968,13.172157684003054],[100.82082859903059,13.171932360108954],[100.82064699291782,13.171616150408328],[100.82057078344239,13.171052923445256],[100.82056531449892,13.170312933257801],[100.82047996017388,13.168517130456069],[100.8205133613328,13.168200542850409],[100.82069139484568,13.167951825960609],[100.82093965954581,13.167457489600659],[100.82104252742565,13.166786776135272],[100.82100129205914,13.166048150712381],[100.82085251577672,13.165414246202873],[100.82081313992288,13.164921949784478],[100.82088226887726,13.164603960624028],[100.82127144331285,13.163756102681624],[100.82177293500672,13.163435082007055],[100.82256137914509,13.163183179823866],[100.82317299530965,13.163178836001869],[100.82353341018141,13.163352537214431],[100.82375086176897,13.163443620940958],[100.82404272889636,13.163472052562238],[100.82450491480498,13.163450700855821],[100.82515383081676,13.163657370600651],[100.82592230720297,13.163979547350005],[100.82663566296338,13.164556304812601],[100.82758124939437,13.166212661149984],[100.82754781948938,13.166600442313326],[100.8275506932,13.166987927214526],[100.82778122964798,13.168923925523433],[100.82767701788849,13.169487322700162],[100.82728704305399,13.170230125752976],[100.82671624184435,13.1707629348029],[100.82650172505282,13.170905699157975],[100.82628603865479,13.170977279857709],[100.82614225880198,13.170943280864767],[100.82596187529633,13.170874519264791],[100.82563849257382,13.170876821435622],[100.82538736314623,13.170983675551431]]],[[[100.92016917381399,13.174494474219689],[100.92010216398538,13.174549209440293],[100.92001755975362,13.174639097699609],[100.91989605901819,13.174658072822861],[100.91974389339222,13.174659211645082],[100.91964636959003,13.174647540028973],[100.91955430844305,13.174595106091532],[100.91922314990346,13.174339999217093],[100.91915577356222,13.17427497867217],[100.91911275414155,13.174227840799938],[100.91911214688045,13.174149917920206],[100.91916053642984,13.174071592665817],[100.91917216691783,13.174012755118495],[100.91912214063797,13.173880931251468],[100.91912116327096,13.173755552791251],[100.9191745052325,13.17357101560756],[100.91923498251239,13.173492600076344],[100.91931373601673,13.173461506230865],[100.91946614239119,13.17341857014492],[100.91951429927693,13.173383188628279],[100.91953818907361,13.173341214672403],[100.91954411256459,13.173286935762707],[100.9196350193764,13.173191337117453],[100.91976836978877,13.173141768309543],[100.91989617310422,13.173117082302964],[100.91997512603456,13.173116491021334],[100.92003079553101,13.173157870235494],[100.92011637712983,13.173193397855762],[100.9201767546967,13.173174880074926],[100.92027389940985,13.173137984457354],[100.92037184721684,13.17313158794521],[100.92056712299332,13.173184358946678],[100.92068942233102,13.173272698655303],[100.92078824060553,13.173450468697604],[100.92085665090768,13.173575341751729],[100.92091175266891,13.173616725261724],[100.92100956393197,13.173670226512238],[100.92108920766674,13.173753257644902],[100.92121304581856,13.173961307677276],[100.92122592855804,13.174062904533315],[100.92121439418982,13.174134179923577],[100.92115980087505,13.174230618761344],[100.92097767284109,13.17430879964383],[100.92089294284516,13.174387360983873],[100.92082084675542,13.174453425857527],[100.92074147341354,13.174477749615074],[100.92057717514133,13.174473352638387],[100.92052263662379,13.174504265298252],[100.92051021561835,13.174539379003271],[100.92050489669357,13.174593654136553],[100.92046234978677,13.1746120379853],[100.92040121134686,13.174605721106804],[100.92035828804595,13.174571021131049],[100.92032748930643,13.174540747864757],[100.92029085960237,13.174499227187452],[100.92023599409809,13.174488309531066],[100.92016917381399,13.174494474219689]]],[[[100.83101543236879,13.174921613813696],[100.83095106538373,13.174943545301085],[100.83071531691044,13.175106790237493],[100.83049431787582,13.175312837876502],[100.83036565936419,13.17537706307168],[100.83018610410522,13.175420141385047],[100.82996439989307,13.17544997108557],[100.8297989275228,13.175451151888225],[100.82968406982889,13.175430499211927],[100.82930965471341,13.175236584211344],[100.82881930931556,13.174958754070108],[100.82874675688166,13.17489600258512],[100.82870353444176,13.174819490762186],[100.82865309583519,13.174783679984579],[100.82841477458693,13.174595568792851],[100.82832044429558,13.174469701756969],[100.82829073880578,13.17435129561332],[100.82829508305851,13.173928699830517],[100.82829440303382,13.17383718704],[100.82832209180584,13.173760170198863],[100.82840061803637,13.173696340807112],[100.82852241341924,13.173639014608169],[100.82869392156991,13.173524802131753],[100.82886558872238,13.173432060270688],[100.82911568508737,13.173338758581744],[100.82937435677006,13.173316589038603],[100.82963261163448,13.173314747845115],[100.82991231287797,13.173326303192791],[100.83008497087219,13.173366868922765],[100.83029394505844,13.173485141717256],[100.83054643723028,13.173638090076581],[100.83069057640918,13.173715029110106],[100.83089210984994,13.173762200318723],[100.83115151635451,13.173915098648534],[100.83124626615914,13.174097456761288],[100.83134072311293,13.174321614473248],[100.831356413986,13.174490986902214],[100.83135148403173,13.174757651523485],[100.83125903571087,13.174884851409344],[100.83113703012225,13.174913970067989],[100.83108689694286,13.17491432780823],[100.83101543236879,13.174921613813696]]],[[[100.80849192833428,13.178237026430367],[100.80847955044798,13.178753422610033],[100.80822914057094,13.179428582394596],[100.80786479646812,13.179823177162119],[100.80733822201486,13.179951172098164],[100.80697099701494,13.179953761069649],[100.80640963170906,13.179660577367617],[100.80572680339699,13.179074478303539],[100.80529947840958,13.178666247298978],[100.80476927655921,13.178216903157725],[100.80422611022267,13.17820491683414],[100.80373203142652,13.178364330341507],[100.80346169871312,13.178601210410317],[100.80325620370198,13.178885134520543],[100.80301880771849,13.179136480886674],[100.80269999742076,13.179295769586151],[100.80234905887696,13.179314045499124],[100.80201249876754,13.179175208877512],[100.8016752900745,13.178942562700104],[100.80111256022771,13.178461821475103],[100.80074141138658,13.178010241328836],[100.80049146863351,13.177569101178367],[100.80035801401658,13.177061612690197],[100.80038271050039,13.176496517727237],[100.80062017834911,13.17546445122422],[100.80096071979185,13.174727688788526],[100.80145825081365,13.173863244463249],[100.801771056772,13.173281466411401],[100.80188295361872,13.172815201359256],[100.80185040855432,13.172307005019762],[100.80174686963295,13.171942805551542],[100.80148989127457,13.171489275080658],[100.801093847422,13.171253669540359],[100.80081888568995,13.171099663072845],[100.80057223705904,13.170875447305546],[100.80014964888814,13.170243446365101],[100.79947885350927,13.169168030054639],[100.79927512189106,13.168901713595318],[100.79918544577117,13.168463963087147],[100.79925402136332,13.16798330449704],[100.79956312177113,13.166894239951736],[100.79967172269909,13.165976068242044],[100.79954393285837,13.165213160308859],[100.79945738197735,13.164965236367943],[100.79881779946136,13.164141533892002],[100.7985031474651,13.163760743894937],[100.79837139515564,13.163479224320959],[100.798370051276,13.163295048521737],[100.79839754062201,13.163111818148463],[100.79855553721251,13.163039553748515],[100.79917463993661,13.163035215172245],[100.80002511184702,13.163057501108218],[100.80060125803261,13.16301162503704],[100.80090122437058,13.16264911044069],[100.80118580705933,13.162223432083348],[100.80129642740005,13.161587688641269],[100.80147214775111,13.159991170640216],[100.80159596075009,13.15918584694519],[100.80177958268234,13.158676132664359],[100.80207808656306,13.158109118105241],[100.80256258752166,13.157357795136319],[100.80320533570071,13.156647123212659],[100.80385941972033,13.155994012250805],[100.80433597418194,13.155572647920927],[100.80455037958235,13.155331608930496],[100.8047354406157,13.155019618549179],[100.80479111999368,13.154750298590333],[100.80467221359277,13.154257407790821],[100.80428043134789,13.153892974174667],[100.80399007159357,13.153598984249196],[100.8037867558953,13.153388016260989],[100.80365449244447,13.153036456778342],[100.8036498508494,13.152401523144427],[100.80367484916708,13.151878224717121],[100.80370018704801,13.151086031568534],[100.80377719153248,13.150105959545222],[100.80360012550513,13.149542280748419],[100.80319324258033,13.149079656770985],[100.80265950585932,13.148927465497232],[100.80186672914637,13.148904777634922],[100.80137533721124,13.148710524974694],[100.8008997664049,13.148629114166832],[100.80045334503116,13.148675151262065],[100.80006405022134,13.148649630014893],[100.79984696784135,13.148523498592398],[100.79971522361674,13.148241978139097],[100.79969877187062,13.147959614962287],[100.79978328806747,13.147691277486489],[100.80001187786625,13.147421894368518],[100.80028371256282,13.147151098201778],[100.80058561477026,13.147050689496837],[100.8010607696566,13.147075607319177],[100.80162398998355,13.147241110232404],[100.80218014506079,13.147463193944031],[100.8027660325773,13.147726828918845],[100.80334194969249,13.147737485337434],[100.80380234795369,13.147634849713393],[100.80431977755735,13.14744817941647],[100.80473572089011,13.147176330930952],[100.80503618848799,13.146962971918892],[100.8054373931619,13.146649426918708],[100.80580991193378,13.14634967055717],[100.80622515098737,13.145987489104357],[100.80646764221515,13.145646847577677],[100.80663819455836,13.145320224741393],[100.80675069686961,13.144938697813931],[100.80682004680955,13.144571025915711],[100.80686036679276,13.144175308887815],[100.806828649975,13.143780060979484],[100.8068268973619,13.143540578009071],[100.80679497572828,13.14311712166883],[100.80669447940079,13.142769819915959],[100.80651579999922,13.14237790093128],[100.8064128377963,13.142096182722156],[100.80628088516252,13.141786383471549],[100.80614872591624,13.141448373604222],[100.80600317189077,13.141251697993519],[100.80581481493861,13.141111782182618],[100.80561172471751,13.140930171092695],[100.80539485344161,13.140832252124863],[100.80493302326583,13.14073720068782],[100.8043561988522,13.140600047179944],[100.80412489793794,13.140502228681612],[100.80383517419079,13.140292976273084],[100.80373232427728,13.140025953102642],[100.80364207593058,13.13950346283254],[100.80358144593711,13.139094904341261],[100.80339190590374,13.138792318397751],[100.8033172585986,13.138440316344189],[100.80331499035249,13.138129642925952],[100.80344264454763,13.137846268212796],[100.80365754851306,13.137675309812604],[100.80385926071854,13.137673895255464],[100.80406018599979,13.137559493684771],[100.80421703454337,13.137332410249437],[100.80428724956089,13.137077723865891],[100.80437130761699,13.136752855859495],[100.80447075650882,13.136554460114278],[100.80464209487792,13.136340825050645],[100.80485710484454,13.136184564138976],[100.80513000763796,13.136139702193127],[100.80515987123127,13.136127054205723],[100.8054175637503,13.136052940380809],[100.80587783894231,13.135936717575955],[100.80617961718222,13.135821644216502],[100.80639451755441,13.135650646789557],[100.80660869927432,13.135381361555421],[100.80677925521081,13.13505592355088],[100.80689124997392,13.1346879507837],[100.80711695797726,13.134022003792403],[100.80734258782715,13.133350429035159],[100.80745528417449,13.13299600205147],[100.80750513618118,13.132560678061937],[100.8074315147521,13.131559043722275],[100.80732045872846,13.130479702992629],[100.80721378378847,13.129131439861155],[100.80716854283411,13.128544253294226],[100.80722055349243,13.128166521584046],[100.80730146654673,13.12788236289164],[100.80734000247577,13.127557815160166],[100.80728369337882,13.12734244621066],[100.80715778910185,13.127073290092019],[100.80706016648499,13.126885311143203],[100.80707194609329,13.126682976759037],[100.80719390227461,13.126412079854131],[100.80745288207942,13.126045334667094],[100.80822028318224,13.125527002542174],[100.80861784428933,13.125267719714955],[100.80890530068866,13.12500924759871],[100.80918018336901,13.12492708880867],[100.80938653088133,13.124925638309291],[100.80964886230048,13.125017570907607],[100.80991242171663,13.125272206808347],[100.81010826612668,13.125729533843767],[100.81024799727248,13.125998589952449],[100.81038713283526,13.126186275631975],[100.81073268777561,13.126387206301144],[100.81092666279154,13.126506756279491],[100.81114921142003,13.126829429738054],[100.81156721908127,13.127473891795656],[100.81191494524968,13.127970834399397],[100.81222048204076,13.128292922418895],[100.81257050969288,13.128629394064308],[100.81267555688559,13.12872694784337],[100.81302633732592,13.128928985724894],[100.8133616559636,13.129144682221012],[100.81391314159801,13.12944585757524],[100.8141519021224,13.129619287856615],[100.81449708426192,13.130082330815856],[100.81464726011956,13.13035808597594],[100.81479714043145,13.130516333832421],[100.8148482491812,13.130727258496627],[100.81499220959539,13.130866334267276],[100.81520717644288,13.131019606654375],[100.81555145038563,13.131199066878533],[100.81573815623426,13.131351427489356],[100.81585394907439,13.131574296299494],[100.81588687861775,13.132133317691075],[100.81600284123947,13.132384471422002],[100.81619017141725,13.132621533272857],[100.8163769778772,13.132787405484336],[100.81646344431658,13.132941582986358],[100.81649349565778,13.133108600120616],[100.81658017499785,13.133219830795593],[100.81679452200781,13.133288362380501],[100.81706558954309,13.133231100217573],[100.81719453731225,13.133285536714935],[100.81722361398135,13.133397211717623],[100.81715296956909,13.133509554155884],[100.817068264726,13.133594896162561],[100.81702609241667,13.133659574945499],[100.81698577423009,13.13374008703293],[100.81693059521378,13.133921253786323],[100.81692649170957,13.134067038463996],[100.81693795061931,13.134212676086067],[100.81701610494734,13.134417780930555],[100.81723360234899,13.13475518023591],[100.81732017478957,13.134851714173649],[100.81739380250687,13.135144963727107],[100.81753719967736,13.13528404049514],[100.81820963627823,13.135489424384257],[100.81831053954254,13.135572306609294],[100.81836833804621,13.135670228550181],[100.81844124441638,13.135865151139965],[100.81849904292007,13.135963035347222],[100.81862882432578,13.136130456337678],[100.81875815298062,13.136241385584412],[100.81891546595315,13.136310355479743],[100.81898806420118,13.136463482750052],[100.81901874076979,13.13671523741829],[100.81900698990756,13.137079097310622],[100.81905097591547,13.137260674508159],[100.81948265503705,13.137719728827372],[100.8196130077713,13.137969629375915],[100.81970045337431,13.138179147080473],[100.81982642322829,13.138536405309123],[100.81991275581868,13.138753852588268],[100.81996826272007,13.13901220613845],[100.81998767800829,13.13929902533355],[100.81996132772606,13.139398652517377],[100.81987364137456,13.139469317757115],[100.81975570156089,13.139499511374874],[100.81966533553492,13.139596186038878],[100.81961605934831,13.139788603595081],[100.81955951579106,13.139861344612598],[100.81943104592565,13.139872397655184],[100.81938468207721,13.139916782155362],[100.8193859217523,13.140085111985526],[100.81935844138945,13.140267231956221],[100.81910617559305,13.140841818851882],[100.81902217053755,13.141094347593798],[100.81902331139796,13.141249165474475],[100.81912422903531,13.141415641585377],[100.81958267346077,13.141594286779815],[100.81985394760859,13.141564155529821],[100.82226298126555,13.141044297282619],[100.82236290446789,13.14107068886357],[100.82239235124288,13.141155224308756],[100.82236518079881,13.141379139216342],[100.82232270485892,13.141407687993684],[100.81984189042086,13.141886219594896],[100.81981358540453,13.141956465969628],[100.81984333940341,13.142082795846086],[100.81972993967517,13.142180744057693],[100.81970205147718,13.142307482344155],[100.81951656643901,13.142322382589246],[100.81941643482755,13.142267705779833],[100.8189300788479,13.14213105700493],[100.81851606599469,13.142189333594743],[100.81833141279645,13.142317180231727],[100.81827567592636,13.142499500621627],[100.81827701531445,13.142681379984138],[100.81822106913685,13.142835416555323],[100.81807895476061,13.142948301414615],[100.81798026225022,13.143089090962524],[100.81793885440719,13.143257722166632],[100.81789769539751,13.143537085002462],[100.8179128113488,13.143635270574347],[100.81829020348114,13.144472035921421],[100.81842211569072,13.144933209459612],[100.81849650338278,13.145323597878317],[100.81854152335154,13.145645295726807],[100.81854936384734,13.14670950883791],[100.81850907979673,13.147030661636766],[100.81836944387233,13.147480207316677],[100.81838579231218,13.147745576062405],[100.81854687551402,13.148248340310371],[100.81886504710953,13.148875423197978],[100.81969891815346,13.14962535767256],[100.81992811880664,13.149749127550136],[100.82012855720104,13.149804202457544],[100.8203002333367,13.149873032952993],[100.82039303918701,13.15002490522758],[100.82042675834951,13.15022239957724],[100.82042163705407,13.150311695803145],[100.8204120116058,13.150333199112534],[100.82039201420923,13.150357072140089],[100.82036668351489,13.150359509216452],[100.82032108503105,13.150354204682658],[100.82016681285573,13.150381287195756],[100.82001843273036,13.150428652719432],[100.81976944129318,13.150587464100395],[100.81950917869412,13.150703407916636],[100.81921155965398,13.150758641815468],[100.81902007207306,13.150744152343709],[100.81887518369921,13.150640110493583],[100.81880600084591,13.150484664339823],[100.81870564465564,13.150471824645097],[100.81847788310354,13.150543482169601],[100.81829384165802,13.150754958214627],[100.81822371018379,13.150937342313965],[100.81809629224558,13.151091884558284],[100.81799646426468,13.151079041396331],[100.81793886967857,13.151009403839662],[100.81782066306528,13.150922127679911],[100.81770335925883,13.150885676586443],[100.81753893162924,13.150944446208502],[100.81729721654585,13.151152924121087],[100.81690087175764,13.151576000067422],[100.81651841402544,13.152012563964748],[100.81629032997817,13.152112470280175],[100.81604961292305,13.152379692859501],[100.81579640748888,13.152828891956009],[100.81558518392117,13.153264245595869],[100.8153185971825,13.153938373467035],[100.81509292151851,13.15428904816479],[100.81498076236372,13.154556473061794],[100.81492594357184,13.154864179545624],[100.81484704903198,13.155108785315772],[100.81480049114745,13.155286486314196],[100.81468974594091,13.155433023694842],[100.81446185323479,13.155564581072136],[100.81435590413356,13.155654552400682],[100.81426128907627,13.155800976720014],[100.81420862354611,13.156324468838609],[100.81406946911869,13.156527664893],[100.8138682258338,13.156677100405707],[100.81370875690456,13.156701957767789],[100.81356850653252,13.156679217265987],[100.81336878768866,13.156722462443577],[100.81324177848387,13.156933495791536],[100.81315833128221,13.157186019337175],[100.81304534837228,13.157424090284497],[100.81297824511888,13.157942020020155],[100.81282420201397,13.158391629669188],[100.81271212909743,13.15867149135474],[100.81273052569611,13.159056649776041],[100.81283908889485,13.15931685123064],[100.81286146592856,13.159462448495747],[100.81281452087016,13.159582545683895],[100.81262874118457,13.159641463673717],[100.81240559158316,13.159709715838348],[100.81224949313285,13.159807963163273],[100.81206564752009,13.160047681292372],[100.81198097950791,13.16021661835901],[100.81191193858842,13.160311992891405],[100.81178180773804,13.160329867848922],[100.81162497895741,13.160328715839231],[100.81148729507215,13.160418947835581],[100.81124878427937,13.160592337854428],[100.81100978031152,13.16070364616415],[100.81070765891516,13.160852643519624],[100.81047484793288,13.161020365919732],[100.81027521442898,13.161235316933832],[100.81013308567964,13.161348161832748],[100.80994830671729,13.161461308457593],[100.80973521734873,13.161644736876781],[100.80959407045805,13.161814070838719],[100.80949506802891,13.161996657516349],[100.80938063164487,13.16242340254545],[100.80927287872652,13.162824147716732],[100.80918937313434,13.163146716558364],[100.80904924493318,13.163455024554663],[100.80862649506552,13.164140393271417],[100.80853755107262,13.164350046939054],[100.80848596172417,13.16454814466584],[100.80842475860553,13.164929310437309],[100.80829652050548,13.165993375104444],[100.80819072681277,13.166738671152872],[100.80822978106974,13.167107874638969],[100.8082814818093,13.167475806633536],[100.80833279896822,13.167868618796112],[100.80843154807245,13.168130038962932],[100.80855529190116,13.168415013480017],[100.8086545180108,13.168664027294952],[100.80874239839842,13.169091603910722],[100.80875897950192,13.169698204227853],[100.80879865539309,13.170079806325523],[100.80898352867854,13.170446834677115],[100.80925784452194,13.171062907966732],[100.80951426053493,13.171515286395621],[100.80964352451106,13.17184653550067],[100.80966419115249,13.172227123994455],[100.80963091036786,13.172644262970657],[100.80956066390927,13.172966776018821],[100.80944119875626,13.173264757468131],[100.80922455475412,13.173515960911624],[100.80880139705133,13.173828524264724],[100.80853597093602,13.174032646073625],[100.80829402139234,13.174212872520595],[100.80797985089309,13.17436983867066],[100.80779898858535,13.174549633656151],[100.80768048193475,13.174978665940426],[100.80760105199903,13.175543034060016],[100.80751900976246,13.175833975675154],[100.80750573535748,13.175986599814765],[100.80756805328538,13.17623583684011],[100.80777816653539,13.176659146738823],[100.80807691296121,13.177071723792674],[100.80829034458789,13.177401233548267],[100.80840823768914,13.177752925123384],[100.80849192833428,13.178237026430367]]],[[[100.79876315404434,13.188149611229752],[100.79887531050419,13.188192880585717],[100.79901078633047,13.188345608091741],[100.79905726157001,13.188629981816561],[100.79903791724868,13.188981494568019],[100.79888557106136,13.189596057952784],[100.79861903193341,13.189883778257101],[100.79848515870157,13.189950284125768],[100.79828355968381,13.189973134362559],[100.79801513678869,13.189930962091186],[100.79790129868265,13.189735173784428],[100.79789873039924,13.189383813425597],[100.7979422456899,13.189185773410077],[100.79818490669932,13.188701634297725],[100.79849500693201,13.18821705953906],[100.79862884153631,13.188150554073573],[100.79876315404434,13.188149611229752]]],[[[101.15233146557291,13.600228609995661],[101.14929366691258,13.599644892725324],[101.14694804622982,13.59872755920212],[101.14543498954225,13.597992838344462],[101.14338172017881,13.596386150443141],[101.14119953089399,13.594629234571787],[101.13975630744002,13.593757141382884],[101.13848902532261,13.59260795824409],[101.13697491580953,13.590528935554913],[101.13683304757167,13.588678768088151],[101.13673732309499,13.586563884486829],[101.13693593790936,13.585081274316476],[101.13683134077262,13.583588862946478],[101.13673403526106,13.583425908566577],[101.13660713565075,13.583055334940818],[101.13603496361199,13.581958911566121],[101.13573675797196,13.581345843089267],[101.13548336568819,13.580708663145227],[101.13516321959568,13.580095780921186],[101.13493609225418,13.579877452690706],[101.13448400071441,13.579682519095655],[101.13414645694978,13.579641324028499],[101.13360530912765,13.57955785983339],[101.13301932010154,13.579431842674639],[101.13223067743549,13.579306407002566],[101.13126111586787,13.579094459423604],[101.13019875383984,13.578574858554598],[101.12952692270346,13.578212375477595],[101.1294396738315,13.578073057770409],[101.12947313427918,13.577942850167711],[101.12947156222742,13.577766638337964],[101.12942260763771,13.577326508994783],[101.12935055826038,13.576821060779885],[101.12927987971212,13.576469249192581],[101.12927418708817,13.575831092118811],[101.12927143554846,13.575522711163718],[101.12917919563677,13.575281792929953],[101.12892878036985,13.574975525325598],[101.12867640228403,13.574449036196626],[101.12865192768412,13.574228972042899],[101.12876197400138,13.5739422432005],[101.12904955346993,13.573367100024401],[101.12931345244924,13.572661090032529],[101.12948708152229,13.571998786626368],[101.12959653225651,13.571645437114238],[101.12997513980942,13.571180190080639],[101.13019812232419,13.570935433065932],[101.1302194923465,13.570803071642199],[101.13017345548481,13.570693902403475],[101.1300575647283,13.570321007911712],[101.12985021289947,13.569794135584319],[101.12956753643576,13.569688095570346],[101.1290058890589,13.569051278152493],[101.12856740160576,13.568762455132424],[101.1282923078214,13.568471127298551],[101.12760680073313,13.567996856039713],[101.12675736727518,13.567456242375073],[101.12602001931019,13.567184656209083],[101.12522754982106,13.566951920588716],[101.12328320118581,13.565795954258638],[101.12224220289185,13.565138357759739],[101.12196830386678,13.56498026435308],[101.12177898931054,13.564986389373164],[101.12154425054365,13.565075369811629],[101.12135083697478,13.56520352970325],[101.12109375351351,13.56551182626057],[101.12090033904632,13.565640022593294],[101.1206397844948,13.56568513750732],[101.12045829426468,13.565660694259678],[101.11966104124664,13.565472065237353],[101.11891525630452,13.565160957618367],[101.11848372989652,13.565066347330262],[101.11832048894141,13.565277828893194],[101.11780771889916,13.565788246051051],[101.11745666986252,13.566112032470553],[101.11699548737205,13.566381414030905],[101.11656646456876,13.567158811552195],[101.11618992583597,13.567668071107978],[101.11556945497767,13.568339821999249],[101.11472937118521,13.568852971935144],[101.11385976066767,13.569099826002756],[101.11282561023111,13.569215890210739],[101.11187121941201,13.569143795440331],[101.11099642202204,13.568804403949795],[101.10987331681279,13.568068345126367],[101.1089400319113,13.567249356037037],[101.1086383129602,13.567012455082898],[101.10806477548222,13.566856877009233],[101.10749104756138,13.566675351080621],[101.1068597412241,13.566121495031238],[101.10636269439425,13.565406153720735],[101.10569274971998,13.563545691053536],[101.10516787937084,13.562750331751362],[101.10478521951769,13.562567188016244],[101.1046216282196,13.562542582020308],[101.10424097789772,13.562651987295412],[101.10392730147188,13.562628645796011],[101.10366855433071,13.56261724182793],[101.10305276369503,13.562315204577999],[101.10261435170038,13.562026328827987],[101.10244942999736,13.561854857506319],[101.10240807964654,13.561747898761723],[101.10240714629695,13.561641745995891],[101.10245952077297,13.561427802068465],[101.10275224040154,13.560639135419715],[101.10292792841325,13.56046479439498],[101.10327981917129,13.560234780296591],[101.10375416018402,13.559950652631821],[101.10410535295108,13.559641578626419],[101.10425355521002,13.559426826863117],[101.10431946370413,13.559173235882412],[101.10433110227693,13.558986767438311],[101.10426108668538,13.558773854209068],[101.10388964409519,13.558351123831642],[101.10360669274701,13.558018001927717],[101.10336817297105,13.557875430745005],[101.10304013248381,13.55773246387956],[101.10276742552313,13.55770766526058],[101.1018730008425,13.557625951273264],[101.10132724735794,13.557602301010943],[101.10074921920184,13.557458065972765],[101.10046276622067,13.557380264213352],[101.10018959303436,13.557302349774723],[101.1000660522249,13.557236760853062],[101.09996997560863,13.557144919215888],[101.09994238385468,13.557092071484556],[101.09987311476313,13.556959325085607],[101.0997364855,13.556919830729587],[101.09957312596725,13.556921204408457],[101.09936949765526,13.557003128226711],[101.09923431467976,13.557124008401509],[101.09899153239782,13.557353100703434],[101.09876167148292,13.557541404325514],[101.09849025270633,13.557663429974154],[101.09809621838507,13.557760499755728],[101.09763441066714,13.557964298574074],[101.09726819447529,13.558140198494762],[101.09710483314592,13.558141570420013],[101.09695461506747,13.558062656323404],[101.09659735687561,13.557745955228429],[101.09636259115925,13.557375181698612],[101.09631972894378,13.557095373376495],[101.09635756867851,13.556802486387671],[101.09647818637002,13.556534889442682],[101.09688293399938,13.556145162782615],[101.09699098156513,13.556023400960948],[101.0969905153395,13.555970287500175],[101.09696292448385,13.555917440380908],[101.09686684068107,13.555824486535631],[101.09648304535739,13.555574671313407],[101.09627743626022,13.555430668213258],[101.096057677799,13.555191912824869],[101.09579754276072,13.55502127143864],[101.09556546300705,13.55495655343397],[101.09533293589242,13.554905423857399],[101.09522361182064,13.554812581397854],[101.09515442717073,13.554693416943586],[101.09511194045103,13.554520948266687],[101.09501457115907,13.554281164968632],[101.09483596991092,13.554123386582924],[101.0945338053954,13.553832203227479],[101.09421857847741,13.553634926148607],[101.09394575114244,13.553531016755024],[101.093454723025,13.553495598387064],[101.09316839580796,13.55343133408231],[101.09258081317053,13.55324873596229],[101.09236320347947,13.553250558538325],[101.09222693264412,13.55325169994074],[101.09202354058907,13.553360711269695],[101.09182056625063,13.553521725732594],[101.09167354168301,13.553803089238816],[101.09166117008492,13.553976017790783],[101.09166327483766,13.554216600462466],[101.09172136978538,13.554655561384447],[101.09179346857007,13.555107914312158],[101.0917679725857,13.55529450107484],[101.0916467521246,13.555428845653941],[101.09156523360582,13.555482607217829],[101.09145684917186,13.555497063681246],[101.09129333333226,13.555484883888209],[101.09065196855875,13.555356960655033],[101.0903654266444,13.555333373917206],[101.09027028247938,13.555347718608349],[101.09020276689927,13.555414948092936],[101.09014932612301,13.555508007766681],[101.09009703698696,13.555802162621685],[101.0900163125789,13.555881903601202],[101.08992132472073,13.555909793856337],[101.08979836871455,13.555910822591622],[101.0890761708368,13.555850236363899],[101.08893993593411,13.555851376007251],[101.0888311733094,13.55589181718697],[101.08870936714676,13.555959463950026],[101.08860107793419,13.556054166940742],[101.08843911797666,13.556215908774766],[101.08833047303128,13.556269898088862],[101.08822193049382,13.556270805435505],[101.0881255574335,13.556204983061031],[101.08800142283762,13.55600606354797],[101.08747777599392,13.555277311195034],[101.08733933213388,13.55502543005975],[101.08732370234625,13.554825640632124],[101.087336423389,13.554692241489619],[101.08746882068883,13.554251686870591],[101.08762903432145,13.553890001531956],[101.08762752515176,13.553717189065999],[101.08757138673472,13.553570817328641],[101.08744787467137,13.553438556263444],[101.0872973978781,13.553333616290987],[101.08694194080839,13.553216841316218],[101.08664195560577,13.553178667640735],[101.08606967037932,13.553157498853945],[101.08568854484867,13.553147096106221],[101.08478637579196,13.552834960191094],[101.08358475064037,13.552475606160364],[101.08335263585242,13.552406361135262],[101.08327122153823,13.552407039691374],[101.08317611600079,13.552421380192657],[101.08312207604821,13.552515592050794],[101.08301563556854,13.552822597741663],[101.08290965322962,13.553117200430128],[101.08284329737455,13.553317712639135],[101.08283165431014,13.553570847894076],[101.0828750564131,13.553849472681849],[101.08293104930308,13.554048964262691],[101.08309642555361,13.554274637956498],[101.08313890329015,13.554447109432045],[101.08314052744417,13.554633507208647],[101.08310107074196,13.554807772169159],[101.0829670268302,13.55499530145071],[101.0827908636097,13.555116514498087],[101.0824921540148,13.555225166048626],[101.08200204756885,13.555295916681118],[101.08157983669035,13.555273451244204],[101.08123818762486,13.555156552341732],[101.08104712135385,13.555091478943776],[101.08086987566344,13.555092955681777],[101.08061140969494,13.55510869328921],[101.08038037288534,13.555163698493997],[101.08009424509432,13.555192066524322],[101.07972678563408,13.555222221307215],[101.07901855206745,13.555175036449654],[101.07858330034597,13.55524532425223],[101.07765800865388,13.555398715349462],[101.0771413767542,13.55546967814009],[101.07661028197845,13.55547409350098],[101.07636156183246,13.5554230443786],[101.0760098929583,13.555345790380089],[101.07562646774052,13.555136581015205],[101.07521475187951,13.554793238813938],[101.07477645127598,13.554516706673734],[101.07446242001558,13.554386020686351],[101.0741896070537,13.554348753679353],[101.07405348893194,13.554363432028797],[101.07382221676374,13.554391336434843],[101.07330591095251,13.554569596895902],[101.07306135898945,13.554597611312895],[101.07277492397458,13.554586403450614],[101.07237983952274,13.554563733595648],[101.07197055540118,13.55450046338934],[101.07177991313496,13.55448849750246],[101.0716437950132,13.554503173223379],[101.07142718155382,13.554624716627044],[101.07119699365217,13.554773466567884],[101.07072407287589,13.55523038833606],[101.07052077514393,13.55535181871322],[101.07037077086454,13.555366610528608],[101.07026203159603,13.555340416142418],[101.07012426147247,13.555168693726772],[101.06998744895303,13.555103199405076],[101.06987857403888,13.555131196293281],[101.06978392574393,13.555198646782069],[101.06970320313249,13.555345047208794],[101.0695830040559,13.555599045735637],[101.06935542576012,13.556053932025952],[101.06915339734769,13.556322194958213],[101.06850763891411,13.557221069670636],[101.06835855271292,13.557342051035569],[101.06820919162729,13.557356872418744],[101.06804567219443,13.557344642070509],[101.06786800249921,13.557293031827955],[101.06725024455304,13.55695926482888],[101.0665785607404,13.556462111405036],[101.06623418798296,13.556231130194318],[101.06595826325693,13.556166783666869],[101.06556583512338,13.556119169338691],[101.06477740176481,13.556008237165171],[101.06410848206826,13.555896277077801],[101.06356022228407,13.555784428718827],[101.06235774103801,13.555325589393698],[101.06112088396097,13.554833083714168],[101.05928295424586,13.55412753910667],[101.05763393843836,13.553438487272849],[101.05629250758079,13.55272882789572],[101.05505539089064,13.552203567089203],[101.05532340864555,13.551480657720296],[101.05562159003107,13.55030560589374],[101.05595213861456,13.54893040105749],[101.05618175878097,13.547772866771432],[101.05620673913239,13.546717552005703],[101.05612796047522,13.545545638959393],[101.05593158516086,13.544592718538356],[101.05542422567157,13.543323791871726],[101.0550976000309,13.542534590057794],[101.05551349305797,13.542427229616596],[101.05569462935186,13.542342157626543],[101.05586439746583,13.542215350437232],[101.05604534870676,13.542108810791897],[101.05632128241596,13.541907727572372],[101.05637407281195,13.541803351929611],[101.05637299573193,13.541677987214021],[101.05633933855317,13.54152124061622],[101.05628451616802,13.541322878237743],[101.05629420090509,13.541239215429348],[101.05634743686545,13.541186807821086],[101.05644290352565,13.541144230560894],[101.05661347563182,13.541111178856992],[101.05670942199232,13.541058455943245],[101.05689933931812,13.540784639653355],[101.05698359680021,13.540648393386336],[101.05701482583275,13.540522725011002],[101.05702423927863,13.540407417080807],[101.05699052011612,13.540177268293704],[101.05695646588201,13.53997873536508],[101.05697685045244,13.539863335469644],[101.05701884220039,13.539779407523264],[101.05713553245749,13.539653037389353],[101.05720947278851,13.539527054082301],[101.0572086669997,13.539433299954112],[101.0571756413366,13.539349951760791],[101.0570246983177,13.539184028202286],[101.05699136273586,13.539069070710656],[101.05699045992897,13.53896402658161],[101.05703222889476,13.538849599108568],[101.05716988493226,13.538680117161134],[101.057329643119,13.538595220248553],[101.05744675468597,13.538584114687707],[101.05757563867473,13.538604523207733],[101.05778967576589,13.538654696474294],[101.05804688049975,13.538757630719736],[101.0581109654138,13.538757103214692],[101.0582493392052,13.538671235161051],[101.0583772476236,13.538639680914249],[101.05853768583501,13.538638360404319],[101.05874030623724,13.538636692299784],[101.05880755142447,13.538598900559327],[101.058836241818,13.538582821251406],[101.05886814009543,13.538530624409573],[101.05886714925367,13.538415401975984],[101.05881257390521,13.538311909509087],[101.05865101908788,13.538187866086341],[101.05845745280541,13.53803243682915],[101.05844418828192,13.537968137778298],[101.05845052859118,13.537900309479092],[101.0584772642507,13.537854892350389],[101.05854186120445,13.537777552295623],[101.05864846427923,13.537556391303047],[101.05868040477746,13.537443191967125],[101.05871435301036,13.537294922886524],[101.05900154261006,13.536925395191744],[101.05909060697722,13.536811725688088],[101.05936351336391,13.536391492506247],[101.05952220075882,13.536182339828899],[101.05963439764288,13.536070701411672],[101.05991473489361,13.5359780358786],[101.0600060118113,13.535985206187968],[101.06013300664303,13.535984159899227],[101.06023443452344,13.535966370369996],[101.06029290856023,13.535916176449266],[101.06032917893813,13.535840179870721],[101.06031194296277,13.535780466260006],[101.06027458382674,13.535734429511836],[101.06019954665275,13.535600643240471],[101.06014651640658,13.535474558224433],[101.06012751524169,13.535345936015654],[101.06012552277836,13.535114379707291],[101.06007807286674,13.5345680423116],[101.06007410860143,13.534441516570794],[101.06014167718214,13.534173259524442],[101.06013369295592,13.534120207559861],[101.0601076678638,13.534045871557616],[101.06004734329751,13.533946979852375],[101.05996206892254,13.533832451276179],[101.05994384749532,13.533724143667795],[101.05995109240811,13.533559176895936],[101.0599919513805,13.533409739443638],[101.06002775553276,13.533279517846831],[101.06001077108567,13.533116971757929],[101.05996565499716,13.532973905290932],[101.05993099350191,13.532766308584266],[101.05995253061086,13.532653195181053],[101.06007553602441,13.532461252583275],[101.06040026082992,13.532154714070712],[101.06069184678465,13.531897011839366],[101.06075009714091,13.531825349426756],[101.06080811303693,13.531722078552601],[101.06091343780903,13.531550640400685],[101.06098980448965,13.531504815065587],[101.06127676322232,13.531443706453576],[101.06152112294592,13.531329867516579],[101.06169930378252,13.531104747611629],[101.06183424960281,13.530818944931639],[101.06193892579128,13.53051084880944],[101.06293753618027,13.528758419528952],[101.06312697650063,13.528369410702188],[101.06323465306215,13.528203579056127],[101.06336881195827,13.527962978810798],[101.06366045540514,13.527304279393636],[101.06383477258771,13.526969586438863],[101.06411087248523,13.526452193974588],[101.06425882591085,13.526205853730142],[101.06436435729547,13.526124768249398],[101.06445724399418,13.526121744541863],[101.06455293343656,13.52617177894869],[101.06480234887857,13.526377603166239],[101.06489619138473,13.526415214306686],[101.0649967236448,13.526425674994154],[101.06519007253496,13.526420710600178],[101.06546727646196,13.526369858744934],[101.06574376622832,13.526302021900733],[101.06608971642738,13.526186230206111],[101.06642709939361,13.526081761202811],[101.06660843870675,13.52596055432328],[101.06696181437997,13.525635671265521],[101.06712713583326,13.525460330740904],[101.06725006039844,13.525321505280722],[101.06727792254529,13.525139414869187],[101.06725417737738,13.524996136612529],[101.06726908312288,13.524851429381238],[101.06741378644379,13.524562176234786],[101.0677640773023,13.524015924676272],[101.06817189627162,13.523446580682492],[101.06848074874439,13.522846479905949],[101.06888109822214,13.522082900799623],[101.06919504234594,13.521402543612348],[101.06947217889932,13.521011659772114],[101.06986482262852,13.520556559753308],[101.070126408446,13.520231321704438],[101.07021408401771,13.520093897658402],[101.07029547228078,13.519889896083896],[101.07044578917392,13.519248129256129],[101.07069602657441,13.518148055846218],[101.07066801890048,13.517979975866309],[101.07063375266395,13.517818721619522],[101.07048358129791,13.517609860951747],[101.07031753041259,13.517498260993598],[101.06958833286218,13.517213972240667],[101.06913951388496,13.516910410853997],[101.06865658048653,13.516397027446216],[101.06813860380889,13.515706589408707],[101.06773802526074,13.515241088829734],[101.06743994807982,13.515146419383809],[101.06720751349161,13.515035364172071],[101.06690811129565,13.514787052123422],[101.06677972317691,13.51469098149791],[101.06662414485116,13.514587176510664],[101.06634275926652,13.514493478945663],[101.06619479416281,13.514469861081301],[101.06608807879863,13.514478662753879],[101.06603120466136,13.514507337844481],[101.06598580290859,13.514664772153507],[101.0659043787129,13.514728703663186],[101.06576969879394,13.514776121013913],[101.06559556935927,13.514797879292978],[101.06548145097882,13.514816884485613],[101.06508426985913,13.514811127639199],[101.06395200542725,13.514771894434579],[101.06381986953716,13.514780868163818],[101.06374626607435,13.51481312257734],[101.06367678857364,13.514854376042711],[101.06350198450419,13.515268139232372],[101.06343527920446,13.515363560660504],[101.06326958584862,13.515429334064043],[101.0631058274639,13.515447598530772],[101.06283867927819,13.515461088783201],[101.06269467304992,13.515497329475776],[101.06256778062615,13.51557518248647],[101.06235893040744,13.515787005888486],[101.06218946592402,13.515951051265573],[101.06210788452319,13.515996918897379],[101.06200909679139,13.51598644290363],[101.06183161484408,13.515952886355322],[101.06165409965912,13.515853811577418],[101.0614734026414,13.515780748586117],[101.06134063164239,13.51578184125578],[101.06120761181006,13.515820211338568],[101.06075283340925,13.516098465439143],[101.06054909999442,13.516236805402423],[101.06046589803282,13.516358384944581],[101.06028004917694,13.516764315193543],[101.06023699831525,13.516790655322087],[101.06014400831032,13.516785756234846],[101.06004916328429,13.516767361729103],[101.05997274629802,13.51674085826596],[101.05990570053677,13.516664600525989],[101.05986711789534,13.51653728617114],[101.05984741245126,13.516462859958175],[101.05978047269123,13.51639903983979],[101.05964621048888,13.516288281306158],[101.05960626689978,13.516209542864905],[101.05961020331735,13.516130444542121],[101.05965292359899,13.516065684517679],[101.05974849715872,13.516036692557256],[101.05984844192058,13.515979383792052],[101.05989293098503,13.5159134629295],[101.05987194095009,13.51575550101575],[101.05986051976956,13.515636996539529],[101.05989623049707,13.515562151668714],[101.05995202845261,13.515403522215301],[101.05996954200739,13.515227145249971],[101.05998270052967,13.515076824604188],[101.05997474415122,13.514753813338684],[101.05995326004286,13.514674885727286],[101.05987779347417,13.514622425980345],[101.05970858770557,13.514548118830973],[101.05940288831944,13.514442212280377],[101.05925077928731,13.514407298185812],[101.05908454065408,13.514405295383291],[101.05892934860393,13.514416714763845],[101.0588426189582,13.514400473109932],[101.05870025754524,13.514355336242039],[101.05856716584768,13.514319154769916],[101.05832238840749,13.514312134040393],[101.05813048849986,13.514286614673908],[101.05753124932329,13.514072365260237],[101.05715931445633,13.513913881553986],[101.05704504605724,13.513849299983406],[101.0570157870301,13.513803232793078],[101.05700612295426,13.513757004880098],[101.05700540609868,13.513673429339521],[101.05705070185026,13.51343241438356],[101.05715958215426,13.512868947864138],[101.05729523315205,13.51219798802777],[101.05747488992066,13.511740102338173],[101.05750231368965,13.511642746510207],[101.05745969940922,13.511587757451581],[101.05737438101679,13.511533081076299],[101.0572322702338,13.511450665574966],[101.05640677238659,13.510903900943417],[101.05588136125165,13.510686818493802],[101.05546944686296,13.51051059526122],[101.05521218553527,13.51019414271555],[101.05509717512777,13.510042579459634],[101.05502674271791,13.510043156815382],[101.05494189953427,13.510043852961401],[101.05468750562895,13.5101283748554],[101.05392533272108,13.510300679168715],[101.05337412466612,13.510375268894926],[101.05297865753198,13.510502773460123],[101.05259113599649,13.51054659213858],[101.0522126281566,13.510494353341183],[101.05173154977921,13.510263313546824],[101.0514328922866,13.510099703605444],[101.05121943550711,13.509977187144699],[101.05099257137199,13.509910157077227],[101.05072291329338,13.509828743745658],[101.05042480736633,13.509734052934572],[101.04997751642343,13.509534381842791],[101.04935100439482,13.509101194276251],[101.04924905998311,13.508858016373393],[101.04922321365576,13.50873736935857],[101.04922175748671,13.50856680909566],[101.04944297571025,13.508247547529054],[101.05033407303107,13.507557934902582],[101.05085051808118,13.506797982384063],[101.05111994888601,13.506308900769618],[101.0511916640901,13.505918605359339],[101.05118895117793,13.505601174544106],[101.05103613427337,13.505212679956243],[101.05033078429882,13.504268424674436],[101.04909775404487,13.502767052566172],[101.04693617570595,13.500470034604358],[101.04535476980169,13.498996319764188],[101.04409724428659,13.497592245515394],[101.04334149253636,13.496551206054374],[101.04261117658342,13.495582286114555],[101.04130382241785,13.494154871525518],[101.04019805379525,13.492944946390216],[101.03891806051659,13.491809872711054],[101.03821631817623,13.491280128292747],[101.03734027661956,13.490750649999109],[101.03588973279432,13.490055257324395],[101.03476350324452,13.489358372376486],[101.03403595769592,13.488705667980941],[101.03345544390142,13.487833741981037],[101.03267206536296,13.486450624813246],[101.03254327390066,13.485963638203859],[101.03256149532788,13.485184027603349],[101.03282821142396,13.484304124575301],[101.03282491640351,13.483914400309937],[101.03277283477826,13.483695683353298],[101.03264671400733,13.483452690096208],[101.03237248889381,13.483171360576069],[101.03172813812029,13.482598189014011],[101.03066991463078,13.481675925319074],[101.0298448003642,13.481088365193543],[101.02882246906185,13.480518240001846],[101.02756924018877,13.479806533352873],[101.02648248440919,13.479332939014427],[101.0253960466332,13.478892096573354],[101.02462146709296,13.478544757121609],[101.02335193828903,13.477817314989867],[101.02203230595012,13.476960338130052],[101.02069566311302,13.476071877789977],[101.01970569631369,13.475437075291286],[101.01843676488944,13.474772860928816],[101.01739897717431,13.474284132176532],[101.01664228309137,13.474001030708708],[101.01506236300058,13.473483882442055],[101.01264255405177,13.472539649358904],[101.01199999451893,13.472239774525457],[101.01133994658414,13.471779641321245],[101.01087681474951,13.471333737295657],[101.01056141355834,13.470886649582742],[101.01004332548956,13.469734003396775],[101.00987441885995,13.46920556239162],[101.00975489801141,13.46864392917964],[101.00968339480973,13.467889865051816],[101.00953056263381,13.467420005399733],[101.00919762632827,13.466738067559641],[101.00863185209097,13.46574737931966],[101.00816792794225,13.465204303330728],[101.00760574786442,13.464711725062099],[101.00721000764243,13.464457317827172],[101.00669415997199,13.464259247809913],[101.00597427884937,13.464167822893746],[101.00545319489913,13.464171981352226],[101.00488403760647,13.464298532120308],[101.00382001279684,13.4645984920397],[101.00316366232778,13.464651142741598],[101.00267935181201,13.464570269609341],[101.00219457237567,13.464428430551667],[101.00187156245401,13.464382436823042],[101.00136314744425,13.464386485201038],[101.00109036233012,13.464340052904545],[101.00096537343643,13.464232587381931],[101.00092715191774,13.464148195143459],[101.00081486160889,13.464039516941513],[101.00057882118315,13.463967952966396],[101.00047954386953,13.463968742724711],[101.0003926130012,13.463994273583216],[101.00036911666659,13.464152636657046],[101.00036054314553,13.464577443811722],[101.00022626746843,13.464808983827615],[100.99996622854987,13.464908187238459],[100.99981789693355,13.46490936750318],[100.99959456856737,13.464911143578794],[100.99934713301228,13.464997846280275],[100.99919893883816,13.465083757448461],[100.99893956916448,13.465195393260252],[100.99871623990002,13.465197169333754],[100.99851778318914,13.465137742064687],[100.99840513175758,13.465053941587865],[100.99833029850113,13.465005932531938],[100.99823112269713,13.465019158305317],[100.99808393643278,13.465153628883847],[100.99781256077533,13.465350091571031],[100.99697234582885,13.465708103109693],[100.99637816057405,13.465809995149373],[100.99577261612248,13.466070077721213],[100.99552487783512,13.466120648887024],[100.99542549631694,13.466109000056205],[100.99526368907303,13.466013113400921],[100.99496347569834,13.465724057159735],[100.99478956635089,13.465628302266881],[100.99471479867147,13.465592730188463],[100.99449076692447,13.46550977466234],[100.99429114330201,13.465378057938391],[100.99359279839003,13.464749856115045],[100.99321554459827,13.464493021118013],[100.99222024270451,13.464242194641379],[100.99155598436596,13.463966161158499],[100.99119956699721,13.463580372637702],[100.99110843650489,13.463235423913686],[100.9909743315077,13.462999239031969],[100.99081892745514,13.462913478253501],[100.9905756169638,13.462872500619927],[100.99011256148596,13.462919071234735],[100.9895617756392,13.463031893572056],[100.98921096016457,13.463250445966338],[100.98883889055028,13.463620532434526],[100.98866426794051,13.463859161111106],[100.98846682183432,13.463990618330429],[100.98815784359742,13.464036003216897],[100.98780357589712,13.463910020167329],[100.98722745666103,13.463611806640516],[100.9862519886704,13.463036597195332],[100.98603042729042,13.462972825700923],[100.98580997263487,13.462974567719348],[100.98565604361599,13.46306277551289],[100.98530611837177,13.463389778408169],[100.98515321163569,13.463606725621363],[100.98500159128709,13.463975103598905],[100.98476080146844,13.464171312154923],[100.98445275298785,13.464325109546539],[100.98414469462578,13.464413385858707],[100.9838361421903,13.464437291727728],[100.98361508117191,13.464439036356346],[100.98335168524915,13.464549577817589],[100.98315384388425,13.464702504836831],[100.98291393531288,13.465006019020569],[100.98282883431276,13.465396452034581],[100.98267720857427,13.465764792312322],[100.98241408933261,13.465982644189028],[100.98210624117633,13.466092387323325],[100.98186364304898,13.466138351893884],[100.98146588431256,13.466054533421497],[100.98115676234518,13.46601402895365],[100.9808474634097,13.46601646722427],[100.98045215707397,13.466235360224751],[100.98016802803446,13.466561802290711],[100.97979878272345,13.467277565237387],[100.97940812786426,13.468057871966231],[100.97899599698157,13.468968242470469],[100.97858361546895,13.469770226569009],[100.97794892966955,13.470423630885827],[100.976899501585,13.471597772137656],[100.9747853695644,13.47419914594904],[100.97468641384766,13.474097124697087],[100.96300605948443,13.460816305508903],[100.96967951347445,13.45539577481602],[100.96963739416569,13.45504587637808],[100.96964081315367,13.454969037180552],[100.96947961137428,13.454663011602351],[100.96928214730177,13.453946070805797],[100.96919787544665,13.453663171556876],[100.96910717704398,13.453371289822714],[100.96886476217297,13.452730403167285],[100.96875908705792,13.452299672483527],[100.96872170905726,13.451890987228621],[100.96869423318597,13.451282289708388],[100.96870205930871,13.450828126221452],[100.9686660296793,13.45058438491505],[100.96858415452938,13.450242718218449],[100.96840952832635,13.449635171513457],[100.96818631763949,13.448232705931499],[100.96808115186917,13.447511635195033],[100.96796214395866,13.446790674120875],[100.96769426095106,13.445293640680138],[100.9676201436519,13.444905602891579],[100.96756385341955,13.444445128831608],[100.96745292854996,13.443439432536316],[100.96745285129484,13.441167585945331],[100.96743280808423,13.440903395228522],[100.9673136124258,13.440084149478238],[100.96726416286437,13.439399957376239],[100.96720606073011,13.438855872790391],[100.96724420768865,13.438154041133611],[100.96725703742753,13.437533700442737],[100.96728996427595,13.43732784425541],[100.96731225776637,13.436662266012826],[100.96741481842236,13.435863906243823],[100.9674340459627,13.435606183148433],[100.96752529054105,13.434978491274475],[100.9675676461067,13.434579363091238],[100.96759815109709,13.433719411934517],[100.96767529302382,13.432990142062613],[100.96773616646072,13.432598790359643],[100.96789416305123,13.432018035082683],[100.9680864663024,13.431048356674069],[100.9683329244905,13.430060191037535],[100.96856034468279,13.42936254513276],[100.96886744993232,13.428665349804776],[100.96894449214602,13.428564205631906],[100.96911286158311,13.42840249090141],[100.96916435301517,13.428280075014765],[100.96926414596179,13.427708770343703],[100.96941207423455,13.427238814420464],[100.96988958180869,13.42621267591311],[100.97014291031205,13.425367938512789],[100.97031067787788,13.424993816453986],[100.97040838942797,13.424733220961306],[100.97061955909675,13.424306786120368],[100.97081212285939,13.423792430633554],[100.97091733444377,13.423602924941418],[100.97098580672967,13.423508622906605],[100.97106603616601,13.42343684673493],[100.97117815579493,13.423389660301684],[100.97130980389984,13.423399884335492],[100.971340487655,13.423272004804881],[100.9713749191815,13.423176857699538],[100.9714063862676,13.423144961409132],[100.97143872741447,13.423145856155013],[100.97138119391377,13.423097700647595],[100.97126873741662,13.423034205999048],[100.97124088694784,13.422944025342295],[100.97134885007198,13.422883321494366],[100.97142316410216,13.422795748130136],[100.97149498620576,13.422546646541511],[100.97155974126299,13.422418500927959],[100.97175114799553,13.422184269789192],[100.97179470191378,13.422081129795053],[100.97186648718645,13.421966478584975],[100.97195038713905,13.421922880476041],[100.9718563164608,13.421781281809446],[100.97185333674899,13.421698828397224],[100.97199661983346,13.421439024468956],[100.97209186820304,13.421372719299766],[100.97220589226035,13.421345877597545],[100.97233634021602,13.421348226323072],[100.97243077561026,13.421326054108595],[100.97222294767434,13.421244055780607],[100.97215184781624,13.421155360755474],[100.97214105276146,13.421106877180328],[100.9721901016743,13.421037566106097],[100.97222978654861,13.420946893633177],[100.97228748713594,13.420737437206341],[100.97234197624611,13.420412806121499],[100.97239232232621,13.420289252860371],[100.97244987469152,13.42020069903594],[100.97252573651893,13.420163938856652],[100.97263694166293,13.42014389332846],[100.97270533040549,13.420039411195448],[100.97267969787717,13.420007960993257],[100.97267714306852,13.419977478068922],[100.97269494049091,13.419897157825412],[100.97279735741647,13.419717854026034],[100.97285114943399,13.419664349375179],[100.97298091826329,13.419657670140095],[100.97295920867785,13.419541491264528],[100.97292645430595,13.419485257732614],[100.97291138686369,13.419339634703464],[100.9730658701431,13.41903454404823],[100.97313737154815,13.418959429533182],[100.9732561593714,13.418881649932743],[100.97335514383427,13.418847004125587],[100.97340213470676,13.418808248000365],[100.97343103800104,13.418740205007623],[100.97347595286692,13.41844726192646],[100.97384791468333,13.417785759125758],[100.97390422378029,13.417614702378669],[100.9739491620024,13.417394054959189],[100.97409095568013,13.41709132108514],[100.97421192461289,13.416928826189123],[100.97425964491744,13.4168358331044],[100.97430701847225,13.416630973643612],[100.97450820606157,13.416326627520391],[100.97459696230659,13.416238939918616],[100.97464088812737,13.415968621748394],[100.97479560766368,13.415836365755929],[100.9748354335735,13.415698235991195],[100.97494974509172,13.415489446067545],[100.97508527571527,13.41505912210854],[100.97517722547114,13.414871979284699],[100.97523988206389,13.414774352485738],[100.97531708507604,13.414689013107965],[100.97543258955693,13.414561580696729],[100.97594566772136,13.414288697761576],[100.97637050976532,13.413815423932535],[100.976371238299,13.413765703309194],[100.97642114689958,13.413584552067226],[100.97657952976562,13.413266990933062],[100.97657495734083,13.413202653078821],[100.97653278233653,13.413127280713203],[100.97651656684737,13.413049448543195],[100.97659451995276,13.412986721066611],[100.9766734567134,13.412970295143763],[100.97672049160336,13.41293712872219],[100.97674455836815,13.412846579020297],[100.97674666491748,13.412752795302058],[100.97684282867034,13.412373604690249],[100.97705422740952,13.411834185311449],[100.97725320065169,13.411259881889276],[100.97733032101884,13.411095472006551],[100.97729791698991,13.410943211600211],[100.97735015851524,13.410769964556378],[100.97737711426197,13.410746023626842],[100.97743470435653,13.410736540054065],[100.97744612643537,13.410718349733825],[100.9774595688253,13.410669676180561],[100.97743374315918,13.410619052249348],[100.97743924174705,13.410583990185545],[100.97746973326272,13.410502422479661],[100.97750650040898,13.410480663455369],[100.97782378896059,13.41054821420482],[100.97795515858776,13.410594642062913],[100.97803381148076,13.410474271452145],[100.97796853001076,13.410112116787579],[100.97781995225603,13.409935927855294],[100.97781557746059,13.409826387959853],[100.97783258526387,13.409718939075598],[100.97797466191088,13.409377777801643],[100.97815191658442,13.409112041247882],[100.97827144731443,13.40876994499073],[100.97843375042842,13.40843765697481],[100.97857016948576,13.408116897811974],[100.97882358871901,13.407634786127307],[100.97899845117894,13.407358888467712],[100.9790716809426,13.407213684518981],[100.97941373155498,13.406564850242448],[100.97958861737116,13.406005393837715],[100.97959426597764,13.405919504323279],[100.97957658174298,13.405805516507966],[100.97958770827609,13.40575575053545],[100.97970892155064,13.405550311885071],[100.97987482331563,13.405163762657054],[100.97994025749924,13.405050307526432],[100.98028046387037,13.404320084609434],[100.9804018532147,13.404131599062339],[100.98056897040027,13.403967629964685],[100.98071728584695,13.40369193956708],[100.9807261827615,13.403577780295507],[100.98076909977424,13.403462206211714],[100.98092363246096,13.403308479023309],[100.98104669357006,13.40312112693803],[100.98100759080404,13.402783643944355],[100.98102728277338,13.402722483222378],[100.98110632104367,13.402649566583602],[100.98120718298544,13.402637485609697],[100.9813164360903,13.402592575839885],[100.98135376288698,13.402500774382503],[100.9813224305482,13.402479549430375],[100.98130662199584,13.402446912862318],[100.98130768470281,13.402368944408392],[100.9815262313367,13.401997824917112],[100.98159654516894,13.401917055620425],[100.98168196147772,13.40185197282711],[100.98171845912941,13.401797492473728],[100.98173765612704,13.401749884088773],[100.98177044912647,13.40152481613163],[100.98181012771256,13.401438660238769],[100.98187820923133,13.401366939517482],[100.98196834888188,13.40131540656602],[100.98201063976883,13.40126195287055],[100.98203685260883,13.401152173081734],[100.98200257649084,13.401053049912276],[100.9820085395077,13.401005545368742],[100.98203534433746,13.40096805782647],[100.98225772138771,13.400787810119491],[100.98238086693844,13.400537194039666],[100.98238626311834,13.400489693763534],[100.98243125973096,13.400420413444387],[100.98254196900487,13.399985766612579],[100.98262467060486,13.399870990384196],[100.98267150337391,13.399739578421443],[100.98280120932114,13.399588303528621],[100.98299000015957,13.399458071998204],[100.98315086237581,13.399306552247008],[100.98323581066234,13.399041502777903],[100.9833103627461,13.398984463990484],[100.98344960790334,13.398935913023989],[100.98352270202136,13.3988438305344],[100.98354060634328,13.398777020154379],[100.98352362459114,13.398748908825503],[100.98346054219698,13.39872456559524],[100.98335289527984,13.398683618068988],[100.98327162289945,13.398622102389208],[100.98323723269544,13.398578320902605],[100.98319011605878,13.39839341632438],[100.98319302929524,13.398324502424915],[100.98321790903535,13.398264411928331],[100.98325338081096,13.39822800405701],[100.98331316369314,13.398200399506218],[100.98349955872472,13.398202342110292],[100.98356801753587,13.398176964167284],[100.98365255080074,13.398073464322405],[100.98370831911188,13.397911479141532],[100.9837306305686,13.397888722769196],[100.9838717999172,13.397862775031712],[100.9839743920142,13.397780603536706],[100.98459270332259,13.397753164095542],[100.98466955958502,13.397769513283984],[100.98480862507921,13.397768420075662],[100.98497906243809,13.397659765108036],[100.98508752502551,13.397514284402984],[100.98509978343586,13.397464508849746],[100.985076434425,13.397360746537581],[100.98480979288907,13.397279255615299],[100.98466973745144,13.397159491794623],[100.98457417107826,13.397111638681849],[100.98432853844193,13.397060484952133],[100.98416776336228,13.396876473176915],[100.98415411256322,13.39683027162399],[100.98419077999647,13.396658256182036],[100.98422451353204,13.39661734500665],[100.98429687821806,13.396579461790374],[100.98436145810382,13.396574438774842],[100.98449094216723,13.396603924084282],[100.98478677984814,13.396584682300844],[100.98512798963745,13.396611355489773],[100.98521899167068,13.396591427717546],[100.98523790839393,13.396578878043949],[100.98524620523389,13.396534723916016],[100.98521056008342,13.396480772798665],[100.98514087597022,13.396425978382313],[100.98491149385734,13.396313691866741],[100.9846467953774,13.395980240988262],[100.98453795370095,13.395793563942789],[100.98441116817671,13.395738070269978],[100.98435758367,13.395677484513957],[100.98434727999371,13.395619966045203],[100.98439814709668,13.395487375523205],[100.98446232004562,13.395432676133087],[100.98453187839472,13.395333809274023],[100.98457149679366,13.395309807383851],[100.98469481661758,13.395288477805824],[100.98472172116031,13.395267943453666],[100.98475122363089,13.395204447569308],[100.98469717379686,13.395156305688237],[100.98455505043744,13.395134803942817],[100.98424324250739,13.395032196765721],[100.98420895381298,13.395005368725419],[100.98419307159877,13.394968215817041],[100.98419381809879,13.394916236690854],[100.98421413080399,13.394861846523703],[100.9842526712246,13.394844589178277],[100.9843541619871,13.394840423401009],[100.98456926088693,13.394894075146082],[100.98467403589009,13.394866153868872],[100.98469268401706,13.394820808330499],[100.98469633117712,13.394772212829764],[100.98465532937263,13.394696832938392],[100.98445807909917,13.394633971339445],[100.98431095481858,13.394565126273381],[100.98428153139974,13.394495282343431],[100.98429657279088,13.394429641754462],[100.98440718684337,13.394408450171429],[100.98476017893596,13.394396644055691],[100.98495909468593,13.394450422612254],[100.98505376903206,13.394458711360112],[100.98511773447019,13.394448064885083],[100.98517625252441,13.394404664524298],[100.98515182373858,13.394312237739245],[100.98506020456274,13.394183024045001],[100.98482468695649,13.394032360870247],[100.9847712434853,13.393915286114535],[100.98484412021104,13.393584845933622],[100.98486618193611,13.393531588017819],[100.98493529202585,13.393447458418903],[100.98494178594706,13.393395433522231],[100.98487751957332,13.393226470723151],[100.98490284847107,13.393078273051779],[100.98489100148909,13.393039978552443],[100.98482682494688,13.39295574828485],[100.9846471466187,13.392785434149863],[100.98461892424743,13.392719023200996],[100.98462884883466,13.392661308274493],[100.98465693556034,13.392641912371808],[100.98471053084684,13.392634679215888],[100.98490995863654,13.392677201640431],[100.98531881875326,13.39272366615668],[100.98549616056339,13.392678221465442],[100.9855245554112,13.392627172533361],[100.98546818073723,13.392576789491891],[100.98482584668155,13.392485812656705],[100.98469519301166,13.392451820208098],[100.98460483596881,13.392407330624074],[100.98457430672389,13.392345417468531],[100.98459753086891,13.392291003999237],[100.9846353445525,13.392259093123265],[100.98485253652693,13.392222367995865],[100.98488690157814,13.392189336786631],[100.98488783313108,13.39215997415439],[100.9848650114313,13.392125134862248],[100.98472925173735,13.392104730449438],[100.98458985027324,13.391986072143679],[100.98454181915162,13.391901715667261],[100.98453123070938,13.391804626595826],[100.98454368405417,13.39177402561546],[100.98460838521251,13.39171480649847],[100.98464228403805,13.391698733047708],[100.9847735054432,13.391728204972431],[100.98483057810816,13.391725461833316],[100.98486772434346,13.391681118054557],[100.9848622787562,13.39157951000883],[100.98477226936136,13.391438993695031],[100.98477485561106,13.391399437910566],[100.98480094358523,13.391348407058945],[100.98514451863868,13.391378468028911],[100.98520235666827,13.391326039821202],[100.98520204135959,13.391287618328805],[100.98524083241017,13.391236487829859],[100.9853366233622,13.391169065361071],[100.98535087243923,13.391145261428877],[100.98533831848313,13.391094497060324],[100.98530590008117,13.391078945281608],[100.98476251275905,13.390949913368583],[100.98470900281254,13.390898360707796],[100.98469108411757,13.390825057719917],[100.98470444116751,13.390761688251628],[100.98474369754544,13.390698116897285],[100.98475956808156,13.390590676944525],[100.98479079891072,13.390530573155765],[100.9848154819198,13.390515682878252],[100.98495745346391,13.390519083199351],[100.98515903092209,13.390404520928319],[100.98519564535475,13.390369213848516],[100.9852173064312,13.390336282882821],[100.98522275022184,13.390225556049689],[100.98526239916353,13.390135994909901],[100.98525490631573,13.390066014240629],[100.9852245064282,13.390019944212138],[100.98517812012187,13.389988658744485],[100.98508322568853,13.389957753417466],[100.98499829896156,13.389943762343472],[100.9847288555803,13.389939104477895],[100.98469117305079,13.38992244539824],[100.98464683490327,13.389859530992213],[100.98464347250918,13.389730771081256],[100.98461943359217,13.389685761025538],[100.98450673005831,13.389659511782844],[100.98439246884575,13.389516964284182],[100.98432010775301,13.389485882369256],[100.98422828196463,13.389474202727182],[100.98417429770765,13.389438460309833],[100.98416480431173,13.389405773034332],[100.984177697831,13.389290435085528],[100.98422333673901,13.389156774919455],[100.98427785729021,13.389050178465316],[100.98438978378137,13.388977002503893],[100.98446245209797,13.388976431847537],[100.98472910800692,13.389130220628363],[100.98507556036422,13.38923481407164],[100.98531544647768,13.389287160588456],[100.98553537472047,13.38937242508746],[100.98565721232416,13.389382758057645],[100.98570956074903,13.38936653938408],[100.98572724947527,13.389342672352949],[100.98572662873943,13.389266976157426],[100.9856727953994,13.389171374272751],[100.98570330577972,13.388954245286584],[100.98571814055832,13.388651358500525],[100.98565317529525,13.388540037513481],[100.98565110288192,13.388499371398051],[100.98569487958234,13.388419956486482],[100.98570629357633,13.388331763205123],[100.98568642104564,13.388301416962594],[100.98562323983674,13.388264599471544],[100.98539772317454,13.388203144922967],[100.98534383144406,13.388174175934392],[100.98531243712148,13.388145067991838],[100.98529671301075,13.38805819857251],[100.9853343137936,13.388000265800416],[100.9854597509466,13.387956376638909],[100.98553376943107,13.387908337302395],[100.98573542324604,13.387946288300389],[100.98580115567036,13.387938997325739],[100.98589489127698,13.387833204323629],[100.98598071901417,13.387814464333543],[100.9860104784029,13.387787095416014],[100.98602015146189,13.387767807484598],[100.9860134042158,13.38765040284126],[100.98606336671526,13.387481651863494],[100.98603778449258,13.387174603431999],[100.98606755555942,13.387079455147651],[100.98600173510022,13.387002049752944],[100.98600060322298,13.386933130843355],[100.98604913021462,13.386870595805659],[100.9861850857413,13.38677690944832],[100.98621359108191,13.38673489109998],[100.98621222474434,13.386706656891125],[100.98615989698072,13.38666075837958],[100.98605520282597,13.386624305057257],[100.98599570560805,13.386547960440867],[100.98594816766153,13.386450013653398],[100.98593269507907,13.386393683243149],[100.98592567025356,13.386237818053129],[100.9859453325785,13.386173289446901],[100.98598710783246,13.386131130293764],[100.98597630289623,13.386081537654977],[100.98594435970304,13.38605465356058],[100.98582630131176,13.386011530463632],[100.9854981548233,13.385957618934885],[100.98544777999714,13.385933174784844],[100.9854174735344,13.385898394017351],[100.98540142333522,13.385840883698398],[100.98544276470292,13.385745681578353],[100.98547710729622,13.38550253663664],[100.98550086144726,13.385443602619977],[100.98553979982158,13.385405981566379],[100.98563228676998,13.385360093293791],[100.98573245700899,13.385259876471103],[100.9858089413689,13.385157623388595],[100.98611127925925,13.384669460145791],[100.98614419353126,13.384602568926068],[100.98615120667866,13.384544877397049],[100.98611100796802,13.384428844977984],[100.98607731755162,13.384396349283843],[100.98602637588847,13.384376426617642],[100.98529784668463,13.384256732406838],[100.98497631449163,13.384229903165446],[100.98430582992987,13.384221619308835],[100.9842462114394,13.384199469014206],[100.98422104872996,13.384155615864339],[100.98422331967103,13.38408215351819],[100.98427711168856,13.384025241398877],[100.98435718212308,13.384009953960451],[100.98444890460517,13.384009233852414],[100.98447495215514,13.384022577698467],[100.98452102315279,13.384010924882794],[100.98466442122162,13.384050446050711],[100.98496761520641,13.384086489021598],[100.98512513209656,13.384086399882037],[100.98523061497217,13.384145429487841],[100.9854056606884,13.384175704593039],[100.98549143273006,13.384150154757107],[100.98563517934518,13.383812383853426],[100.98568150187113,13.383762303964501],[100.98575945138326,13.383769614291834],[100.98591042763981,13.3838158471913],[100.98607262295594,13.383823643415548],[100.98614468580804,13.383818524002759],[100.98622213406027,13.383764831336517],[100.98623747099711,13.383735354941205],[100.98625750252963,13.383434684840925],[100.98604108849621,13.383283871615692],[100.98585700572819,13.383211874568158],[100.98582390909817,13.383182778260567],[100.98583573002901,13.383148777506909],[100.98586837300981,13.38311801812053],[100.98594032447077,13.383099387877444],[100.98606319064545,13.38309731231551],[100.98619802597297,13.383074782635783],[100.98626061249713,13.383039271731402],[100.98627880427996,13.383007477608389],[100.98627781074323,13.3829555492085],[100.98624164636654,13.382907228345379],[100.9861146632129,13.382831413894886],[100.98606101672247,13.382762945609262],[100.98600949744261,13.382741879717793],[100.98598674221815,13.382710408032835],[100.98594035411519,13.382540193267792],[100.98593403446716,13.382401277075074],[100.98598349480839,13.382245005547935],[100.98609513653359,13.381994478524328],[100.98624201826908,13.38182726169144],[100.98642414360808,13.38173432232626],[100.98644227879704,13.381695755105326],[100.98644593134698,13.381504824068029],[100.98643818517428,13.38147775069451],[100.98638090050693,13.381458988361601],[100.98637511984808,13.381385626568381],[100.98634901660256,13.38136547206244],[100.98607765801312,13.381342764813477],[100.98604455239995,13.381317039017619],[100.98604516505097,13.380828988591722],[100.98605192756841,13.380805206359385],[100.98615122913655,13.38074682701221],[100.98616018533997,13.380713995232304],[100.98614764396028,13.380378562517507],[100.98613519241211,13.380340272115552],[100.98585251055852,13.38026904849098],[100.98579335739535,13.380234494127532],[100.98577391785263,13.380113783223559],[100.98573266631644,13.380076829895138],[100.98508436565064,13.380028801221687],[100.98485273685125,13.379991083189669],[100.98481101100461,13.379969940149724],[100.98471233107065,13.379827269807647],[100.9846911119653,13.37977094833543],[100.98467320494844,13.379486381636497],[100.98453056056617,13.379469436931162],[100.98449849879536,13.379427895349735],[100.98449727798491,13.379278796023261],[100.98449021992171,13.378629258059323],[100.98443586555881,13.378612730161683],[100.98376310107288,13.378605609322168],[100.98371743072381,13.378596897042932],[100.98366349677246,13.378562301364587],[100.98363727405101,13.378527488070858],[100.98363176109011,13.378491401445116],[100.98362177092582,13.377972930456773],[100.98359104584817,13.37795625481831],[100.98281623094931,13.377953262449555],[100.98278030911774,13.377934367877222],[100.98273847547328,13.377830750086179],[100.98271068968323,13.377817419006211],[100.98233730134211,13.37780565053024],[100.98229219064351,13.377791307426245],[100.98226482526499,13.377759908505421],[100.98224789022524,13.377593978669493],[100.98227600479871,13.377365540927476],[100.98232155836675,13.377290629262609],[100.98235545539569,13.377274557470797],[100.98342950450559,13.377251439083464],[100.98353896781622,13.377233625522509],[100.98356651375607,13.377213087008505],[100.98358290980667,13.377174533046782],[100.98359325660211,13.376886377491356],[100.98357776695164,13.376827787448031],[100.98355170143536,13.376812148227433],[100.98234012564535,13.376666876905354],[100.9823146081014,13.376653527408143],[100.98229460800992,13.376607374410749],[100.98227780592084,13.376244876873319],[100.98203418191748,13.376224168729584],[100.98202965620509,13.37602201100897],[100.98202076827367,13.375993836720495],[100.98198894635301,13.375981646913175],[100.98007437058124,13.375727781887647],[100.9800407187924,13.37570431726863],[100.98003594963654,13.375685141982729],[100.98006040447353,13.375429636243208],[100.98004968487723,13.375390184450719],[100.98002417721474,13.375373429978099],[100.97883969820698,13.375225668780798],[100.97876370702217,13.375175437661309],[100.97874550266292,13.375136045255781],[100.97870487635421,13.374823410522685],[100.97884669787967,13.374600896420104],[100.9788173481227,13.374470080681192],[100.97875637227786,13.374350804540983],[100.97860342871083,13.374340710388839],[100.97850848127689,13.374228473876041],[100.97759153403547,13.374130586751376],[100.977547577672,13.374118492984671],[100.97749930849682,13.374069190647031],[100.97705317009245,13.373198270745258],[100.97706479788548,13.373140580854797],[100.97709671772246,13.373090614983644],[100.97715920183867,13.373042669691399],[100.97720982010829,13.373023060710874],[100.97729660634791,13.3730574386952],[100.97770821441109,13.373722992045098],[100.97776763167892,13.373794825003287],[100.9778569098451,13.373847209834134],[100.97799470242656,13.373904881202431],[100.97813970308981,13.373933138760743],[100.97848439295254,13.373894275768402],[100.97862814046599,13.373903331681673],[100.97906108172054,13.374078445815156],[100.97925732408426,13.374089311679224],[100.98132099953196,13.373879993608389],[100.98134028815772,13.373839159840248],[100.98131020357887,13.373549060989014],[100.98126908499336,13.373527913014007],[100.98094453895257,13.373560957270385],[100.98092558539837,13.373573544849856],[100.98092476613485,13.373611976160053],[100.98090707651028,13.373635806296061],[100.98079631423573,13.373637821636596],[100.98077112457685,13.373590560760242],[100.98074450210511,13.37358062651008],[100.98051374197662,13.373579028045748],[100.98048792619197,13.373598442963011],[100.98048657512579,13.37378483919824],[100.98045567218168,13.37381558404512],[100.97976618016683,13.373805176120916],[100.97973366115353,13.373781700827218],[100.97973171001274,13.373755729516647],[100.97975718982748,13.373343184962442],[100.9797903628143,13.373307905969874],[100.97995180803716,13.373294240788324],[100.97994091686265,13.373164391810356],[100.97953021699622,13.373170976201145],[100.97951605685238,13.372992622521934],[100.98001029285371,13.372969540429997],[100.98003347028636,13.372909464580056],[100.98003506749093,13.372822496152278],[100.97858158797133,13.37286437272448],[100.97852146013612,13.372849035636118],[100.97846063610655,13.372822378167921],[100.97838607324303,13.372729194116475],[100.97834233786509,13.372605265031579],[100.97834014867074,13.372545387479555],[100.97836488917198,13.372468381183495],[100.97839809898974,13.372437618685517],[100.97856530510852,13.372356128067437],[100.97858391640455,13.372301751157689],[100.97858016144669,13.372267872970738],[100.9785396096981,13.372246756345847],[100.97817870524453,13.372276676370678],[100.97815954058625,13.3722632768145],[100.97814473185879,13.372213677824819],[100.97794462045114,13.372224274593187],[100.97792424845713,13.372201853141704],[100.97792049439757,13.372163457439013],[100.97791351628443,13.372086699225774],[100.97793363585187,13.372008581104728],[100.97795116827126,13.371965503561158],[100.97802222860348,13.371907347554176],[100.97972762716981,13.37169969772998],[100.97972301521914,13.37156076742102],[100.97974299195442,13.371534661280858],[100.98040402803602,13.371450379793423],[100.98043271663292,13.371430941980085],[100.98043716239525,13.371410583881952],[100.98041430027129,13.371222118885933],[100.98038843328267,13.371165831234819],[100.98036416349865,13.371156989339928],[100.97980144083837,13.371200928756439],[100.97975345373422,13.371116570243487],[100.97967195677501,13.371100253329889],[100.97959938547646,13.371116627925137],[100.97955547582536,13.371105718228826],[100.97951188058462,13.370994189868879],[100.97947129110685,13.370968520649734],[100.97829809943062,13.371001427170601],[100.97827715071817,13.370977861585461],[100.97825435686616,13.370871834777127],[100.97821192763868,13.370833778835051],[100.97791041080851,13.370857606623874],[100.97788828979462,13.370834051512249],[100.97786862746968,13.370759649960808],[100.97785068991011,13.370753016562047],[100.97708562173206,13.370880972082725],[100.97701741355087,13.370866845309958],[100.97683773791762,13.370128291162676],[100.97669390147098,13.369537456703311],[100.97673578721771,13.369508884874341],[100.97774259203868,13.369380114958743],[100.97776305296594,13.36934382507599],[100.97776077034678,13.369272656757181],[100.97778600941299,13.369256652600413],[100.97829595784697,13.369181479719488],[100.9783083195636,13.369139589397887],[100.97818096360912,13.368237933223199],[100.97820219079931,13.368151920986604],[100.9782272816435,13.368117853437759],[100.97825889874824,13.368105167688176],[100.97915761108771,13.368019069754615],[100.97919429738562,13.367992795427574],[100.97897258598694,13.36690774878228],[100.97883327704933,13.366306700072279],[100.97872875986263,13.366012667973596],[100.9786779044378,13.366002885484171],[100.97812027612348,13.366104417794187],[100.97807239502053,13.366102533488],[100.97793136041925,13.366068616848601],[100.97770299879255,13.365938208999365],[100.97756415877548,13.365890725495696],[100.97731920975707,13.365849698971921],[100.97698897827885,13.365819517702386],[100.97641841332613,13.365818347438498],[100.97627328779706,13.365778797934702],[100.97611511064521,13.365696445065575],[100.97604997649889,13.365632542848537],[100.97554020772797,13.364805054104428],[100.9755247576034,13.364750980513101],[100.97555772218109,13.364546234031568],[100.97556317405653,13.36451002470219],[100.97549869478206,13.364312850256358],[100.9749772901333,13.364470545776923],[100.97489253049295,13.364475723283942],[100.97483162651334,13.364434404607263],[100.9748000803755,13.364386082652359],[100.97472494079355,13.364226231819105],[100.97469758619484,13.364195941971692],[100.97454220999003,13.363816458114204],[100.97452719824334,13.363746536223109],[100.97448514630825,13.363680194179866],[100.9744444427444,13.363500899182176],[100.97437533445131,13.363301465514452],[100.97436479721301,13.363214554800329],[100.97430038980376,13.362956371910151],[100.9742704812947,13.362895599613861],[100.97425046413522,13.362772632986285],[100.97412132951648,13.362500222724584],[100.97403681781121,13.36225237757345],[100.9740245234682,13.362163222931731],[100.97403945616318,13.362083997737345],[100.97405128787379,13.362046627370079],[100.97413254947439,13.361964664777391],[100.97417276794798,13.361945138799637],[100.97471485181462,13.361852807062165],[100.97495259095456,13.361788798072952],[100.97510770574959,13.36177855568919],[100.97540551343594,13.361727664521208],[100.97584823105575,13.361611229564756],[100.97617029684807,13.361488960607742],[100.97622274139263,13.361485183183312],[100.97635954223398,13.36142196069601],[100.97648234283167,13.361413116695783],[100.97693501198816,13.361251403146138],[100.97695655269035,13.361203778005729],[100.97679126896629,13.36095430762848],[100.97674012967381,13.360909506327502],[100.97653990687508,13.36061733014793],[100.97648425354826,13.360514965225439],[100.97648200865838,13.360452865577628],[100.97640623486585,13.360428581405163],[100.97624286365502,13.360344011110804],[100.97599012534478,13.360334693361258],[100.97588827884942,13.36029821071053],[100.97581853454908,13.3602343428974],[100.97575547910434,13.360142215896087],[100.97573749483236,13.360055362601958],[100.97576058872171,13.359989660188896],[100.97579718339144,13.359947581233635],[100.97590162332297,13.359880095821021],[100.97637103707638,13.359718290347137],[100.97656123557486,13.359698703007171],[100.97687967576665,13.359628474020379],[100.9770037573619,13.359633130723832],[100.97718299282067,13.359609150622903],[100.97735168565124,13.359567150261846],[100.97747618586139,13.359558255501238],[100.97753946588497,13.35953406912742],[100.9775395503266,13.359405244941307],[100.97751533354318,13.35933317433641],[100.9774488680936,13.359318997942754],[100.97721794806499,13.359370479573512],[100.97714601816358,13.359321363005797],[100.97712691638735,13.359241293461013],[100.97715702162749,13.359182310196221],[100.97723732113239,13.359126340495681],[100.97739624658089,13.359092338096518],[100.97744248556351,13.359032081365545],[100.97763668875155,13.358933428558281],[100.97765615165048,13.358914064900734],[100.97767239139417,13.35885629992412],[100.9774708013596,13.35847040466845],[100.97738662292925,13.3583332436014],[100.97731458253506,13.358270541198554],[100.97728291871793,13.358282079015266],[100.97724830393507,13.358349019492278],[100.97725308746395,13.358513898903459],[100.97720513808905,13.358577536433478],[100.97685033229789,13.358643572228694],[100.97657289660555,13.35865140160549],[100.97641675054454,13.358674091763767],[100.97634599563953,13.358694966602611],[100.97619436271451,13.358779736749071],[100.97613445945809,13.358791495665706],[100.97606407825222,13.358788676112798],[100.97599634887307,13.35876321797867],[100.97597878770758,13.358728335401135],[100.97600263169016,13.358685208288685],[100.97597247883932,13.358663972483081],[100.97590972972012,13.358679158396026],[100.97585977440716,13.358710052002548],[100.9757387605586,13.358724544823305],[100.97566325176908,13.358658501184156],[100.97561689690379,13.358565094904796],[100.97559592573349,13.358399195558492],[100.97573100989435,13.358269354291842],[100.97574710411097,13.358189009958455],[100.97573356829625,13.358156354278558],[100.97558466085981,13.358148483807188],[100.9755234119271,13.358134266265399],[100.9755070203681,13.358108406890951],[100.97553978641811,13.358023415383675],[100.97551298967318,13.357917456296894],[100.9754764381226,13.357895123538423],[100.97537433830234,13.357897067341529],[100.9753164661368,13.357870384622094],[100.9753087505068,13.357846753076918],[100.97528925706516,13.357788156658795],[100.97530893016989,13.35772473917179],[100.97529978532027,13.357664915609769],[100.97526288612167,13.357595164116281],[100.97518480455719,13.357500895647846],[100.97515997512271,13.35742764455536],[100.97516081325087,13.357316916585027],[100.97490725388047,13.357066984204744],[100.97479786423169,13.356879154771256],[100.97476417022203,13.356850062277241],[100.97460391347026,13.356794822713217],[100.97453483841483,13.356743386855781],[100.97436041433275,13.356573055864974],[100.97431548958536,13.356511251494414],[100.97429761490785,13.356442500417442],[100.97434857543558,13.356395756211546],[100.9743678011793,13.356347037590421],[100.97430673101137,13.356215321324331],[100.97420847508221,13.356192396697903],[100.97410716308445,13.356221394003198],[100.97407859486179,13.3562555261616],[100.97395994807403,13.356137843961928],[100.97396284693745,13.356066635037651],[100.97401519805726,13.355976975549083],[100.97398230624312,13.355907192977007],[100.97394619486703,13.355864569669597],[100.97383309517613,13.355787491621662],[100.9737840175172,13.355782209919811],[100.97368906559167,13.355812342626043],[100.97339170975789,13.35542489373694],[100.97335867241669,13.355332530661553],[100.97336640331802,13.355292934863559],[100.97340818665685,13.355251926639909],[100.97346852739278,13.355224358243879],[100.97351599347408,13.355170868099888],[100.97352839202162,13.355133494039809],[100.97352792220273,13.35500585792318],[100.97338696755151,13.354980969252786],[100.97320436790201,13.35501400643626],[100.97301544321461,13.354980457949448],[100.97297251542214,13.354950289304426],[100.97291462259533,13.354855862478642],[100.97283333314695,13.354789825646858],[100.97269418231284,13.354772845118923],[100.97227272512087,13.354591960643917],[100.97221738081453,13.354596945203641],[100.97213300116157,13.354643911760014],[100.97196643733822,13.354877906216686],[100.97193088651085,13.35490416973596],[100.97188467357937,13.354897755280909],[100.9715134160421,13.354501846114763],[100.97133663298412,13.354254718188532],[100.97102645369964,13.353996152501244],[100.97067263246207,13.353614802283913],[100.97060726565211,13.353521543511096],[100.97053511656172,13.353375253025218],[100.97051383098108,13.35330989578277],[100.97050635250633,13.353170987220217],[100.97046327828848,13.353122753034462],[100.97044327370541,13.353075452302743],[100.97017066286445,13.352819997775052],[100.97013626367726,13.35270391687305],[100.96984675822078,13.352360489749763],[100.96970226420733,13.352327704798448],[100.96965822969041,13.352300912209207],[100.96955502494237,13.352236192719728],[100.96933584050461,13.352167894922076],[100.96924484296296,13.352116628515025],[100.96919652348215,13.352065029964432],[100.96912908156386,13.351925476522597],[100.969071009074,13.351878470105719],[100.96864097656434,13.351706715375371],[100.96835654569088,13.351559777877675],[100.96739821396264,13.350967375366217],[100.96706524621607,13.350886335490227],[100.96701137604509,13.350853993475805],[100.96687743364296,13.35070025893779],[100.9668391564287,13.350674568330303],[100.96640251052193,13.35061017704329],[100.96624042929186,13.350613693300442],[100.96607748747572,13.350651125746881],[100.96598618001529,13.350631510575802],[100.96578602279359,13.350629657614173],[100.96572358538977,13.350613188106136],[100.96562096724161,13.350550719688123],[100.96559635250451,13.350433450749676],[100.96556716983416,13.350391846479658],[100.96530299417374,13.350182667792801],[100.96510823852182,13.349923197481541],[100.96501936459751,13.349849332260382],[100.96484264442155,13.349749013272323],[100.9646750277727,13.349708518917508],[100.96458341937667,13.349651628401759],[100.96450764109254,13.349626228738705],[100.96432513486783,13.349600510047569],[100.96399329540525,13.349653945487216],[100.96367040585784,13.349673402536116],[100.96351608607183,13.349636173589898],[100.96343903667157,13.349593828868684],[100.96339471918537,13.34953657210214],[100.96270152790817,13.349135256922139],[100.96244749243066,13.349034386115465],[100.9621167363363,13.348936405732243],[100.96182521685692,13.348912676293423],[100.96137415568478,13.348776089286952],[100.96125630121108,13.348755530868669],[100.96112263638837,13.348701222932787],[100.96027088797196,13.348453644178857],[100.9592252346082,13.348261757708862],[100.95876258337226,13.348263075771866],[100.95801721255347,13.34817847499324],[100.95753670011472,13.348182187072398],[100.95729360791401,13.348153562019656],[100.95714439505036,13.348107255854586],[100.95677414452456,13.348047961330002],[100.95649605935027,13.348039965540172],[100.95623484094374,13.347980976041876],[100.95603117849578,13.347980289914135],[100.95583561885168,13.347906096330464],[100.95576759392678,13.347843356257012],[100.95573192811506,13.347780366189255],[100.95573353430279,13.347693359858347],[100.95499117912843,13.347490081292555],[100.95495249587565,13.347554792439746],[100.95492715619811,13.347562909738533],[100.95449363193696,13.347594462053046],[100.9543149731966,13.347543903529189],[100.95389679575375,13.347551644112952],[100.95286586218424,13.34761493491335],[100.95242123025459,13.347628541240187],[100.95108267759917,13.347598168022866],[100.95073744425569,13.347565806338904],[100.95026551881277,13.347490366232813],[100.95009835401649,13.347435162111084],[100.94966880839371,13.347241898201824],[100.94955701934481,13.347260822274185],[100.94951736680986,13.347280340699458],[100.94947339337837,13.347331505869541],[100.94943652831576,13.347410898480067],[100.94938717487406,13.347441782166198],[100.94930705682879,13.347454800267142],[100.94924125433592,13.347447420662926],[100.9488258877216,13.34730146650217],[100.94869349221838,13.347192909399627],[100.94839142741588,13.347004325843001],[100.94829942735437,13.346968865566016],[100.94821740847399,13.346957057126515],[100.94802958512113,13.346984488366518],[100.94799373335815,13.346973474440823],[100.94789235488507,13.346918909132942],[100.94778720079286,13.346827059368062],[100.94767188495817,13.346764680871988],[100.94761773091957,13.34677187170171],[100.94737710369597,13.346616723843077],[100.94702186312024,13.346557297844527],[100.94670190297897,13.346442258425665],[100.94635490803925,13.346185088103006],[100.94555980379138,13.345441041869634],[100.94501631316301,13.34500124556302],[100.94420924335559,13.344490023720057],[100.94356268901466,13.343996782009718],[100.94299672253788,13.343629412384125],[100.94219506508001,13.343146387617399],[100.94199145114109,13.342999945750769],[100.94178216793439,13.342872797067681],[100.94140204222866,13.34258422119334],[100.94105230742731,13.342276236278778],[100.94024335205607,13.341673503076168],[100.93994861391303,13.341387676473687],[100.93948526827938,13.341007111366089],[100.93907730198636,13.340706305836518],[100.93874058107851,13.340507793840869],[100.93866410480344,13.34039428554351],[100.93867306729501,13.340361454389855],[100.93853426680387,13.340316205236803],[100.93850003739826,13.340361666790248],[100.9384494227219,13.340381230350873],[100.93831056833179,13.34032920624027],[100.93814859939113,13.340199397211657],[100.93722549150348,13.339677745321914],[100.93678477173688,13.339455148111298],[100.93651417042723,13.339232397731658],[100.93593252385715,13.338849360824323],[100.93565013305772,13.338736275677451],[100.93532012525998,13.338729762021751],[100.93513306188186,13.33870971845656],[100.93498538873061,13.338708588269011],[100.93475866383439,13.338706911780406],[100.93449489061919,13.338686342890236],[100.93442306222738,13.338719652394163],[100.93437503290239,13.338774252769236],[100.93417664266686,13.338855986359214],[100.93416018642915,13.338816539075632],[100.93419372592858,13.338679607216413],[100.93418890736542,13.338653657476174],[100.934111948695,13.338479143477723],[100.93408562715889,13.338435254044748],[100.93404095034656,13.33840287015526],[100.9339763551894,13.338404474097116],[100.93366777580448,13.338482531421363],[100.93341255814406,13.338591796074299],[100.93330060739842,13.338661579279762],[100.9331287282435,13.338735151608615],[100.93292663784732,13.338784150866823],[100.93289479706205,13.338768586099409],[100.93273898697097,13.338471510115394],[100.93268835522662,13.338417700716789],[100.93265202825484,13.338417976926896],[100.93248181457648,13.338487057420291],[100.93221059253095,13.338471058214729],[100.93213691720294,13.338490794996785],[100.93210839838763,13.338531696806443],[100.93214262150498,13.338704279046485],[100.9321308841175,13.338749569583223],[100.93204599422145,13.338808965161471],[100.93185922459243,13.338897346125465],[100.93185198776449,13.339004719954572],[100.93174758556218,13.339077851642482],[100.93174616083411,13.339117399402586],[100.93179237017235,13.339195008967669],[100.93177815343464,13.339223363243253],[100.93174372639972,13.339243949569314],[100.93142306557253,13.339324317688376],[100.93129084434248,13.339455262615632],[100.93126972854341,13.33948592705104],[100.93124747727381,13.339587787805844],[100.93132300223303,13.339729552801453],[100.93131483025888,13.33979062199769],[100.93112160533622,13.340080177552501],[100.93109856175253,13.34008712733606],[100.93099855770186,13.340061901482535],[100.93093815947373,13.34008268527846],[100.9309195850086,13.340138207496203],[100.93096268527761,13.340190964997921],[100.93097218675837,13.340225912313164],[100.93099602175784,13.340247202185044],[100.93105488746006,13.340252381085705],[100.93120130386825,13.34045690780354],[100.93113294027846,13.340564747695634],[100.93104327314175,13.340608335186033],[100.93102479928794,13.340605107227894],[100.93097359172347,13.34055015414026],[100.93088991814635,13.340543979674536],[100.93066944462616,13.340749041953037],[100.93057318655021,13.340757660325098],[100.93053412869997,13.340776022875783],[100.93045344291946,13.340860264380606],[100.9303267103958,13.340882700981387],[100.93016133773854,13.341052286093548],[100.93013370286543,13.341057013081155],[100.93007573817341,13.341022433871007],[100.93004746908973,13.341023759840146],[100.93000962755841,13.341052293086126],[100.92994001261546,13.3411454823783],[100.92985489454735,13.341181150665417],[100.92976786935587,13.341190845879568],[100.92967416159702,13.34115879712926],[100.92954039256973,13.34123777833247],[100.92947583244691,13.341243896839821],[100.92941681403104,13.34121950584634],[100.92936767349005,13.341281997655692],[100.92929891823484,13.341264455897472],[100.92918287296813,13.341180601747785],[100.92917868412397,13.341162568753262],[100.92929182783232,13.341028401169128],[100.92941613310806,13.340914471812868],[100.92941677360687,13.340852348767637],[100.92939271402861,13.340802814995484],[100.92937176351953,13.34077813463893],[100.92933103929445,13.340805542106551],[100.92929278902967,13.340858919180931],[100.92924905634668,13.340869432541123],[100.92911556220388,13.340768756697157],[100.92903749231751,13.340744510752058],[100.92893590992685,13.340806291188029],[100.92884807804825,13.340933491654999],[100.92878214709631,13.340985968405517],[100.92872199231161,13.340966065753312],[100.92858980611588,13.340882333870406],[100.9284333510344,13.341013461508721],[100.9283883939477,13.341017208660936],[100.9283507150114,13.340994877835518],[100.92829361719363,13.340921902312944],[100.92822610430848,13.340917862344602],[100.92819744805089,13.340941809339125],[100.92819313254427,13.340979120914398],[100.92820783976212,13.341017435920003],[100.92822781559909,13.341133635194948],[100.92818501536738,13.341194968006192],[100.9278845432779,13.341347515486522],[100.92777453828313,13.341367564077297],[100.92764525544239,13.341364031078163],[100.92741098829103,13.341355632119836],[100.92734858232824,13.341342556875492],[100.92729048558385,13.341286506994811],[100.92723265743577,13.341197694238776],[100.92719350166914,13.341136983768079],[100.92714080829121,13.341109138427516],[100.92709303049452,13.341119681495282],[100.92706462666355,13.341175241933929],[100.92704159835124,13.341255638254996],[100.92700337593423,13.341307903410057],[100.92693657271812,13.341321960239359],[100.9266448511178,13.341343389866212],[100.92653465657854,13.341344228101359],[100.92642498396044,13.341406068694914],[100.9262716855589,13.341425300023678],[100.92618572307443,13.341425952955333],[100.92609972555562,13.341417574102818],[100.92596724740743,13.341373379278378],[100.92577995406056,13.341248269824311],[100.92560122165837,13.341039506269494],[100.92553784012519,13.340903274929023],[100.92529669187874,13.340684841190205],[100.92513314190317,13.340574211304695],[100.92509192540132,13.340539504410469],[100.92504823134591,13.340483344210032],[100.92502835612022,13.340379581844294],[100.92465183265877,13.339965565094886],[100.92455519369716,13.339854462878188],[100.92453565084814,13.339787939453101],[100.92448179774517,13.339690062830693],[100.92440979328359,13.339629600219412],[100.92431828460053,13.339583983816325],[100.92425557500718,13.339532484855324],[100.92417071385721,13.339376092902766],[100.9240588475532,13.339165672222842],[100.92394777176666,13.339050162525002],[100.92371759913634,13.338976204822499],[100.92350671064024,13.338936010219429],[100.92346762853549,13.338879814683068],[100.92346223954209,13.33878156970454],[100.92351907684845,13.338673818172964],[100.92363823298098,13.338644669292471],[100.92379163648542,13.338638989508416],[100.92387707165884,13.338571668585795],[100.92396125278411,13.338350765203112],[100.92398028179679,13.338276026730233],[100.92399710814036,13.33799458750793],[100.92399543727396,13.33778336845956],[100.92397807283949,13.337414047166545],[100.92390959965527,13.337216882930701],[100.9238538717683,13.337025248887171],[100.923866313435,13.336848905119925],[100.9239037713857,13.336771805269185],[100.92401267774088,13.336608278961942],[100.92406736897199,13.336520868274294],[100.92405008179266,13.336089465360965],[100.92403549405076,13.335994657923889],[100.92397937360003,13.335901350391147],[100.92391683827985,13.335800132288497],[100.92395029423598,13.335651875723673],[100.92398345823963,13.335543156923867],[100.92396834408495,13.335381718869225],[100.92396004185512,13.335206680673851],[100.92389638992901,13.334964279341815],[100.92379334328447,13.334549296179315],[100.92365997670247,13.334244157575784],[100.92343717474905,13.333935179544726],[100.92332644750883,13.333868237545056],[100.92324687563926,13.33386884067345],[100.92311979636591,13.333847184866222],[100.92304656839887,13.333779957885762],[100.92290766190649,13.333648851671549],[100.92281773425836,13.333582861487688],[100.92281102653813,13.33353774917332],[100.92281049922707,13.33347108065708],[100.92278075061813,13.33342836335788],[100.92272241851514,13.33341866258772],[100.92266416636222,13.333419104008634],[100.92260115493492,13.333472668023704],[100.92254792346615,13.333529563223507],[100.92250917822963,13.333587459254547],[100.92241728057607,13.333635613427584],[100.92227113725573,13.333684180166168],[100.92216172694572,13.333712108527632],[100.92198647461694,13.33372246923126],[100.92143064652645,13.33375607311673],[100.92136282731578,13.33378483361254],[100.92129530814238,13.333856495770961],[100.92123731919585,13.333962033609739],[100.92115982333293,13.334010042607819],[100.92106290409693,13.334083075285736],[100.92100052508357,13.334216855129887],[100.92088900732591,13.334265158648286],[100.92082535090826,13.334241911144465],[100.92072249919811,13.334147809254031],[100.92062398545249,13.33401410017361],[100.9206182865403,13.333953135283741],[100.92063212059567,13.333876215447841],[100.9205829450204,13.333786223430652],[100.92047925967368,13.333658180940009],[100.92042512809297,13.333596472101135],[100.92024712691942,13.333263422240998],[100.92012873615148,13.333097102552804],[100.92012821063705,13.333030470627319],[100.9201277192586,13.332968319332414],[100.92012734555944,13.332920899272604],[100.9201126015107,13.33288258560572],[100.92006818161651,13.332810622467147],[100.919974306771,13.33268028493827],[100.91963017027051,13.332128189211479],[100.91947289502717,13.331858248693935],[100.9193019635949,13.331687807498575],[100.91922673058819,13.331586684657621],[100.91920378941245,13.331458068461387],[100.91921093012064,13.331189141161927],[100.91916681116209,13.330862962860893],[100.91915977555679,13.330555754080118],[100.91916674738172,13.330342173674406],[100.91925239725249,13.330158500843064],[100.91926054227717,13.330021725790179],[100.91923767296667,13.329902177689096],[100.9191980374997,13.329847096295762],[100.91916230072107,13.329778473991345],[100.91916866528484,13.329708347316927],[100.9192157468872,13.329609741972115],[100.91924923158942,13.329464853947091],[100.91923114401119,13.329366703043021],[100.91916944053094,13.32929375984847],[100.9191338789238,13.329175382703122],[100.91915890329264,13.329055434712362],[100.91921409758034,13.328887837666858],[100.91929802717736,13.32870191987042],[100.91937498494943,13.328513796530094],[100.91940795132372,13.32830794153517],[100.91947615411505,13.32810744646874],[100.9195668174834,13.327970046133792],[100.91973884575863,13.327695357117316],[100.91997762514767,13.327251833600425],[100.92034027682448,13.326864975269235],[100.92063819230869,13.326461651283987],[100.92080869434623,13.326214070724941],[100.92095839499507,13.32588872050596],[100.92098311483507,13.325730349441484],[100.92096910381157,13.325564385587512],[100.92092943241202,13.325504825915619],[100.92087645516642,13.325445329166381],[100.92073676354649,13.325429468958554],[100.92059312293257,13.325430555501692],[100.92054506216655,13.325404931263934],[100.9205089606719,13.325289963945206],[100.92051697544088,13.325208570176416],[100.9205604583922,13.325161892480168],[100.92061670191215,13.325127595088858],[100.92075969843401,13.325049696915407],[100.92085941592212,13.324967574040256],[100.92089588392942,13.32490858415518],[100.92088782424466,13.324764010623861],[100.92085792741371,13.324558630588202],[100.9207721571687,13.32428589051252],[100.92069686038158,13.324104584608691],[100.92065247731833,13.323816834241272],[100.92064884902291,13.323357042914463],[100.92037527608629,13.321943524068324],[100.92033002974205,13.321546203364301],[100.92017165046926,13.320991590907136],[100.91992030275105,13.320204902220571],[100.91959567496359,13.31941539883166],[100.91926165169656,13.318752498339332],[100.91899801772021,13.318233698883976],[100.91877873446778,13.317926946109694],[100.91860951522447,13.317756491601944],[100.9183969899979,13.317429326621564],[100.91826866296464,13.317176120345932],[100.91821146723051,13.317012740761022],[100.91816148856137,13.316896766792945],[100.91808386962921,13.31677985304634],[100.91785766216259,13.316548819204655],[100.91783604690023,13.316439403852815],[100.91785620240023,13.316363546674177],[100.91796057495816,13.316287090670349],[100.91818387188327,13.316148691447749],[100.91832964869094,13.315982630983248],[100.91841178435233,13.315789952972336],[100.91853505836215,13.315627468471019],[100.91841687779998,13.315558320256798],[100.91825101645919,13.315521183089214],[100.91808646306544,13.315496438086816],[100.91785139012525,13.315387489063934],[100.91737268240193,13.31509509524669],[100.91696636002587,13.314840579648459],[100.91687648448003,13.314784765770048],[100.91643262150824,13.314524906924506],[100.91532273321177,13.313849786109026],[100.91465330596712,13.313583701278116],[100.91372485040858,13.313387313115514],[100.91267635387695,13.313327427002607],[100.91206893733634,13.313246152468995],[100.91138360272463,13.31315868700811],[100.91072904080126,13.31310030791491],[100.90973330052961,13.313149628817232],[100.90927466835628,13.313212937364503],[100.90903230918083,13.31327350973198],[100.90891173460845,13.313342198783619],[100.90882574427619,13.313410628186364],[100.90868782952387,13.313548378589891],[100.90831707144993,13.313711570817498],[100.90817828982335,13.313738601087657],[100.90810904229136,13.313739121219934],[100.90800484849819,13.31368907574905],[100.90783123918807,13.313690380013764],[100.90748538690539,13.313717817650359],[100.90742449370555,13.313752185718249],[100.90738185427224,13.31382932175393],[100.90736493989375,13.313880277208199],[100.90729592502542,13.313905672759216],[100.90722665323891,13.313898271150917],[100.90716583370093,13.313864854202306],[100.90712221869725,13.3138222392159],[100.90690536718429,13.313823866923384],[100.90652924437148,13.313891067979307],[100.90629587643372,13.313994513021157],[100.90610682328719,13.31415748640552],[100.90596899387484,13.314311042248958],[100.90586694436027,13.314540034419212],[100.90553217549154,13.314950356754109],[100.9048720125724,13.315795843966635],[100.9048468399815,13.315897726063405],[100.90485615820593,13.315982394959004],[100.90485682116261,13.316067127638936],[100.90453944547443,13.316493163943381],[100.90422068278745,13.316741846275946],[100.90366988436423,13.317187696839476],[100.90338537084575,13.317393179288651],[100.90323096122819,13.317563813254671],[100.90303281263947,13.317743770863549],[100.90286868774211,13.317778911989098],[100.90273026633999,13.317779949613779],[100.9025992955648,13.317704114709201],[100.90237262995738,13.317485507910897],[100.90216178458041,13.317148133254891],[100.90197674151334,13.316716831282534],[100.90188616977316,13.316198972434178],[100.90188252710466,13.315732400599238],[100.9020164479472,13.31515522131825],[100.90219346995711,13.314559652518779],[100.9023976633094,13.314040696342417],[100.90257336030425,13.313275660198915],[100.90262449869844,13.312805309789965],[100.90262562788072,13.31272733771625],[100.90256083958583,13.312185518746636],[100.90247213184982,13.31190601694404],[100.90237433226486,13.311643537715675],[100.90221522445835,13.311212004769377],[100.9020306170742,13.310840595574449],[100.90194545319201,13.310274052198602],[100.90190153276114,13.30996937427175],[100.90196261370889,13.309295561653347],[100.90205153075233,13.308861097736918],[100.90209944958453,13.308573761098993],[100.90214967079882,13.308358743354541],[100.90217425948478,13.308254607042196],[100.90226962912689,13.307097022391291],[100.90231021501145,13.306756653997558],[100.90237345640745,13.306509923985038],[100.90241346377695,13.306090486058698],[100.90248629289196,13.305444832057047],[100.90250064707189,13.305070787038595],[100.90245502613018,13.304766084208877],[100.90229639173586,13.304394443956371],[100.90197300362345,13.304048913945454],[100.90167630625477,13.303795808200935],[100.90142376108234,13.303586424860777],[100.90109287563057,13.303384402181671],[100.90091078802081,13.303334935046374],[100.9006589273646,13.303285990678331],[100.9003557684141,13.303314245131036],[100.90015759557085,13.303417383471691],[100.89998458274208,13.303494382925258],[100.89982033477551,13.303512565594444],[100.89956005690509,13.303489633348526],[100.8994161719494,13.303457946771848],[100.89899276990485,13.303374149455404],[100.89878344896893,13.3033078931247],[100.89859287407636,13.303279959506225],[100.89839268182034,13.303196716377325],[100.89821918839289,13.303139262420093],[100.89802738819827,13.303022082391522],[100.89779247336156,13.302853247796781],[100.89763476423198,13.302677025994837],[100.89754656045083,13.302456267308182],[100.89752819439488,13.302320836877675],[100.89753816210127,13.302193081092332],[100.89768101758763,13.301946868338714],[100.89800010456646,13.301741134997778],[100.89824092582614,13.301484010694045],[100.89834253516622,13.301203047966375],[100.89841709892806,13.300778870456682],[100.89836773021499,13.300511474800274],[100.89875168993038,13.299821701432574],[100.89917466527517,13.299555329309628],[100.89955352974624,13.299323160906329],[100.89977737913527,13.299110215607541],[100.89996547018606,13.298819573323923],[100.90024779720513,13.298709031828443],[100.90037254445204,13.298657233925796],[100.90060038954741,13.298510931236359],[100.90084565117954,13.298310263750318],[100.90140084056786,13.297762696825631],[100.90208648779331,13.297004028766359],[100.90265677336996,13.296250701657149],[100.90297128702566,13.295755798480092],[100.90322616871615,13.295529069441196],[100.90380341264301,13.294927100169678],[100.9039627135873,13.294789192306965],[100.9040198141,13.294719871165169],[100.90405541882629,13.294700391337633],[100.90409420179205,13.294642498246164],[100.90422070614363,13.294520643913547],[100.90427242305286,13.294497674973011],[100.90478297874795,13.294069048948071],[100.90502740404854,13.293829994118777],[100.90509626081339,13.293789941514381],[100.90522195847785,13.29363758873939],[100.90542512954733,13.29343045917107],[100.90581727560989,13.293056951633103],[100.90601288735628,13.292849877520666],[100.90610630136602,13.292774619683971],[100.90631842684229,13.292538028084804],[100.90649352915241,13.292284795794689],[100.90703115108701,13.29178025814489],[100.90748874929949,13.291222121616304],[100.9083534343543,13.290355925828926],[100.909267863618,13.289288188227971],[100.91016179512354,13.288181102298974],[100.91089575554157,13.287193864695984],[100.91204772901079,13.285751547014025],[100.91453137943024,13.282768410147135],[100.91570332514313,13.281232160536996],[100.91713446266331,13.279214957369195],[100.91913877474208,13.275941648394259],[100.91999162898463,13.274462024220876],[100.92097494914916,13.272853734112054],[100.9219037757119,13.271502359756953],[100.92260898195599,13.270393263071798],[100.92327397601474,13.268934262975536],[100.92380860566115,13.267623102111788],[100.92437929547967,13.266054087717938],[100.92527933013926,13.263470358505071],[100.92605177258746,13.261310059506451],[100.92711699844462,13.258173748165177],[100.92724581505972,13.257840634906865],[100.92730113421324,13.256587328623858],[100.92731782311459,13.25607203888581],[100.92730675856525,13.255765969969625],[100.92727826041116,13.255659976638766],[100.92725752909104,13.255590092591984],[100.92730411572168,13.255430445365411],[100.92732736052797,13.255305994551065],[100.9273065932752,13.255231595090534],[100.92726652571859,13.255196877724483],[100.92726612506999,13.255146052470954],[100.92730739277583,13.254968342811395],[100.92734361284809,13.254951151554677],[100.92741261514,13.254931416714452],[100.92740530015864,13.254880643868486],[100.92739142208582,13.254802785213949],[100.92736806768507,13.254764536148391],[100.92735320685532,13.254705898178674],[100.92728639285944,13.254499686736212],[100.92715436117392,13.254280380313331],[100.92710344735855,13.254188105458297],[100.92710270984171,13.254094377337491],[100.92713250695969,13.25399582781014],[100.92715127456259,13.253888366485743],[100.92714083613897,13.25381051975503],[100.92709551343795,13.253761144821432],[100.92705485029832,13.253727542090299],[100.92702457258167,13.253688233971506],[100.92704417292285,13.253614639327958],[100.92737623696425,13.25323934363588],[100.92742142851125,13.253190395288682],[100.92754658269494,13.253194002147369],[100.92775642645039,13.253187863055201],[100.92785138286747,13.253162305508319],[100.92789604081521,13.253122431567729],[100.92789546230014,13.253048988896923],[100.92787980107147,13.252965517816003],[100.92790900260643,13.252868121153277],[100.92797870648261,13.252784003834991],[100.92807425129622,13.252540395629204],[100.92817691256352,13.252250386624874],[100.92842468498687,13.251642985009331],[100.92912668334711,13.24983912214077],[100.92916013750659,13.249696528111356],[100.92912954807456,13.249617649118427],[100.92908416159314,13.249564906007867],[100.92907805664245,13.249452005685837],[100.92919141055657,13.249200341754463],[100.929305779567,13.249077460807316],[100.92935497400688,13.249028482767427],[100.9293470463745,13.248972050413849],[100.92927153309341,13.248903727882766],[100.92916605201444,13.248835595952885],[100.92912065565154,13.248781704577965],[100.92912967833027,13.248684497735399],[100.92918418271182,13.248575617526413],[100.92953181455709,13.247908711083442],[100.92981187063513,13.247298770707436],[100.92982586638725,13.247171021825029],[100.9298056399203,13.247093211419266],[100.92969486776431,13.247010458810902],[100.92966893250374,13.246937245140199],[100.9296735309797,13.246863763877204],[100.92976550139679,13.246756859027274],[100.92990415815751,13.246570527641403],[100.92996761604751,13.246427708721164],[100.92996676174967,13.24631924722159],[100.92994150920873,13.246260687662739],[100.92985122852266,13.246217317554219],[100.92970546878297,13.246164187215197],[100.92963974354522,13.246091274088871],[100.92961893317334,13.245934395151815],[100.92971170668432,13.245708874397982],[100.92980550247809,13.245536430583401],[100.92986159957262,13.245337175236731],[100.92985580633734,13.24526377131391],[100.92981578459482,13.24523471788371],[100.92966573000977,13.245216640153171],[100.92954026770391,13.245173534807522],[100.92949490907027,13.245124160744645],[100.92951873598489,13.245001964158721],[100.92960290363543,13.244854471417957],[100.92969527919273,13.244573609316118],[100.92981261444017,13.244170505291393],[100.92987475180669,13.243788215383798],[100.92992876660639,13.243694037300951],[100.93000338965705,13.243649382205861],[100.93004808982559,13.243615172102331],[100.93007759499113,13.243551681886942],[100.93008728960966,13.243468019547079],[100.93006131122996,13.243389104432985],[100.93003084666374,13.243326068859874],[100.93001069296032,13.243257327642887],[100.92999807252889,13.243118452189742],[100.93006751948688,13.242858087280966],[100.93019324230416,13.242493345966185],[100.9302422283349,13.242346119280842],[100.93030537450952,13.242163764048017],[100.93033209040605,13.241966989322975],[100.93035174644278,13.241756680869496],[100.93039325040553,13.241532694371223],[100.93048334783526,13.241188545720671],[100.93050750443157,13.241108179182714],[100.93047126010482,13.241045186740747],[100.93041387213121,13.241003826900796],[100.9303421030282,13.240969347974316],[100.93024876178195,13.240906750740683],[100.93022006150696,13.240851623783485],[100.93023322452083,13.240766786150122],[100.93029736513043,13.240710956990112],[100.93039629569434,13.240605148603317],[100.93050572666561,13.240369320307376],[100.93071456430795,13.239723787141829],[100.93078954309145,13.239211461901041],[100.93082012443867,13.239068891377187],[100.93094135208624,13.238503093464148],[100.93104079379157,13.237508146085036],[100.93108993343425,13.23745242985604],[100.93114649226284,13.237388736036616],[100.93121776190253,13.237359950996364],[100.93131116962412,13.237359244443292],[100.93136052306582,13.237330625544503],[100.93137440563019,13.237260480021675],[100.931380952552,13.237141820127903],[100.9313803470875,13.237065008634278],[100.93133678059287,13.237022395908701],[100.93122202261193,13.236946448332388],[100.93117853516904,13.236918531567177],[100.93118136126891,13.236836030839649],[100.93132649398454,13.236374003163625],[100.93133692881489,13.236086948908653],[100.93142189327108,13.235748503612957],[100.93154910729172,13.235280984049959],[100.93172755043639,13.235027679858163],[100.93186861288545,13.234854916298771],[100.93193891953116,13.234704122460418],[100.93194721547283,13.234366256757863],[100.93196520423636,13.233867911599148],[100.93214434537201,13.23296502184939],[100.93216078094846,13.23271068425715],[100.93225877636617,13.232635385937719],[100.93238775737298,13.232536122905316],[100.93238676024301,13.232409598398972],[100.93228549585598,13.232290606469096],[100.93212618862351,13.232200298696412],[100.93201749606737,13.232088174718724],[100.93195794854384,13.231849108771687],[100.93199755346808,13.231384474467266],[100.93210223953803,13.23098827703703],[100.93236690837355,13.2307682297456],[100.93260164264886,13.230485142484664],[100.93286586681833,13.230285460324222],[100.93302264170005,13.230059454613215],[100.93316820111544,13.229796255566766],[100.93332491581,13.229418841035008],[100.93345501701596,13.22902585673476],[100.93368554717573,13.228502174004836],[100.93376810684194,13.228146791741013],[100.93380781147918,13.227843709925439],[100.93394099121163,13.227112898920916],[100.93408513578042,13.226526604156739],[100.93405885197355,13.225900915799755],[100.93405136092238,13.224950866699837],[100.93413391969025,13.224595484505707],[100.9343005185479,13.224082467212948],[100.93434942193366,13.223920543132008],[100.93454544331179,13.223410670859058],[100.9345679595844,13.223338202162987],[100.93459742342741,13.223274712784923],[100.93464992007428,13.223204274631993],[100.93466825918082,13.223114881715738],[100.9347617225979,13.222906310359971],[100.93493926113909,13.22238639757413],[100.93544480782815,13.221131941610107],[100.9358951934672,13.219902780503563],[100.93603554175561,13.219420427696301],[100.93610075495369,13.219060697236873],[100.93620046076369,13.218470184567153],[100.93624732407544,13.217762610250785],[100.93621556413856,13.217611478769721],[100.93613690136409,13.217507012359235],[100.93599058287229,13.217375923811515],[100.93592164256411,13.217186647313763],[100.93595853816947,13.216968323488416],[100.93608296741276,13.216805828869347],[100.93624635658986,13.216614793266977],[100.93626915583179,13.216219215485165],[100.9362011192288,13.215780272904922],[100.93615549289721,13.215547875837858],[100.93613060597058,13.215463327609921],[100.93606219207516,13.215340719115959],[100.93598900992225,13.215274637309886],[100.93589615017298,13.215195118388502],[100.93583668529445,13.21504304869859],[100.93578600593938,13.214754200156248],[100.93569620944528,13.213457939018374],[100.93559210189036,13.213197776799413],[100.93551899878916,13.213064985842321],[100.93545009800688,13.212957076192355],[100.93539131405133,13.212886333345633],[100.93532346250126,13.212834870474156],[100.93521638421771,13.212782596023303],[100.93509510626447,13.212755266802326],[100.9349283879309,13.2127441269737],[100.93478708473333,13.212736125851416],[100.93450260714746,13.2127077734189],[100.93428248846182,13.212724135099123],[100.93410282181175,13.21274811223042],[100.93388193865981,13.21274411822837],[100.93374843733045,13.212699927088158],[100.93364269304513,13.212524476874886],[100.93366661967272,13.212271230372883],[100.93375519805132,13.211730556108689],[100.93382665094731,13.211212595092011],[100.93394482971283,13.210774500557285],[100.93409364641943,13.210417506915457],[100.93422953996233,13.210026701973538],[100.93423869379508,13.209946410867827],[100.934238400046,13.20990913512555],[100.93420860562298,13.209858531304526],[100.934182159221,13.209796613475271],[100.93419316088827,13.20972534148669],[100.9342508659672,13.209659380596539],[100.93432030124707,13.209619318505732],[100.93438033745416,13.209556708849451],[100.93451010269021,13.209121933751076],[100.9348502659422,13.208099177294406],[100.93494633716858,13.207704193523925],[100.93499158171616,13.207447379961771],[100.93498511474446,13.207283617895365],[100.93499376731727,13.207067765450098],[100.9351213622236,13.206722223081009],[100.93531245724071,13.206024848794865],[100.93528075569435,13.205952789476168],[100.93517305218334,13.205892595288066],[100.93512530762432,13.205831985669134],[100.93509862137218,13.205739527176405],[100.93509789194017,13.205646910353224],[100.93513383712795,13.205595773915762],[100.93517584324893,13.20558982865157],[100.93529617078461,13.205640857519326],[100.93543225746534,13.20564438199853],[100.93551667484755,13.205674247366533],[100.93554756611353,13.205643509187075],[100.93557833341198,13.205596965067523],[100.93558860474896,13.205509892032991],[100.93558791933441,13.205422901176171],[100.93553491513937,13.205356630403317],[100.93543473052731,13.205296379221725],[100.93532907876842,13.205132256267449],[100.9352761203875,13.205071649083484],[100.93523386902642,13.204979308368859],[100.93523322762928,13.204897981869385],[100.93530106750121,13.204871480851743],[100.93541064040635,13.204876316312548],[100.93553132008159,13.204900243490002],[100.93565221445424,13.204951304860698],[100.93580383031124,13.204950158308469],[100.93585622814345,13.204939581342325],[100.93591274654786,13.20486685441151],[100.93600517420745,13.204599541344042],[100.93602550847221,13.20454289580525],[100.93604588585615,13.204496430186722],[100.93600933700047,13.204466202604889],[100.93595144237706,13.204436135939224],[100.93597245486987,13.204326399880721],[100.93602365165455,13.204163311760544],[100.93612777448081,13.203989679757704],[100.9361435435073,13.203722946442838],[100.93627246342868,13.203325418468733],[100.93630651406951,13.203187337993219],[100.9363137419143,13.203006516330811],[100.93625920160012,13.202817129863574],[100.93615236496339,13.202646242183041],[100.93602855286271,13.202517240253524],[100.93593945346126,13.202406077780163],[100.935872458904,13.202170437307464],[100.93572098048921,13.201968235062941],[100.93564352594881,13.201723677879571],[100.93564159546925,13.201478548478942],[100.93561718464971,13.201233589374704],[100.93558451471948,13.201038373351079],[100.9355309957898,13.200829766510537],[100.93542593691899,13.200596708022523],[100.93523052100534,13.200452439231254],[100.93517692212561,13.2002336893866],[100.93517306206482,13.199743394989314],[100.93510220924341,13.199386951949592],[100.93500848800984,13.19905322484083],[100.93491599477323,13.198875453293656],[100.93480106880736,13.198698924403114],[100.93467539719406,13.19855416472295],[100.93440118465693,13.198291880618218],[100.93420735426979,13.197906934378809],[100.93409678333639,13.197481859605899],[100.93407251175574,13.195203378944472],[100.93394418651907,13.19472079804293],[100.93375353976127,13.194379918196882],[100.93355612779106,13.194197272593547],[100.9333413208437,13.193935647635517],[100.93312597041557,13.193383719474253],[100.93299896031252,13.192770079575817],[100.93278074964853,13.192368397758278],[100.93220318771809,13.191941181053162],[100.93182854892211,13.191585878495145],[100.93149450229885,13.191405408586702],[100.93124495570282,13.191342876475321],[100.93095710943466,13.191320206536618],[100.93069056132353,13.191368527088654],[100.93050294907476,13.191408329789351],[100.93026897567249,13.191495978096365],[100.93010006544961,13.1916418500894],[100.92986249429462,13.191781464159298],[100.92962802681896,13.191801333553563],[100.92936564329752,13.191720830048821],[100.92924331251878,13.191413302830606],[100.92928906102122,13.191070674393874],[100.92949702550106,13.190759549945465],[100.92959722448619,13.190080929097061],[100.92962348763182,13.189609618905139],[100.92954475299211,13.18912329233352],[100.92933075363021,13.188741935091997],[100.92911655394397,13.188257739124889],[100.9291588439326,13.187845095223945],[100.92909566452033,13.187506619756274],[100.92894241911939,13.187154161162191],[100.92895151905321,13.186329368352792],[100.92888670560548,13.185266760895498],[100.92857576454965,13.184431975121065],[100.92849928827458,13.182835076929496],[100.92848894686904,13.182619366446698],[100.9284889271061,13.181073868267319],[100.9283810169826,13.180691674554025],[100.92821212023445,13.180250115031964],[100.92796816654936,13.17979549701734],[100.92748888480257,13.178955198857016],[100.92732209640039,13.178710161205442],[100.92712116393258,13.178524128594365],[100.92683414141953,13.178382833735167],[100.92654249797263,13.178244906230113],[100.92625601624539,13.178100200913681],[100.92607339952791,13.177821369913476],[100.92611581887395,13.177496832298507],[100.92616328585355,13.176933849777805],[100.92622822147216,13.176464506739769],[100.92614610108217,13.175838119848542],[100.92594730301148,13.175185510511252],[100.92545839222316,13.173483235799022],[100.92525959954236,13.172463426592037],[100.92525358621984,13.171694126575519],[100.92521458047187,13.170758966355349],[100.92502976467861,13.170197726459538],[100.92472374818718,13.169393397603137],[100.92435846264991,13.169049299460406],[100.92412346337159,13.16885333874845],[100.92363862015486,13.16869882607352],[100.92339277641445,13.168662242046823],[100.92329505408456,13.168552285255675],[100.92322944652611,13.168418320697084],[100.92317230289424,13.168260600243666],[100.9231710066253,13.168094501861036],[100.92314535702901,13.16790604089973],[100.9229500390317,13.167701896489145],[100.92265039608725,13.167490611756405],[100.92211788826154,13.167361292135658],[100.92185321403612,13.167055972652975],[100.92151662787558,13.166694699118095],[100.92103593846873,13.166035161384224],[100.92070928318365,13.165469314091535],[100.92062964214381,13.16523605571618],[100.92065735606863,13.164943242757374],[100.92062553145306,13.164708478510327],[100.9205789906365,13.164577775382899],[100.92039522856706,13.164518142194481],[100.91991458407597,13.164387318255768],[100.91951818449054,13.164115743969926],[100.91935154341208,13.163959952104847],[100.91919629656469,13.163860565822946],[100.91907070669805,13.163872796018133],[100.91903644046157,13.163911480063881],[100.91899176275089,13.16402479869741],[100.91897032445664,13.164158267949633],[100.91895968211549,13.164271295191071],[100.91886295511895,13.164361272944783],[100.91877808857909,13.164417289253656],[100.91868075342313,13.164429307741772],[100.91856629098794,13.164386110283809],[100.91847425229885,13.164335932645944],[100.91843399968931,13.164275225256594],[100.91843312023862,13.164162283738431],[100.91843238182348,13.164067369052503],[100.91842003358157,13.163961288661236],[100.9183799040412,13.163916387186017],[100.91796547077644,13.163919484533469],[100.9177421478002,13.163814942693367],[100.91763155081567,13.163603386071509],[100.91748277363494,13.162854324463543],[100.91745894402541,13.162680508310162],[100.91735422292115,13.162485863322434],[100.91724470571161,13.162335305593004],[100.91713523880772,13.162196003616357],[100.91697855375753,13.161911341135756],[100.91683734218815,13.161619790794793],[100.91659633587552,13.161237508105875],[100.91633883829088,13.160891442630627],[100.91624088958557,13.160824389162732],[100.91581318730576,13.160529311524403],[100.91546950894605,13.160361287008952],[100.91526365730375,13.160278084263963],[100.91508102711154,13.160290775616906],[100.91497861647422,13.160393196009478],[100.91487044943254,13.160421101401891],[100.91475628793297,13.160416326292811],[100.91463548249354,13.16037317273817],[100.91452644228943,13.160283582771477],[100.9144679781341,13.16010550839027],[100.91437068519893,13.16004977887966],[100.91418762022212,13.16007935240896],[100.91404559657572,13.160125613032697],[100.91388565423431,13.160165231874444],[100.91364459402277,13.160150073795425],[100.9134535735658,13.160045323912188],[100.91329733767328,13.159822776622033],[100.91327894466785,13.159677164700689],[100.91326677968226,13.159521364765002],[100.91314040109484,13.15943190307158],[100.91291725329005,13.15942227496418],[100.91265985452013,13.159380138540852],[100.91247591907582,13.159224469625292],[100.91238232360637,13.158973245400766],[100.9123919355799,13.158726879160003],[100.9125093965915,13.158411926017983],[100.91265682450266,13.158249271768073],[100.91283236159741,13.158062678655771],[100.91282389138257,13.157715901038934],[100.91258882383229,13.157211513453861],[100.91248676533453,13.156760369978363],[100.91231792967186,13.156393314123674],[100.91193936883133,13.155891142153742],[100.91159752662804,13.155666605433387],[100.91118099400047,13.155475386479647],[100.91089481410715,13.155959925454084],[100.91073192618997,13.156062831386558],[100.91046583801629,13.156166468556339],[100.91030212364899,13.156167686190924],[100.91012069180938,13.15611032264961],[100.90999861345723,13.155975625255229],[100.90986786366763,13.15576535997811],[100.90976264848996,13.155652010408241],[100.90966770824252,13.155597371559869],[100.9094521098794,13.155523267115758],[100.9094858640762,13.155413437388416],[100.90963011644286,13.155133306936312],[100.90952417093487,13.154779368032694],[100.90931385286896,13.154415986634396],[100.90911621631994,13.153977989809936],[100.90896236814945,13.153393918181624],[100.90882809157404,13.152800669039918],[100.90860699462303,13.152083749547684],[100.90811815210667,13.151260425409701],[100.9068893852571,13.149486766651993],[100.90658056602194,13.149134294447439],[100.90605164696584,13.148715706202339],[100.90560004680451,13.14830554036026],[100.90519926523714,13.147759464746063],[100.90466944606908,13.147223378657536],[100.90433047847471,13.146845136829716],[100.90403473332027,13.146467722827813],[100.90370044864346,13.145947139284912],[100.90358391918478,13.145859857824714],[100.90283683438047,13.145476751891698],[100.90226577535434,13.145421116156129],[100.90189241216605,13.145289422120793],[100.90154935274558,13.145055845369257],[100.900739684112,13.144555691916814],[100.90029953028404,13.144354446323625],[100.89989990754337,13.144108883314733],[100.89976494735004,13.144021735042019],[100.89968921488,13.143919488890639],[100.89965791398224,13.143744613948963],[100.89972617606239,13.142880942988686],[100.89972391590112,13.142587239915496],[100.89967604557796,13.142207987559221],[100.89947265891279,13.141544049365601],[100.89918062649537,13.140817497879585],[100.89899299089041,13.14025624804014],[100.89892567383798,13.13997091099197],[100.89881258223188,13.139804561621288],[100.89868189981594,13.139678991644899],[100.89862778799818,13.139460230365348],[100.89867821762159,13.139200012217453],[100.89883372677707,13.13873225903442],[100.89899960518584,13.138119826774682],[100.89914448906814,13.137469122932307],[100.89914522927994,13.13703979229404],[100.8990905326589,13.136749845649586],[100.89897325490361,13.136564313944854],[100.89878597503149,13.136422204943122],[100.89852867777118,13.136237707889315],[100.89831628190205,13.136051729644858],[100.89813991566231,13.135830464925885],[100.89807102026991,13.135412975495012],[100.89804680707977,13.134213323449742],[100.89805946793538,13.133909329158195],[100.89807169670134,13.133627920538528],[100.89817167829412,13.132983213056107],[100.89825842141461,13.132645909296066],[100.89825628611916,13.132367975772592],[100.89819398525928,13.131987717328032],[100.89812370196977,13.131541954885906],[100.89818245178934,13.131086243978203],[100.89830344856989,13.13078256162868],[100.89844110191245,13.13016919096898],[100.89870279013788,13.12882171610913],[100.89887478068385,13.127726827088527],[100.89885738301177,13.127035524944498],[100.89888678127775,13.126584547325448],[100.89885300282641,13.126239062859653],[100.89878904187989,13.125942408273678],[100.89854738069542,13.125470811132253],[100.89832688651398,13.124976475770135],[100.89793030906213,13.124069918298876],[100.8976657570076,13.123469694809319],[100.89739668013895,13.122954243401081],[100.89704675309812,13.122642777021085],[100.89631089364157,13.122136390915013],[100.89521894110808,13.121489169545328],[100.89488379315027,13.121222756706954],[100.89471425231008,13.120835363124352],[100.89443835363519,13.120409215043052],[100.89406975870443,13.119987115979674],[100.89359049312732,13.119495787008306],[100.8932131369276,13.119290692453077],[100.89285597934705,13.119084300295125],[100.89256275756021,13.118955402218976],[100.89232945609776,13.118892738765876],[100.89209712481585,13.11888767064209],[100.89183185410906,13.118941560024025],[100.89090777065104,13.118915620997864],[100.89070854408396,13.118937408765174],[100.89051627586706,13.118970435986158],[100.89032384236016,13.119050924891276],[100.8900612001239,13.11915228990428],[100.88978956575167,13.119204002553609],[100.88955346963039,13.119156015972994],[100.88921713499811,13.118960757298755],[100.88915550428142,13.118739789515741],[100.88906706604,13.118480590515146],[100.88887835245669,13.11814305075268],[100.8886769914925,13.117890306817412],[100.88830927780903,13.117586843501519],[100.88772137986291,13.117207027617415],[100.88714833735668,13.116957005337836],[100.88695441803628,13.116847734900833],[100.88654896972099,13.116811167639451],[100.88622287318802,13.116749139676138],[100.88587554227837,13.116621778412002],[100.88541041169226,13.116391287216583],[100.88493018222283,13.116072832726045],[100.88458437216094,13.115768054844919],[100.88441832666553,13.115534261918549],[100.8843115565041,13.115213074057309],[100.88417483740942,13.114892105372569],[100.88406850832082,13.114703077744455],[100.88381214351179,13.114338892503568],[100.88343490409305,13.113844536505857],[100.88308898802998,13.113525096216645],[100.88268413799265,13.113263652000096],[100.8823394517232,13.11310576048958],[100.88202426972092,13.112888900311006],[100.88149446762085,13.112412610572298],[100.88114759844527,13.112195944009112],[100.88104166820864,13.112058889179423],[100.88097470688906,13.111895561171634],[100.88094223818145,13.111718431574005],[100.88093487379273,13.111281232612194],[100.88090684186427,13.111156047886981],[100.88081670401034,13.110974822357075],[100.88062908098182,13.110778464437898],[100.88002741455733,13.110327573358434],[100.87972909662788,13.110052945348698],[100.87956821195375,13.109811224746851],[100.879466170524,13.109579219710467],[100.87940203350766,13.109329981465288],[100.87934675657498,13.108879618799032],[100.87930974688359,13.108716071703746],[100.87926880167295,13.108636146355945],[100.87892969753466,13.108376511502085],[100.87885942861817,13.108304721813385],[100.8788198748979,13.108184137591882],[100.87882287886421,13.108047398119124],[100.87907260422499,13.10647855811211],[100.87908468566725,13.106323685953372],[100.87907076896687,13.106236788503219],[100.8790484476287,13.106177088648467],[100.87897069844085,13.106109869753103],[100.87884890754957,13.106087028325749],[100.87856248241617,13.106084599559326],[100.87846656929327,13.106052534765473],[100.8784158998197,13.105985118979932],[100.8784034815092,13.10586655730398],[100.87848240030355,13.105555302885589],[100.87855056446732,13.105120959208172],[100.87855366545165,13.10477297731031],[100.87839125723482,13.103722323245316],[100.8783566496385,13.103262739971793],[100.87835471915895,13.102549879062137],[100.87829377116186,13.1021131074001],[100.8782251596371,13.101806297259822],[100.87805113710195,13.101275427005945],[100.87771638799616,13.10060227103579],[100.87765746300508,13.100432070676813],[100.87762311681853,13.100235740218201],[100.87760736306339,13.09945293576885],[100.87757117802541,13.099313075784417],[100.87749291050967,13.09917696484028],[100.87695376503234,13.098603548343425],[100.8767274533611,13.098323910449855],[100.87660575858958,13.098158683447824],[100.87650410343541,13.097976428162021],[100.87642486663745,13.097787162679204],[100.87639664246952,13.097635988698423],[100.87637338868008,13.097153738171198],[100.87634042679736,13.096830859542431],[100.87631598094353,13.096724824479576],[100.87611163577597,13.096298127165934],[100.87594957251218,13.095903885461521],[100.87562857841004,13.094915391523731],[100.87551805149411,13.094623581421308],[100.87546925321124,13.094343762267279],[100.87546712240739,13.093837626778203],[100.87550347004041,13.093230663200979],[100.8755009403846,13.092896271044962],[100.87547665982078,13.09273714589583],[100.8754248935042,13.092594028982285],[100.87502965993201,13.092000383697519],[100.87495461377486,13.09183033663788],[100.87491068615746,13.09166006371937],[100.87485348054186,13.091257134904037],[100.87467712867517,13.09049578421364],[100.87467514609334,13.090233690808288],[100.87475775516685,13.089880613902366],[100.87477907757847,13.089648856077368],[100.87477228182333,13.089434258045259],[100.87468030691464,13.088933291458174],[100.87454950502277,13.088476662513576],[100.87442869239683,13.087972537051247],[100.87426965196397,13.087517223174144],[100.87383212121665,13.086657255401734],[100.87321630452981,13.085698032101682],[100.87251045419362,13.084713433808254],[100.87213109205588,13.084158093394409],[100.87192097521262,13.08380484416069],[100.87181560821966,13.083509588291534],[100.87173007333328,13.083019901509489],[100.87170805562565,13.082394146039279],[100.87173843575025,13.081835796519277],[100.87175187185197,13.081404145404088],[100.87182324210298,13.081082766021904],[100.87200962725306,13.080658856518294],[100.8721535283784,13.080260132505774],[100.87216802359384,13.079964007008362],[100.87214096274421,13.079736005900717],[100.87211374019788,13.079566721263891],[100.87205209331148,13.079414640969729],[100.87203371467908,13.079271280942574],[100.8720754279493,13.079068769165145],[100.87214974377615,13.07868746934467],[100.87213228591688,13.078585936295253],[100.87203655874528,13.078501888606079],[100.8720690445209,13.078222588408092],[100.87213406907276,13.077680943138327],[100.87206234578383,13.077334613018067],[100.87195701741845,13.077124133480172],[100.87195561963988,13.076938854321979],[100.87200624958759,13.076776926683156],[100.87211774668403,13.07665861345721],[100.87222863112945,13.076539194148264],[100.87237473133062,13.076427405841367],[100.87260648769076,13.076291264756881],[100.8728261706935,13.076306627511912],[100.87377678769009,13.076511011476899],[100.87420037299096,13.076592642162588],[100.87452816913644,13.076656937793198],[100.87478733579084,13.07671495601242],[100.87495207962745,13.076781545913429],[100.87522911377286,13.07691510629498],[100.8755802212,13.077165631239419],[100.87597952144544,13.077466636569413],[100.87643053590521,13.07781924212091],[100.87660453059257,13.077970504384156],[100.87676082218064,13.07813770320559],[100.87694411173629,13.078449309019334],[100.87769763835954,13.07994081052812],[100.87808209394495,13.080639597631551],[100.87825244237057,13.08091742245832],[100.87851222526929,13.081051103100755],[100.87873660915591,13.081083381150213],[100.87890936326986,13.081065169677288],[100.87923639584739,13.080953206670856],[100.87965813960193,13.08086539639006],[100.88027821699812,13.080716277042018],[100.88074278434057,13.080578433812336],[100.88135440858997,13.080455362372572],[100.88178459291491,13.080265791179801],[100.88235945540794,13.07993174456254],[100.88299478260443,13.079513589772745],[100.88351200469727,13.078342735789033],[100.88363178066736,13.078181450457821],[100.88404002364149,13.077455417969745],[100.8844987654093,13.076700733434159],[100.88487971846341,13.076559014243447],[100.88524084300425,13.075999400230003],[100.88527880940144,13.075916640568328],[100.88525435815771,13.075730383101755],[100.88521515208545,13.075654998051638],[100.88472953541927,13.075371557512195],[100.88467623927178,13.075031910224416],[100.88459798523076,13.074971470411443],[100.88394456865937,13.074596625461758],[100.88390961251672,13.074543755408403],[100.88388883897578,13.074389123059492],[100.88383421242338,13.074331917194863],[100.88349974538858,13.074144549869713],[100.88274546867206,13.07377043693932],[100.88231822093977,13.073583743836879],[100.88173856862966,13.073284063818258],[100.88162954279856,13.073194489366514],[100.88152357393439,13.072974949700376],[100.88144535852091,13.072914508508466],[100.88085486444362,13.072634081065058],[100.8802363914385,13.072304173532757],[100.87975008845947,13.072008324621548],[100.87872342278585,13.071423789678947],[100.87843062230888,13.071262100806337],[100.87840036974507,13.071221635475913],[100.87839246996046,13.071170863044896],[100.87840128243339,13.071117711369618],[100.87842746652728,13.071074576267996],[100.87907650111669,13.069959265041911],[100.87958667951939,13.069144351724834],[100.88149300246863,13.065894776728156],[100.88272962328875,13.063849882465041],[100.88278080929366,13.063762510631163],[100.88282154609514,13.063736262147211],[100.88285900135092,13.063740506218183],[100.88296658987755,13.063790552122601],[100.88313785458479,13.063886483838941],[100.88550377988794,13.065249819240703],[100.88839966629294,13.066891725407181],[100.89248520690005,13.069251341075461],[100.89277738574286,13.069405095472518],[100.89287791800292,13.069440491084501],[100.89295231018656,13.069450127090514],[100.89303110501336,13.069428077682074],[100.89308377503511,13.06938704327097],[100.89311732082275,13.069329156335682],[100.89314394329453,13.069264582280841],[100.89316231474041,13.069108515921679],[100.89319276762855,13.069021294707001],[100.89325399320505,13.06896324142687],[100.89334312584417,13.068940006285267],[100.89344742384191,13.068939242368588],[100.89353292099908,13.06896912087204],[100.89358002505931,13.069025232420497],[100.89361923202989,13.069100651872867],[100.89364037208345,13.069302740434646],[100.89367552765209,13.069381559356604],[100.89374980035981,13.069449946831064],[100.89514543196836,13.070281379076208],[100.89550374657901,13.070495691886466],[100.89565390357201,13.070536385721866],[100.89574659443798,13.07052893211328],[100.89581761614264,13.070473028291735],[100.89589515512469,13.070360618581207],[100.89602185261406,13.070128088998127],[100.89638861318501,13.069559388801881],[100.89671373414758,13.068972891452285],[100.89701626787063,13.068445311548802],[100.89718517270362,13.06807804950159],[100.89746241885145,13.067636504598987],[100.89748027735931,13.067561814493173],[100.89747563217098,13.06748277185161],[100.89743258580086,13.067428852835556],[100.89498201584178,13.066008618317442],[100.89340636813849,13.065138963010382],[100.88870226379638,13.062431398502747],[100.88765399364021,13.061802962974165],[100.88752932095348,13.061701066823234],[100.88747095112129,13.061603202095094],[100.88742620873191,13.061325577792285],[100.88735936419333,13.061250393985176],[100.88557024174422,13.060189029867251],[100.88514995685371,13.059926580482285],[100.88510691048359,13.059877176103443],[100.88509499073811,13.059824174260649],[100.88512123412082,13.05971440156951],[100.88544649342394,13.059218319720655],[100.88641783814739,13.057604642752665],[100.88811202394231,13.054745230945583],[100.8881503083431,13.05469974947095],[100.88820419737868,13.054665482373178],[100.88835951788793,13.054706143813434],[100.88951496963392,13.055415132464265],[100.894652757239,13.058342090487439],[100.89613439265453,13.059204547676641],[100.89756529122285,13.059983775684005],[100.89901620156071,13.060815934618429],[100.89908258346696,13.060830144110806],[100.89915556439728,13.060803619666039],[100.89974250743425,13.060478449745618],[100.90000612793582,13.060439234009012],[100.90120940329263,13.059484734851354],[100.90388462214132,13.057440512084284],[100.90675902264138,13.055007268413757],[100.90704760193482,13.054693317499083],[100.90727754908796,13.054395607153578],[100.9076652386084,13.053937470378909],[100.91012040884006,13.050942394892592],[100.91073631715507,13.049963989413257],[100.91155603434342,13.048737780526231],[100.91205943226232,13.048042632024492],[100.91233432302745,13.047526573052105],[100.91255244745318,13.046891135364241],[100.91265025512298,13.046273580160397],[100.91294597422632,13.045844327737171],[100.91334920100792,13.045308105524443],[100.91392846075424,13.044884678935567],[100.91449333038805,13.04446587408178],[100.91478802451363,13.043977876763245],[100.91530338799214,13.042818327387216],[100.91573508058843,13.042086425500807],[100.91629575508986,13.041197676082891],[100.91652326331703,13.040439037986124],[100.91659055072509,13.039752776070561],[100.91661454113307,13.03905324842399],[100.91664027067944,13.038653127883178],[100.91671724731611,13.0381758108865],[100.91679352865681,13.038054337358515],[100.9169165367653,13.037940477641452],[100.91706940667045,13.037889628359011],[100.91720559306417,13.037844566485084],[100.91753553079326,13.037820651045177],[100.91777471801745,13.037829023681056],[100.91802141515741,13.037395651229939],[100.91850307115151,13.037171775716116],[100.9198625770109,13.036846474941951],[100.92020471925147,13.036686898838457],[100.92069827612647,13.0360630020985],[100.92154635043336,13.034794766087398],[100.92240308899119,13.0332315988096],[100.92292444962253,13.032029053193911],[100.92372500754252,13.030130749787926],[100.92434480376605,13.028475566127517],[100.92482812613498,13.027199852957995],[100.92534089348231,13.025938617776195],[100.92573109109901,13.024915516550143],[100.92618230767968,13.023361020612295],[100.92665784524837,13.021680918974196],[100.92710242327912,13.019346900392932],[100.92742789278805,13.017258952040956],[100.92769069941599,13.015187240142367],[100.92783430679225,13.012972960570362],[100.92784745812801,13.01221254327548],[100.92785459883622,13.009780118807051],[100.92767457645326,13.007955732500658],[100.92717136807886,13.005825367990518],[100.92612531496479,13.002779336287796],[100.92610055919222,13.00270725595254],[100.9259822582558,13.002381615833862],[100.92594623491459,13.002189821971671],[100.92589888651261,13.002100917629873],[100.92494005981264,12.99907684861769],[100.92437643344718,12.997403342382885],[100.92434796942909,12.997374158105911],[100.92431683741461,12.997371021027911],[100.92388172852529,12.99749626253497],[100.92378102289034,12.997508299665105],[100.92349243641037,12.997507032230248],[100.92346468745126,12.997497094070292],[100.92330754695523,12.997362651401588],[100.92314015398685,12.996945895821812],[100.92300342950233,12.99624644777739],[100.92302868563652,12.996084703659664],[100.92292594441916,12.995533010352414],[100.92278500144602,12.995109245729761],[100.92272411992428,12.994909749651843],[100.92265091441514,12.994752104615445],[100.92256003185786,12.994696283462853],[100.9224328178372,12.994707406029615],[100.92238010918791,12.994667110246676],[100.92233584739726,12.994380494091406],[100.92235683473722,12.994340801345055],[100.92240891995571,12.994295214243859],[100.92242187456043,12.99425669090037],[100.9223790491759,12.994083049116014],[100.92240010927942,12.994047872059371],[100.92248727640467,12.993998656733336],[100.92250009985538,12.993943179409287],[100.92238856592802,12.993519233509012],[100.92222821934475,12.992972482664301],[100.92207120371454,12.992554463634052],[100.92191335444777,12.992101502903994],[100.92174592285183,12.991752491818037],[100.92168665739929,12.991610587427672],[100.92161986136971,12.991466479771713],[100.92157654819997,12.991376396907349],[100.92152222527812,12.991278509637015],[100.92147656570886,12.991182816761912],[100.92137957730256,12.990931610425385],[100.9209506146864,12.990058066678477],[100.92038229821686,12.98911325050878],[100.92003448760684,12.988600645409763],[100.91951671754168,12.987861101057478],[100.91917651835706,12.987444468709642],[100.91894946557576,12.98713206379834],[100.91853900825446,12.986714800859575],[100.91826650521131,12.986407285552207],[100.91768410405643,12.98580374352921],[100.91641862575612,12.984527395088293],[100.91516679106836,12.983231721979077],[100.91410188051984,12.981971945680202],[100.91354938607741,12.981287986061739],[100.91295948578653,12.980525224652318],[100.91259155471074,12.980092976683231],[100.91198741252936,12.97950087083399],[100.91148638616279,12.979138531247038],[100.91114070186507,12.978825842779797],[100.91015777067105,12.978038824346783],[100.90951820342642,12.977487694094808],[100.90915544125681,12.97704858930447],[100.90863124554244,12.976438968714051],[100.90830720076158,12.976096757432231],[100.90819978201654,12.976059155664052],[100.9080977837059,12.976054239553058],[100.90800815250181,12.976082032736327],[100.90785062573023,12.976121578710396],[100.90767573182923,12.976151107755873],[100.90748389570201,12.976146887570255],[100.90726943730097,12.97612132485146],[100.90704913086741,12.976012210126425],[100.90687878244178,12.975880148234687],[100.90596607435018,12.975234977400437],[100.90586392332597,12.975130661115044],[100.90585739077721,12.975031271421745],[100.90587929889035,12.974958810122256],[100.90596312158785,12.974847466169244],[100.90610299287084,12.974680367422804],[100.90634922109022,12.974491016369823],[100.90637699160892,12.97442980269156],[100.90639369039174,12.974357379733595],[100.9063249117803,12.974248301875997],[100.90614020288655,12.974049669684133],[100.90572596096293,12.973655028351279],[100.9054023536616,12.973369303612182],[100.90531730835703,12.973320207619935],[100.90519846483824,12.973293978442129],[100.90508581430494,12.973327566985926],[100.90499045364596,12.973356511605752],[100.9048889808498,12.973345963211496],[100.90476450579246,12.973264392157278],[100.90446295123304,12.972994313631279],[100.9035467963057,12.972350267188132],[100.9031208574188,12.972084501590842],[100.90274691661376,12.971766377704411],[100.90232051150122,12.971518679571924],[100.9016897423565,12.971132388100829],[100.90070917732497,12.970723772591532],[100.89984973483811,12.970487155052702],[100.89915903369091,12.970405197886803],[100.89880525826739,12.970390860654252],[100.89853146973509,12.970435765830276],[100.89831139776183,12.970585380535562],[100.89808337120674,12.970820903738067],[100.89782904198015,12.971082608860158],[100.89765411034993,12.971335847786118],[100.89755899762595,12.971631412510709],[100.89754337951642,12.971926397375602],[100.89743840868051,12.972057069496886],[100.89725338447808,12.972119428768938],[100.89707670742129,12.972137672766049],[100.89675807139672,12.972123039751608],[100.8965627147719,12.972037465137735],[100.8964293374101,12.971916453815524],[100.89615394179175,12.971754606321438],[100.89586140272455,12.97168669347572],[100.89551229943881,12.971681351838138],[100.89503571892608,12.971805695887713],[100.89477963978131,12.971911515737863],[100.89462189921068,12.972077593013863],[100.89458771022927,12.972198751323104],[100.89457971073166,12.972363738548168],[100.8946249876186,12.972485428954196],[100.89495535564077,12.97290783766859],[100.89507207284733,12.973106938228694],[100.89509941846286,12.973218615607589],[100.89504780755486,12.973402022888314],[100.89483653278317,12.973567341961308],[100.89454601223041,12.973691516118871],[100.89438697718747,12.973761569606371],[100.89421118407287,12.973901826212677],[100.89404486009971,12.974145932027643],[100.89380976290499,12.974590523580101],[100.89371365394942,12.974755040889915],[100.89358169053583,12.974826044740741],[100.89341358700008,12.974835191588525],[100.89326314883441,12.974819330574325],[100.89312331258569,12.974762705721211],[100.8928463440173,12.974547816361046],[100.89252522504935,12.974280121143623],[100.89205187757331,12.973839572433556],[100.89143995598153,12.973279119646229],[100.89092225957825,12.972838889554666],[100.89063697530527,12.972666964321039],[100.89033449368448,12.972582162861983],[100.89005105904265,12.972575188644715],[100.88989163952076,12.972594413918452],[100.88975904189662,12.972656387009755],[100.88969758904635,12.972751755246493],[100.88968092080624,12.972908918771479],[100.88969976476595,12.973039837235564],[100.88971945314204,12.973282587924192],[100.88964063765397,12.973448089156701],[100.88945543468678,12.973562422299517],[100.88925161593197,12.973650901789449],[100.88902177388168,12.973722614141247],[100.88880027358714,12.97375924458651],[100.88864058007908,12.973742337419798],[100.88854261161083,12.973656049049419],[100.88847955167452,12.973543519242202],[100.88837980274536,12.973301348313504],[100.88819078912474,12.972910666919265],[100.88794845600044,12.97254750974539],[100.88763595097771,12.972279745845325],[100.88745782493835,12.972186153592904],[100.88725211343323,12.97194360229849],[100.8870550769588,12.97171005854311],[100.88664888753341,12.971313028928577],[100.8863452929,12.97108025667808],[100.88608737849711,12.970943149023256],[100.88591834879828,12.97090935268905],[100.88580321352494,12.97091922100554],[100.8856173772455,12.971024522124383],[100.88550286719959,12.971112351224534],[100.88539706901534,12.97113910674371],[100.88529045066919,12.971131957407378],[100.88513927498666,12.971098030665189],[100.88497056868137,12.971107175023922],[100.88471410146437,12.971162120829892],[100.88454546253273,12.971180297491951],[100.88443019161379,12.971172099435879],[100.88423457357921,12.971121538476979],[100.88380811995762,12.971020671267892],[100.8834350244673,12.970962360416838],[100.88316838203308,12.970894246014206],[100.88299917446787,12.970756493091081],[100.88284663065116,12.970540690733788],[100.88278252058427,12.970288077782044],[100.88278095751569,12.970080215744039],[100.88284093712889,12.969783761522855],[100.88294546419702,12.969512971895261],[100.88302292861891,12.969242416580146],[100.88302965700038,12.968912472896211],[100.88299165377231,12.968607693960362],[100.88288422514577,12.968417515405916],[100.88271395756854,12.968218796269939],[100.8824860585742,12.968011423604827],[100.88240571415351,12.967899015551559],[100.88237806490737,12.967821287489452],[100.88240427864567,12.967708108993655],[100.88246515926913,12.96761163493683],[100.88262459496067,12.967514449137562],[100.88276527921902,12.967383488372304],[100.88294988750148,12.967190123275758],[100.88309025734947,12.966937141876818],[100.88343362219712,12.966029713314263],[100.88390031405523,12.964365531841811],[100.88429956669,12.962613727779138],[100.88446580622153,12.961133605116505],[100.88451660595084,12.960229404121746],[100.88452072831967,12.959628299683706],[100.88452544537324,12.959106304289236],[100.88448762809642,12.958750694245307],[100.88435199775986,12.958403713761435],[100.8841185471771,12.958074359762081],[100.8838592349956,12.95775426223276],[100.88358270121181,12.95751333044576],[100.88337744784747,12.957409748229985],[100.88315484891334,12.957298406054429],[100.88302075379761,12.957160397855954],[100.88290889198518,12.956987206405673],[100.88266713198603,12.956702002678416],[100.8824344252083,12.956390707736336],[100.88230766843013,12.956078684909356],[100.88223446292099,12.955765125281507],[100.88219725470192,12.95556540591323],[100.88223165388911,12.955391195207055],[100.8822831453212,12.955190834710059],[100.88228164333806,12.954990893392411],[100.88227077641803,12.954694950847758],[100.8821913464823,12.95416564033343],[100.88217100772597,12.9538347810765],[100.88219559192034,12.953504671645247],[100.88230784360161,12.953111842322727],[100.88243781994177,12.952701893674838],[100.88261054710627,12.952083799396696],[100.8827638796438,12.951255674817888],[100.88288774833833,12.950645818581867],[100.88308801335789,12.950166464994338],[100.88331576682513,12.949738890947005],[100.88355240013894,12.949423093518133],[100.88377956790464,12.948917555733932],[100.88399790702769,12.948462950193683],[100.88425897182231,12.947792202200754],[100.88437304349037,12.94703444216599],[100.8844257898689,12.94585116086639],[100.88436004935976,12.944154660746124],[100.88434891833508,12.943285928182146],[100.88421385124224,12.942248609127752],[100.88403060480572,12.941394706983033],[100.88353683053846,12.939599635948118],[100.88328473182868,12.938854664927252],[100.88302374339088,12.938302934017157],[100.88264153718694,12.937566822798379],[100.88233083598131,12.936838082108538],[100.88218230224403,12.936464054471919],[100.88180339195887,12.935774232568791],[100.88097963863996,12.934444742584684],[100.88039156192909,12.93359371608711],[100.87983000977363,12.932897282142605],[100.87931949540105,12.932322501997739],[100.87876893682802,12.931707321745552],[100.87819455313705,12.931065212929584],[100.87719986658925,12.930130139974459],[100.8760209553396,12.929047226694705],[100.87541261982246,12.928562397969472],[100.87462505782972,12.92798278446401],[100.87376596838078,12.927386799512369],[100.87246080161295,12.926592874192648],[100.87167442988793,12.926171434116043],[100.87097384547594,12.925896277121263],[100.87060753855424,12.92574185681698],[100.87011629573942,12.925510364081125],[100.86925169243131,12.925332411271063],[100.86858325962164,12.925198216805516],[100.86820013713611,12.925182892848534],[100.86780019998508,12.92522077634419],[100.86746668067292,12.925293206580982],[100.86704960546294,12.925427246897993],[100.86679225879529,12.925516087574298],[100.86657042163249,12.925578685262495],[100.86593018963458,12.925679295942901],[100.86558359444514,12.925769884132496],[100.86530826260719,12.925840785495582],[100.86497230077575,12.926123365475997],[100.86476903897641,12.926359829894871],[100.86441748957817,12.926947577512014],[100.86366160487731,12.928227407191388],[100.86286181771187,12.929568522442333],[100.86259740130292,12.929946661435887],[100.86244793691102,12.930139795399564],[100.86227050706599,12.930211107023799],[100.86218111481375,12.930193677707894],[100.86205568394892,12.930131265915433],[100.86190532573332,12.929969665318634],[100.86166924757835,12.929435795032074],[100.86134711531072,12.928397562099628],[100.86122546904821,12.927603056880987],[100.86089235577452,12.926248514127932],[100.86064758372424,12.925625480953199],[100.86042199340018,12.925334468823271],[100.86013025563021,12.925060847505172],[100.85992252111906,12.925004721791785],[100.85964082292068,12.924990919538098],[100.85931010635223,12.925049769982087],[100.85909496433325,12.925084067224699],[100.85892105588414,12.925085305259476],[100.8587721709056,12.925045678512994],[100.85864649480069,12.924868054580708],[100.85861233995529,12.924689778232498],[100.85861827332772,12.92440503925611],[100.85867854669003,12.924144755174757],[100.85884638522276,12.923323307663548],[100.85893980282579,12.922558884681143],[100.85891915954056,12.922023512711261],[100.85888699536181,12.921568411618622],[100.85879312231296,12.921179315326416],[100.85867547265514,12.920928182838297],[100.85849977116871,12.920686533401042],[100.8582827399927,12.920459876136196],[100.85801640747728,12.920267406247794],[100.8572678709954,12.919817437193499],[100.8571767054688,12.919794355324848],[100.85702755818218,12.919795415644415],[100.85689526778187,12.919820086678778],[100.85654818390891,12.919920846775687],[100.85638231807656,12.919922026172651],[100.8562829877623,12.919882044875237],[100.85617465722726,12.919793555050626],[100.8561076986026,12.919695775355875],[100.85604852387991,12.919558326853664],[100.85599727319629,12.919323713964495],[100.85592869670582,12.919006702133869],[100.85589430290854,12.918795701289373],[100.85586771906434,12.918625256150685],[100.85582982992229,12.918487693234201],[100.85583664723697,12.918317048253387],[100.85592631886526,12.918137892524848],[100.85605737048883,12.917950556123989],[100.85618014144207,12.91773051489163],[100.85622839534585,12.917559539299395],[100.85619417761838,12.917372229607857],[100.85611784687038,12.917170559343813],[100.85600054126731,12.916960109441602],[100.85597460331178,12.916805505868187],[100.85599807988342,12.916626820120188],[100.85607984993048,12.916471451079088],[100.85625979326167,12.91619450858386],[100.85653050686074,12.915810705603112],[100.85671866169196,12.915557434784331],[100.85688914306824,12.915093006508963],[100.85704300830675,12.914637693154795],[100.8570733453122,12.914222870775747],[100.85705208847766,12.91392022097269],[100.85700347704436,12.91380757576257],[100.8568675933829,12.913657159960826],[100.85675087168478,12.913525784769279],[100.85664453001975,12.913394372733627],[100.8565465615515,12.91314987382167],[100.85652537388722,12.912933113603643],[100.856425661789,12.912452502003546],[100.85632894916549,12.912071309569907],[100.85606492532034,12.911407718132354],[100.85582579199507,12.910762052949972],[100.85575632707078,12.910400991633875],[100.85574655968871,12.910171710475053],[100.85576151843482,12.90993322121137],[100.85591898322267,12.909735516705313],[100.85621847974176,12.909504039782833],[100.85657743664783,12.90921905146125],[100.85732220649368,12.908463551604619],[100.85841777564451,12.907331599143824],[100.85889474333115,12.906730528360978],[100.85906258455884,12.906451413165616],[100.85917265602892,12.906076636892275],[100.85921351679792,12.905840221574181],[100.85932596790519,12.905700479199879],[100.85953611798614,12.905462822767277],[100.86112422891566,12.903895796333687],[100.86206514051395,12.902875628395858],[100.86439711488923,12.900512395475843],[100.86616021673781,12.898709084968361],[100.86760754998423,12.897268425442734],[100.87003744431874,12.894765476889264],[100.87154602470122,12.893046442975693],[100.87524505886917,12.888937936323639],[100.87650786917307,12.887401418671733],[100.87782634717684,12.885837359823736],[100.87937586648175,12.88390894019636],[100.88017601656658,12.88302875152459],[100.8813963796767,12.881520730800673],[100.88281245963606,12.879775178681044],[100.88391197598425,12.878197975838852],[100.88545450819291,12.876270728681893],[100.88765407628522,12.873283525896936],[100.88850128820945,12.87192844028962],[100.8886812692699,12.871665033012384],[100.88886512206916,12.871384642176372],[100.88911012588484,12.871041688749862],[100.88945383478728,12.870577111313873],[100.88975951620709,12.870028103950219],[100.88994318036018,12.869722835642229],[100.89010267264561,12.869490079911404],[100.89039715297216,12.869063137631835],[100.89062994688648,12.868707832047775],[100.89087464437661,12.868244006063833],[100.89135193905001,12.867474556123751],[100.89175636328585,12.866815215639535],[100.89204976922731,12.866326158121469],[100.89230723267596,12.865874640949714],[100.89255168402771,12.865459385712072],[100.89275958203221,12.865080528332268],[100.89304137635034,12.864653675757076],[100.8933227044428,12.864164705104919],[100.89357378625967,12.863713232210275],[100.89391044877701,12.863151559301615],[100.89443760713517,12.862356905594122],[100.89550206313615,12.86050085855311],[100.89658978819793,12.858449206356386],[100.89672321496708,12.858048302654362],[100.89725919927292,12.856436709956348],[100.89783981098378,12.855321914018822],[100.89865742521602,12.853647309812509],[100.90047852679092,12.849902401708276],[100.90110076283878,12.848355746329648],[100.90207503876501,12.846235970890346],[100.90267231781763,12.844819400981828],[100.90299585864364,12.844129019979817],[100.90311167124666,12.8439112383814],[100.90328454932816,12.843861412783916],[100.90345725672974,12.843859013860978],[100.90360950320409,12.843434241237865],[100.90340282151847,12.843278696305733],[100.90332572899909,12.843056683654771],[100.90334316709539,12.842852090439271],[100.90352752744283,12.842257602897901],[100.90395348878765,12.841029822620813],[100.90475251867331,12.839186971255744],[100.90545697302753,12.83732673979571],[100.90616281887215,12.835727494403818],[100.90650907809164,12.834925106713282],[100.90767383997725,12.831815367657482],[100.90938724163439,12.826724500910965],[100.91011929762406,12.825019996375802],[100.91149513305872,12.820524726354712],[100.91179877440453,12.818423394615493],[100.91205824289285,12.815202723389277],[100.91215703960783,12.814637102837555],[100.91228659284147,12.814337883945294],[100.91243487145719,12.812855671415026],[100.91296634981357,12.809292986266577],[100.91312838433129,12.808339370518338],[100.91322501520807,12.806956935702537],[100.91293521600247,12.805930932272934],[100.91265123877822,12.805676550176884],[100.91233155801302,12.805644960878171],[100.9119848056184,12.805540155191581],[100.91188131790102,12.805248292432848],[100.91189942883547,12.804753302190411],[100.91169278577742,12.804063398184354],[100.91155073697816,12.8039254518453],[100.91144862547982,12.803821127231918],[100.91131229355904,12.803680881316042],[100.9112269859464,12.803508649813066],[100.91105254838959,12.802821880167697],[100.91090538997301,12.801850183257358],[100.91080315899873,12.800888341853044],[100.91046839462159,12.800155273329128],[100.9101448609821,12.799540774508861],[100.90995373632057,12.798846202076348],[100.9097599643239,12.797804797988688],[100.90955877673456,12.796920490144407],[100.90925210537128,12.7961748131384],[100.90895209052425,12.795160166211325],[100.90877968675325,12.794506105096479],[100.90869787268875,12.793959896973631],[100.9086680351466,12.793438152998471],[100.90859793601169,12.792764172932896],[100.90849390661023,12.791866757932967],[100.90825454601119,12.791111520850697],[100.90797611588383,12.790292148581917],[100.90767882023719,12.789562207348137],[100.90731755106758,12.788972816900801],[100.90704536962133,12.788447160770167],[100.90692165094545,12.788066183064947],[100.90665295855578,12.787698692208835],[100.90631432064312,12.787440141071579],[100.90598099357044,12.787125094972851],[100.90571047760069,12.786509055004494],[100.9055766241318,12.785928161153119],[100.90544254069417,12.785396987501016],[100.90529004628479,12.784940544539049],[100.90515731391336,12.784508800851704],[100.90501847030303,12.783956189090095],[100.90494213865671,12.783600856185364],[100.90485156062832,12.78318687299652],[100.90479006465891,12.783049487304464],[100.9047690350981,12.782931023360035],[100.90471854977915,12.782642141056488],[100.90456270645039,12.782201528655802],[100.90452167859473,12.782102386554651],[100.90447947304773,12.781846245845442],[100.90439742631956,12.781649108081622],[100.90433974908846,12.781402112062738],[100.90428523482544,12.781194594431009],[100.90419020025489,12.780880081943721],[100.9041490286688,12.780761762407405],[100.90395570762641,12.780307834120146],[100.903766683226,12.779969121970314],[100.90361371360781,12.77967986745686],[100.90344429044694,12.779344419552764],[100.90330571992448,12.778978243241708],[100.90308482239946,12.778457874391567],[100.90292527441851,12.777979969240878],[100.90274194713362,12.777555363258003],[100.90264433799148,12.777354967544836],[100.90257945447514,12.777223269635549],[100.90242434776492,12.776955465219022],[100.90214059511949,12.776493153081033],[100.9018568568471,12.775951799744675],[100.90101239286932,12.774473294411921],[100.89772849714365,12.770177719533457],[100.89718410999664,12.76957151973723],[100.89583837441222,12.768319201479947],[100.89468657521617,12.767215751885658],[100.8936868347466,12.766437698214196],[100.89242000807505,12.765576848798426],[100.89134816702413,12.765007176265115],[100.88997488729648,12.764223895025353],[100.88896609630038,12.763696705013828],[100.88693184696645,12.762641320287878],[100.88546264962434,12.762032660669744],[100.88373765161515,12.761545582103473],[100.88343463549678,12.761429124920506],[100.8830264311502,12.761252405119103],[100.88145306067615,12.760958556681752],[100.87998681519808,12.7607520832569],[100.87915762258011,12.760765867373538],[100.87839395667223,12.760929491167529],[100.87761162556943,12.761370021497552],[100.87723273235223,12.761423544878097],[100.87678301326311,12.761626731411308],[100.87636959599297,12.762149379535609],[100.87616217858712,12.762818577933087],[100.87598687595269,12.763321467992919],[100.87577787481699,12.763852807200374],[100.87548435478948,12.764477449781779],[100.87529898563399,12.764704710351896],[100.87500328270033,12.765033342253304],[100.87462273568471,12.765411148121858],[100.87410599239394,12.765733424676343],[100.87360633416155,12.766112038147728],[100.87308138835394,12.766575609841247],[100.87281152456109,12.766895022672056],[100.87240899846543,12.767726017878569],[100.8721321574578,12.768271425033401],[100.87203365179703,12.768806534211034],[100.87191684026737,12.769124824569467],[100.87179032333937,12.769292948728069],[100.87155273960799,12.769386150655709],[100.87120379891732,12.769447377617979],[100.87066779934013,12.769502006676134],[100.87015765597175,12.769631012858778],[100.86987693154713,12.769648809891319],[100.86930458703186,12.769377197812307],[100.86891021135075,12.769045570041348],[100.86858490892851,12.768797048678422],[100.86824286819756,12.768616432750116],[100.86771378025816,12.768436028709283],[100.86699692825466,12.768239994008797],[100.86579383076433,12.767898233492003],[100.86542721302551,12.767817227249029],[100.86506955957493,12.767785879397787],[100.86466159507854,12.767955951147053],[100.86428777644441,12.768076098095934],[100.86395528660157,12.768019691117686],[100.86360785867386,12.76789108536801],[100.86331526121614,12.767781307014477],[100.86300228367958,12.76763887009262],[100.8625982340412,12.767483562241475],[100.86187108824288,12.767132796965265],[100.86142698182766,12.766925790651388],[100.8608645295603,12.766829201664635],[100.86015712334205,12.766742666844458],[100.85961145968901,12.766496796072424],[100.85898569236379,12.766082036664974],[100.85822389225673,12.765560907082486],[100.85746209484469,12.765039772921664],[100.8565367510503,12.764502830825993],[100.85604277556038,12.764247554527884],[100.85575165403469,12.764023653453254],[100.85552731955539,12.763565376719457],[100.85531935327893,12.763065187345436],[100.85501378414851,12.762675305025002],[100.85468761305538,12.762144327811182],[100.85458373996077,12.761710046472587],[100.85474184255246,12.7612942874411],[100.85619287146794,12.759097900576309],[100.85670555078039,12.758216429090275],[100.85662409065209,12.757540237445863],[100.85625160421954,12.756657060818601],[100.85565782141001,12.755808201456126],[100.85492124599615,12.755187438077526],[100.85435496421074,12.754638928306983],[100.85349906557769,12.753993044562341],[100.85258481597707,12.753548633176255],[100.85132115137533,12.753097632330455],[100.85063970018055,12.752856131701709],[100.84982472789355,12.753086671641265],[100.84872695068374,12.753368871124392],[100.84788647971739,12.753417693883671],[100.84723015170623,12.753301402057817],[100.8467995640377,12.753050178062585],[100.84645951577006,12.752983655158015],[100.8461302643538,12.752975773271215],[100.84586158004895,12.753065799018136],[100.84566287719967,12.753205020774923],[100.84548473139738,12.753401705841654],[100.84535681848745,12.7536184029531],[100.84512398414896,12.753971407133985],[100.84492645629606,12.754189700103792],[100.84472214526447,12.754351581983288],[100.84440327118638,12.754422705189988],[100.8439700280979,12.754440425315192],[100.84342224352248,12.754297378090641],[100.84275221350826,12.753960814466092],[100.84215997669929,12.753637293674087],[100.84150379601182,12.753389927714684],[100.84091354897124,12.753101412935797],[100.8404063305174,12.752756970208324],[100.83998987155169,12.752069510608408],[100.83984808416218,12.751723633080939],[100.83978716131793,12.751576078233139],[100.83968425391228,12.751109014717448],[100.83972790035698,12.750781062157293],[100.83991272513343,12.750391113598717],[100.84005591389477,12.750059062286393],[100.84023888095518,12.749735804615176],[100.84034945458352,12.749504532653784],[100.84043839408487,12.749311840758594],[100.84047474620945,12.749164719960737],[100.84049654203319,12.749075307020549],[100.84056510145567,12.748844364771612],[100.84062300416394,12.748573919321343],[100.84066699466341,12.748366842626309],[100.84076503230193,12.748081457065393],[100.84089881480394,12.747878271924845],[100.8409777461747,12.747730854147733],[100.8411162771713,12.747547998578032],[100.84124999409629,12.747335780530554],[100.84127291730572,12.747005713253646],[100.84116578961482,12.746434758250206],[100.84133226989483,12.745103751266299],[100.84117831751978,12.74378859889155],[100.84064952782104,12.742605930240725],[100.84028218334517,12.741943005399927],[100.83992528088616,12.741451755172642],[100.83904396891374,12.741020646967883],[100.83874066174118,12.740853265443391],[100.83843308307949,12.74073678209456],[100.83816737848642,12.740684389016012],[100.83781937563695,12.740704874504228],[100.83744991473024,12.740783151309355],[100.83716071919254,12.740825809822949],[100.83692204310977,12.740766453626506],[100.83677524132433,12.740596872678532],[100.83637363779849,12.739809931374719],[100.8361044234876,12.739348572141637],[100.83587751084345,12.739005539798645],[100.83573221373615,12.738568163446855],[100.83564070864635,12.738168842591099],[100.83566680740032,12.737634240809722],[100.83561497460842,12.737071930401509],[100.83549860774482,12.736493148596454],[100.83529348643285,12.735896840320551],[100.83493487268325,12.735164945856997],[100.83479571915413,12.734621344238098],[100.83446200580586,12.734152506664373],[100.83406943304355,12.733816285164433],[100.83391763213358,12.733595866449443],[100.8338557678549,12.733316108002418],[100.83386851584712,12.733006435848392],[100.83398709076968,12.732770594878794],[100.83411257283845,12.732692903546113],[100.83425381495057,12.732651274104358],[100.83442490807958,12.732591333304027],[100.83460739274473,12.732521132767069],[100.83482525216739,12.732408888274435],[100.83501352827119,12.732262973864607],[100.83525893632873,12.73189634038515],[100.83549738334112,12.731442752045309],[100.8356661534268,12.731065321345634],[100.83579405286197,12.730689357772299],[100.83602114427086,12.730015525950572],[100.83623860753653,12.729450201918656],[100.83642631410841,12.728984561813725],[100.8366346154565,12.728498417732563],[100.83678229220101,12.728072558964808],[100.83694009206044,12.727607089826892],[100.83709684897585,12.726923601486686],[100.83724929307955,12.726112414913629],[100.83737186191185,12.72547322135406],[100.83743076624165,12.724864975399704],[100.83744231318632,12.724226513874616],[100.83742213971999,12.723666280256804],[100.83727506844001,12.723059424973776],[100.83711144749751,12.722390561436152],[100.83664339020018,12.721241365296063],[100.83617124107674,12.720561088851507],[100.83607681376735,12.720472480751063],[100.83591265293735,12.720373064738903],[100.83578200196244,12.720286967079529],[100.83554723085621,12.720211771039715],[100.83539857225311,12.720102103463425],[100.83531613655443,12.719924151721569],[100.83528514737206,12.719453215481382],[100.83525408812112,12.718977762937245],[100.83527285572404,12.718703072506681],[100.83523879610003,12.718287543473407],[100.83510332296866,12.717613966135721],[100.83500365129463,12.717357052152565],[100.8349135475767,12.717150904229381],[100.83480467895077,12.716973134437366],[100.83453355661825,12.716477870675227],[100.83440572365838,12.7158279700856],[100.83436156607229,12.715366195689182],[100.83431143648615,12.715038854110322],[100.83419998879705,12.714664548387528],[100.83401967895323,12.714311007516168],[100.83388116771957,12.71401707924098],[100.83383073450288,12.713642314588444],[100.83388986880142,12.713306331427681],[100.83409859325602,12.712963687120338],[100.83428736612809,12.712647169056972],[100.8344765773781,12.712391625831573],[100.83468687118949,12.71218906318396],[100.8350119894571,12.71186482661054],[100.83542017673567,12.711655230379982],[100.83582822118214,12.711504388882455],[100.83614141880594,12.71136890179613],[100.83657558895582,12.711091335006818],[100.8373084004286,12.710489712732238],[100.83785820801005,12.710052034848117],[100.83856077680051,12.709404303320119],[100.83922143648799,12.708618989841851],[100.83958992721415,12.707851547166177],[100.83987649967128,12.707129840457702],[100.83993819147341,12.706668443713525],[100.8399720337051,12.706413974094755],[100.83995219800532,12.706136183689182],[100.83980203113086,12.705737269237337],[100.83955142631942,12.705293847656536],[100.83920651816607,12.704862369555187],[100.8388624193948,12.704621850045351],[100.83846494632262,12.704242715331802],[100.83829840136387,12.704046169159701],[100.83816741441903,12.703833530015306],[100.83803619031896,12.703671724554781],[100.83781675345463,12.703482282312777],[100.8375315769795,12.703191629486701],[100.83726451682865,12.70278223128301],[100.83713117899272,12.70240467121809],[100.83709203580253,12.702000469264311],[100.83717342226895,12.701712906442054],[100.83750529586754,12.70145977966104],[100.83783160170795,12.701145678216871],[100.83801569795071,12.70065744423348],[100.83808048714394,12.700227681139925],[100.83807783262229,12.69985821289227],[100.838012812562,12.699536677236789],[100.83792191922495,12.699219799799685],[100.83770972547674,12.698673296763161],[100.83761805060536,12.69833158268094],[100.83757319233332,12.697850598554052],[100.8376743938383,12.697439760675858],[100.8378350943578,12.69730647711466],[100.83804369394656,12.697268861675006],[100.83821069345279,12.697288030888643],[100.83842441254035,12.69732272195615],[100.8386337514426,12.697387912511262],[100.83879029455895,12.697473831269461],[100.83911360811119,12.697704353182218],[100.83946018084274,12.697729052979035],[100.83971255264034,12.697695686125037],[100.83995995405949,12.697616001765946],[100.84025694787221,12.697306618206508],[100.84051645947967,12.696991866639507],[100.84070210172304,12.696719425687553],[100.84104108908033,12.696492236516194],[100.84189602651603,12.696000458396053],[100.84271099251481,12.695310144088735],[100.8430619813643,12.695152878853659],[100.8433429698936,12.69501990519988],[100.84352224667487,12.694827698620974],[100.84361837629173,12.6946722392572],[100.84365649360586,12.694535249887091],[100.84371951401631,12.694416192457316],[100.84384706041359,12.694387057972738],[100.84398681850888,12.694378201509405],[100.8441680563124,12.694301231941909],[100.84468316736428,12.694319127155907],[100.84525400450654,12.694565988086749],[100.84544141193942,12.694942055966171],[100.84549364448162,12.695481740230228],[100.84579170189963,12.69604233659577],[100.84656343917034,12.697337421797252],[100.84672481342628,12.697454919715662],[100.84693326119974,12.697558539764847],[100.8474153259273,12.697620714753652],[100.84767524626824,12.69752061063056],[100.84799607508037,12.697484464855242],[100.84847215792644,12.697678886580626],[100.84889538390122,12.697958383708048],[100.8494252515783,12.698190858551888],[100.84982048964204,12.69826040957018],[100.85022778219862,12.698171678013859],[100.85065425827806,12.697946126275431],[100.85104080154819,12.697772831686951],[100.85206450547629,12.696911546707375],[100.85242790544974,12.696318097011593],[100.85281021585827,12.695560726804834],[100.85317607541897,12.695229377561306],[100.85347969879848,12.694728973658821],[100.85353843514332,12.694498099382841],[100.85352467654644,12.694425891098209],[100.8535436813046,12.694347788415474],[100.85361683920303,12.694280637546195],[100.85370367395164,12.694274367209633],[100.85381101184829,12.694318821307268],[100.85395876315296,12.694377654662633],[100.85407886161825,12.694356490641026],[100.85427922185923,12.694296337486737],[100.85453422482229,12.694392851568363],[100.85488942497383,12.694495438764362],[100.8554390340276,12.694668973078564],[100.8557787615967,12.694785254971928],[100.85624556215095,12.694334577332313],[100.85617108462736,12.693902342738019],[100.85620990172912,12.693384610580582],[100.85655065337764,12.693242136250669],[100.85683616043281,12.69333843427121],[100.85692321526867,12.693518605172171],[100.85702475454018,12.693798116511546],[100.85745098717618,12.693696804137105],[100.85731877942088,12.693083121395935],[100.85703195274056,12.692804942218109],[100.85630403079783,12.692559205704985],[100.85623218982964,12.692724642872879],[100.8560783407608,12.692854518909735],[100.85580490077484,12.692836104786242],[100.85556477301455,12.692731566137802],[100.85506929733812,12.69208199042354],[100.85455963636504,12.691785002463158],[100.85383035706796,12.691585620379589],[100.85312560087979,12.691356668629899],[100.85266313379847,12.691218654753026],[100.85224577472084,12.69102949418798],[100.85193103828296,12.690629477224221],[100.85157148130229,12.689923560308026],[100.85110450557656,12.689156267150151],[100.85060422301505,12.688480724890772],[100.85031592489428,12.688315503181514],[100.84997858594552,12.688215041339859],[100.84959373869467,12.68822449570764],[100.84921577703044,12.688388730674818],[100.84876439785468,12.688505976824425],[100.84850174214372,12.688549602000899],[100.84828763498396,12.688538653422295],[100.84784806056932,12.68837903443289],[100.84640258324228,12.687322503796269],[100.84607857888561,12.687151897721412],[100.84569607983089,12.687011056107313],[100.84545441864643,12.686927989946472],[100.84520538858166,12.686785110617741],[100.84494352338815,12.68645702061125],[100.84324538141271,12.684502908480246],[100.84305545690042,12.68433584727215],[100.84278376413765,12.684239436295799],[100.84199026697586,12.684224613003071],[100.84109234335719,12.684097517736738],[100.84071350403893,12.683903551874099],[100.8404523098869,12.683662419226421],[100.84032717995775,12.683465585469342],[100.8402845001003,12.683293021571851],[100.84030128781632,12.683147147311704],[100.84038292131945,12.682973723453662],[100.84048223187072,12.682862300164167],[100.84068215283554,12.682820227864408],[100.84103489519646,12.682667545479248],[100.8413491483407,12.682442788912086],[100.8415357329168,12.682145462806591],[100.84162296651741,12.681953895039257],[100.84172784572516,12.681819886470986],[100.84183968058814,12.681767131554805],[100.84198691446321,12.681760446372516],[100.84218096224267,12.681620156537276],[100.84239842011843,12.681301142904616],[100.84263098406403,12.680675846840122],[100.84268069234028,12.680147892545786],[100.8426613632903,12.679940107999759],[100.84260113394544,12.679807207026705],[100.84239976130316,12.67964703656053],[100.84201074586937,12.679316417679797],[100.84172955521913,12.67877379996947],[100.8414722031616,12.678190328004593],[100.84113263728926,12.677373553876709],[100.84082573326235,12.6765418552309],[100.84072626011599,12.67622618491222],[100.84074213873694,12.675953773440471],[100.84076387527188,12.675693760409766],[100.84094214234675,12.675446214218979],[100.84107863416763,12.675141350593661],[100.84138203117169,12.674687313895324],[100.841780427712,12.674325249425372],[100.84218179138769,12.673972234428438],[100.84233925078561,12.673710133476419],[100.8423721938037,12.673409393125738],[100.842380756545,12.672916709754992],[100.84218496513556,12.672330553884033],[100.84222344896234,12.671924666985255],[100.84227276287818,12.671420410912518],[100.84232880787046,12.671055089341806],[100.84240993382542,12.670811622845786],[100.84257868774144,12.670521194762461],[100.84278953222011,12.670316369113182],[100.84307827680354,12.67022736488417],[100.84344395400628,12.670276811000221],[100.84383723014946,12.670399516942398],[100.84427531964889,12.670593069768767],[100.84450058208787,12.670799389522664],[100.84462013437745,12.671023399121802],[100.84468651538536,12.671215011919939],[100.84471166192512,12.671429495171413],[100.84471943055567,12.67170736904132],[100.84467316821686,12.672315565128788],[100.84471912423017,12.672466631443147],[100.84482651961903,12.672599204954713],[100.84498582505486,12.672672700773553],[100.84535874267877,12.672847487484557],[100.8462087393804,12.673356794224809],[100.84669085351528,12.673913820547883],[100.8470129678166,12.674462959576335],[100.84711684809776,12.674902880113327],[100.84720860202084,12.675423113483049],[100.84739086480209,12.675725765560522],[100.84757496733309,12.675886051550906],[100.84785319713613,12.676011772306552],[100.84820198690981,12.676107642141218],[100.84836730297323,12.676135889152009],[100.84850242755827,12.676123621027754],[100.84877413199909,12.676144351861197],[100.84933406808535,12.676082850851179],[100.8497987108863,12.675894321455861],[100.85030482620894,12.67570550182554],[100.85074996568675,12.675364572853866],[100.85122843715317,12.675013267446749],[100.85139915658301,12.674912636465233],[100.85150441038822,12.674831675910813],[100.85169792187347,12.674697010658647],[100.85185119152891,12.674649627628066],[100.85202222626745,12.674671057968469],[100.85222927087243,12.674739624177901],[100.85258383142352,12.674841113247053],[100.85299749842531,12.67491956897884],[100.85348223025096,12.675043880922432],[100.85396714892613,12.675188478493657],[100.85451992454129,12.675409497386999],[100.85500944259074,12.675793596168926],[100.85551615978463,12.676173093168593],[100.85565213148099,12.676194728463011],[100.85579342839034,12.676165494610185],[100.8573785371502,12.674741022075079],[100.85865634303114,12.67339095919076],[100.85984479349081,12.67177828664634],[100.86069840950469,12.670248181212028],[100.86119418791338,12.66888214323097],[100.86149353171886,12.668109503451683],[100.86175530528422,12.667319059753142],[100.8618184496622,12.666507385039164],[100.86173797229083,12.664296865744291],[100.86175632127883,12.663812041525027],[100.86178182804299,12.663445786134593],[100.86178789706105,12.663014173992293],[100.86147545941196,12.662449178678386],[100.85985971360937,12.660424505080796],[100.85960009959393,12.660009410260269],[100.85953885066121,12.659892328920542],[100.85949248771111,12.659685883768951],[100.85938662215317,12.659525094135239],[100.85876616836286,12.65885151111917],[100.85855500498228,12.658691419513868],[100.85837472388452,12.658662171382996],[100.85740020541319,12.658743536747373],[100.85705469628694,12.65870188994073],[100.85681394779078,12.658584949990667],[100.85657271240773,12.6583956714103],[100.85617967701306,12.657986018872116],[100.85602911937144,12.657927203405654],[100.85578912276519,12.657914178877254],[100.85526387422529,12.657917839944298],[100.85497808150588,12.657854301973758],[100.85477549613796,12.657686261793121],[100.85466359569794,12.657404559059993],[100.85459933920566,12.6571892033026],[100.85453083817367,12.656944517522495],[100.85436985827815,12.656564899867289],[100.85418627497342,12.656313056088219],[100.85384251486701,12.656110974706428],[100.85318511336904,12.655894082247846],[100.85251256986867,12.655574519286473],[100.85216272367619,12.655563402757762],[100.85192445183529,12.655710780209436],[100.85169870520437,12.655916863081766],[100.85150322461206,12.656012000716473],[100.85119704462723,12.656075142972883],[100.85039281439441,12.656080733217987],[100.84985364376425,12.655904846413449],[100.84932529693494,12.655635068116483],[100.84897233448675,12.65534829875233],[100.84873804757245,12.655091175536969],[100.8485553086841,12.654798706603355],[100.8485073611058,12.654611483221485],[100.84847562452514,12.65443995508712],[100.84846925636808,12.654272768993376],[100.84842795362798,12.653573699346822],[100.84847496965328,12.653306736527277],[100.84856112078398,12.653128762619932],[100.84872535168255,12.65292988495184],[100.84888443882778,12.652812419085942],[100.84900216304577,12.652699756387861],[100.84917132749186,12.652547159387744],[100.84923243179583,12.652404383494163],[100.84924712643723,12.652287919227922],[100.84914804854961,12.651869438385916],[100.84912630482815,12.651729494973052],[100.84911792085158,12.651601862860385],[100.84914181424151,12.651485335119611],[100.84921750808401,12.651368447082179],[100.84935217991813,12.651138157586342],[100.84952600392559,12.650831884400892],[100.84969106666412,12.650266958525302],[100.84986792338398,12.649821682083736],[100.85030159856213,12.649491020144717],[100.8506300810205,12.64932717119623],[100.8508475936935,12.6492556136303],[100.85096759873399,12.649224273059691],[100.851043647411,12.649240700652022],[100.85113272255795,12.649306722172527],[100.85127127511412,12.649374695667632],[100.85146764593689,12.649403837928563],[100.85159626043108,12.649369031648657],[100.85170618996732,12.649294851570485],[100.85180416113053,12.649161962671734],[100.85183440381289,12.649047648765269],[100.85185103881534,12.6488814504762],[100.85189454512287,12.648771524272343],[100.85196078150202,12.648697648170927],[100.85206095084273,12.648629163487749],[100.85236006288287,12.648465517337588],[100.85269747190021,12.648347920569586],[100.85320473437147,12.648330841668914],[100.85352730771191,12.648388462903794],[100.85402860087811,12.648500225571006],[100.85479191374806,12.648804494337474],[100.85690510074095,12.650028062465596],[100.85772832046057,12.650743148595643],[100.85882788621613,12.651643857921366],[100.85923416637138,12.651899772406207],[100.85957800642782,12.652035206119811],[100.86090557807721,12.652328738787405],[100.86157975381647,12.652317252233624],[100.86209639200437,12.652245815586634],[100.8627532158856,12.652061590600095],[100.86327598956686,12.651807107607539],[100.86360185702945,12.651361929391653],[100.86360524277976,12.651038811782255],[100.8636157494753,12.650902015448876],[100.8636557263021,12.650784226971707],[100.86371890840928,12.650690006844243],[100.86382023478006,12.650620363076142],[100.86398547358839,12.65055708361143],[100.86465814914109,12.649950169683567],[100.8657197080753,12.648704453426101],[100.86580346339912,12.648593133488069],[100.86594696207925,12.648630557145477],[100.87100424626179,12.652033148968174],[100.8712065549486,12.652162786302187],[100.87160687029039,12.652230018392602],[100.87230557632509,12.652351649661801],[100.87385604874257,12.652603971537285],[100.87705820586221,12.653095510004132],[100.87714620572577,12.652858763139738],[100.8772664667861,12.652857915564447],[100.87827347552465,12.653130997692001],[100.87973156699492,12.653489041085267],[100.87983309458834,12.653061239768576],[100.8853178699466,12.65392857709157],[100.88531356521978,12.653342254863214],[100.88639140072858,12.653309743792757],[100.88678251911847,12.653453839185463],[100.88715928961662,12.653687331064713],[100.88726624752589,12.653995001464095],[100.88746441497926,12.654421791493959],[100.8874511756086,12.654656900494826],[100.88749690973805,12.654775193797777],[100.8879191781087,12.655007214590311],[100.88832620925551,12.655284510341847],[100.88856815430761,12.655563011842975],[100.8888151416034,12.656214287274917],[100.88888485536104,12.6564657262143],[100.88894792428049,12.656516147023243],[100.88903214403334,12.656546055394939],[100.88904813404538,12.656608064221643],[100.88907482299248,12.656715201576102],[100.88905993162003,12.656802307669865],[100.88905024508632,12.656895005714148],[100.88908203376927,12.656993073075464],[100.88920346443612,12.657156069541418],[100.88933469751933,12.657242102667375],[100.8894818783938,12.657307734711848],[100.88954455744444,12.657381851107097],[100.88954298988428,12.657481266313546],[100.88954093903047,12.657592012660512],[100.88958553948602,12.657714867573802],[100.88964488758357,12.657802557940293],[100.89037333773568,12.658289998485008],[100.89086506743739,12.658819767670066],[100.89201755294629,12.660093899828052],[100.89287871660521,12.660631218711824],[100.89367515934286,12.660975816142342],[100.89490424060277,12.661243878796512],[100.8988608891363,12.661759118752176],[100.90315976974192,12.662030063287236],[100.90553318519791,12.661996124680396],[100.9093037513136,12.661544279406105],[100.91015042335036,12.661371015262517],[100.91150433540049,12.660944397252241],[100.91384529562355,12.659953691847949],[100.91623144649533,12.658781867825518],[100.91824188418603,12.657681629579342],[100.92003352910442,12.656557003595312],[100.92101756881948,12.655448339689135],[100.92308955637851,12.653199786188937],[100.92481484993337,12.650523282843212],[100.92572222023557,12.649165491510956],[100.92602419790148,12.648240260805435],[100.92634565733096,12.646539853363425],[100.92642340023059,12.645856880937405],[100.92723864740208,12.644418418021056],[100.92738691433972,12.644166528073688],[100.92773217642927,12.643645476259223],[100.92806663897248,12.643066860563419],[100.92818528486197,12.642545153486955],[100.92824033002931,12.642063444353798],[100.92822395374169,12.641644446251238],[100.92815039160138,12.641270992461134],[100.92753027917085,12.640425879827303],[100.92620606542403,12.639116982949858],[100.92611411027828,12.638823884764964],[100.92611308260558,12.638379897937371],[100.92609728662963,12.638037677889571],[100.92589623109262,12.637764582251325],[100.9257142054666,12.637500418391296],[100.9256646274461,12.63717765577989],[100.9257459195894,12.636822295442137],[100.92588629752223,12.636438297522687],[100.92600175618907,12.635878222239414],[100.92644394559947,12.634784756669633],[100.92647982431191,12.634582251526538],[100.92677865697603,12.633928223736616],[100.92688524747435,12.633110582115268],[100.92683502536175,12.63247036968246],[100.92660715601185,12.632074334286868],[100.92609239979448,12.631928931260145],[100.92270507564027,12.632336355281383],[100.92235193083408,12.632342307192998],[100.92207350160503,12.632105896104163],[100.92143343040551,12.630586418876995],[100.92114806708079,12.63003711706596],[100.92079685904238,12.629686019249055],[100.9202868917438,12.629181314197032],[100.92009833177239,12.628731863536789],[100.91979671702583,12.628322802449247],[100.91928720607142,12.627873401998693],[100.91850846463647,12.62758075901902],[100.91774218463111,12.627645020691459],[100.91748535179983,12.627760966733845],[100.91725806725314,12.62790154126855],[100.91698645354215,12.628042470742852],[100.91406456899452,12.628304087380881],[100.91385376134679,12.628186984493292],[100.91376217091707,12.628011381779917],[100.9136570779103,12.625949118636028],[100.91353587092392,12.624421374454709],[100.91345842716329,12.623445786378303],[100.91351715632163,12.623298464825373],[100.91381882586541,12.62325565161988],[100.91548950903753,12.623140858019791],[100.91579495150552,12.622987249300001],[100.91719585622478,12.621710689702338],[100.9178786629773,12.620791764994571],[100.91853367944817,12.620079802584232],[100.91874119027882,12.619755189369387],[100.91888671106662,12.619135036410716],[100.91935827628511,12.61804136951606],[100.92048739661351,12.616735135205781],[100.92092251358767,12.616386264169927],[100.9215015245007,12.61582170661576],[100.92258491698786,12.614477367840916],[100.92380119096678,12.613059766785705],[100.92421057120806,12.612496427436373],[100.92458100229527,12.611730010455553],[100.92467555716546,12.610990423481569],[100.9245805288831,12.61028389180872],[100.92432155267154,12.607722222790379],[100.92440602574926,12.607015507647692],[100.92464211378571,12.606512170186422],[100.92534704514537,12.605793064484242],[100.92579239393064,12.605353745547742],[100.92591130122983,12.605255707470556],[100.92603060468608,12.605210793392962],[100.9261558415148,12.605268642632291],[100.92626576745779,12.605355997694033],[100.92654169128551,12.605568657547721],[100.92677791317097,12.605850537504525],[100.92708485133384,12.606288949999962],[100.92726453505193,12.606933895256644],[100.92731629687692,12.607237428873265],[100.92739818011172,12.607501206693023],[100.92761418451335,12.607695120137679],[100.92808279517288,12.607750492267259],[100.92846364941231,12.607608766136781],[100.92870170655586,12.607294071376295],[100.92894776679027,12.606975986196385],[100.92925411386175,12.606866450501046],[100.92950987140965,12.606841983867042],[100.92973210203451,12.606951109297265],[100.92989594935247,12.607091161377328],[100.93002154011737,12.607276655727857],[100.93023962861047,12.607824139995117],[100.93052288628418,12.608859277127209],[100.93060268183424,12.609145651552588],[100.93071275599928,12.609327888540838],[100.93089254571854,12.609451979057434],[100.93112182183019,12.609500041312657],[100.93175147347073,12.609556500095868],[100.93272735378804,12.609533634478639],[100.93411201696699,12.609333806798356],[100.93578189974021,12.608896896833029],[100.93743533346226,12.608033058873021],[100.93854945911194,12.607272526677827],[100.93977673745312,12.606497621158825],[100.94185190414991,12.604969764398657],[100.94312185067045,12.603977629620804],[100.94356383616328,12.603632083943593],[100.94391501276067,12.603370828701687],[100.94414110075135,12.603146615141236],[100.94432146179915,12.602966788107471],[100.94459662026226,12.602616827900425],[100.94477107039549,12.602333089346354],[100.94483048317176,12.602129302251701],[100.9448332841188,12.601890904765746],[100.94479108755498,12.601633620841525],[100.94473654095262,12.601113171468109],[100.94467608074071,12.600413140312432],[100.94474877600679,12.599376619844492],[100.94477810869576,12.599222732988045],[100.94490373718993,12.599107720840555],[100.94505427596692,12.599007224781158],[100.94529160906835,12.598985136718266],[100.94554944711447,12.599008139162919],[100.94614835211775,12.599184515716951],[100.94753976523772,12.599434232819675],[100.94794627176842,12.599493429947493],[100.94845964907182,12.599539407566317],[100.94884949365063,12.599603202868575],[100.94915594043506,12.599664238359736],[100.94954277026777,12.599787953953284],[100.94988167767499,12.599959480171071],[100.95017442335474,12.600107611177304],[100.95031926501622,12.60040027767004],[100.95040322605425,12.600706974192128],[100.95039638538336,12.601397312890484],[100.95040128209997,12.602044658519173],[100.95044550077149,12.602264646602302],[100.95056178948165,12.602429872269836],[100.95082281834368,12.602570311680303],[100.95118060743987,12.602651293380818],[100.95171944479506,12.602718549884878],[100.9522706797995,12.602750693925342],[100.95321990800065,12.602707589735722],[100.95407524967823,12.602491208663197],[100.95541428922051,12.601975270643337],[100.95582618833782,12.601686421239435],[100.95697729583111,12.600580964773346],[100.9583590179258,12.599021943434094],[100.95884050413829,12.598427530633737],[100.95918260236145,12.597961823916757],[100.95938308746823,12.597550240528149],[100.95960994172187,12.597131689417436],[100.95984715175412,12.596558280422796],[100.95993147301657,12.596226624724899],[100.95973203893867,12.595937733775614],[100.95974931533821,12.595790747077498],[100.95984466881067,12.595551673024259],[100.95996171480063,12.595434458721609],[100.96013476985023,12.595351819537564],[100.96043940922431,12.595329262126949],[100.96100756220048,12.595243763122735],[100.9618816382433,12.595230540775106],[100.96268551364159,12.595135423489042],[100.96299570011257,12.594935420639224],[100.96334180841512,12.594844770899662],[100.96363392617246,12.594910410189998],[100.9637594459705,12.595005520545952],[100.96385152598204,12.595243218693769],[100.96384026829492,12.595576596618033],[100.96374021124362,12.596108315739652],[100.96363373123806,12.596702239462681],[100.96355352695454,12.597118568863319],[100.96350789972463,12.597472523761413],[100.96343954781298,12.597708031407024],[100.96340037318177,12.598077746580007],[100.96345186012228,12.598721338735599],[100.96341255882859,12.599148696170515],[100.96315574486188,12.599790036948937],[100.96303165158855,12.600189732463679],[100.96294116428999,12.600542905507007],[100.96282266482591,12.601063470006427],[100.9627122394196,12.601520705030856],[100.96252896783029,12.601925389630603],[100.96239788566405,12.602461852408783],[100.96236451774278,12.603059756398409],[100.96244916060212,12.603602558622852],[100.9628470019836,12.604260563327573],[100.96326013538614,12.604664236312566],[100.96340943808127,12.604857460216339],[100.96340274114085,12.605037132507123],[100.9633384747671,12.605210490067558],[100.96323426031267,12.605419125284932],[100.96304512811443,12.605732337284222],[100.96308001418851,12.606012252465037],[100.96320855861408,12.606350230240034],[100.96347639850255,12.606779847250014],[100.96386692490266,12.607233402391392],[100.96412920152459,12.607382850312945],[100.96435992751712,12.607472668932093],[100.96446119459908,12.607549889109452],[100.96452008545417,12.607655668046943],[100.96452094693852,12.607768647779826],[100.9644356644787,12.607973738356462],[100.96436548180051,12.608201338586015],[100.96432559121199,12.608625292829929],[100.96427223397907,12.608869725049205],[100.96424612175039,12.608989677122308],[100.96405436108164,12.609863251406598],[100.96403045062372,12.610499513261521],[100.96414221811305,12.610979994055567],[100.96451430030372,12.61164832592881],[100.9647770188968,12.612161569841115],[100.96500333326294,12.612576791475854],[100.96565539786982,12.613159470990635],[100.96615526271471,12.613614473553913],[100.96644898486316,12.61404048856695],[100.96654483330734,12.61461711599744],[100.96661061963054,12.615250420567557],[100.9666443468779,12.615673832781813],[100.96666075101329,12.615862404888201],[100.96674694795804,12.616004112424775],[100.96696924415996,12.616114313953794],[100.96723072577285,12.616311225070612],[100.96730720743783,12.616385220109736],[100.96733978035004,12.616509257238636],[100.96734059242705,12.616615462897665],[100.96733227492584,12.61673076874326],[100.96726228628374,12.616830683661387],[100.96716533650503,12.616865307651148],[100.9669819822707,12.616879097810699],[100.96680421106586,12.616873595246959],[100.96667158649225,12.616906224913443],[100.96652713739454,12.617043968661404],[100.96637051253151,12.617250769111575],[100.96629502619989,12.617381230579786],[100.9662654464742,12.617649216248489],[100.96631943701941,12.618015987005991],[100.9665058284577,12.61839988547694],[100.96658467718346,12.618778874318764],[100.96659330190849,12.619083857842444],[100.96652037308047,12.619475293594549],[100.96632306261989,12.620223521362968],[100.96617319129115,12.620485618490511],[100.96589058399771,12.620761095046561],[100.96570303373271,12.621055122103671],[100.96559140638055,12.621428739545006],[100.9656511021261,12.622616838996933],[100.96562122865136,12.622846400317751],[100.96546487957107,12.623084778294819],[100.96523884907258,12.623315820651662],[100.96492448004562,12.623648024211718],[100.9646605002179,12.623880419529057],[100.96451004139098,12.624061150550428],[100.96434049875417,12.624230767058455],[100.9643423528769,12.624473643318842],[100.96436986917237,12.624764939895394],[100.96447992177781,12.625088354584999],[100.96457083487782,12.625398359607773],[100.96462343572929,12.625652192173845],[100.96465224649707,12.626112920337119],[100.96459804305114,12.626473712888865],[100.96445411407802,12.626680383871848],[100.96423951643811,12.626824306694274],[100.96381736934001,12.627057903558265],[100.9635722918625,12.627352316089366],[100.96344855522032,12.627720394829129],[100.96340339331775,12.628362438943418],[100.96351054795808,12.62951627925476],[100.96354198000988,12.630014269056995],[100.96371615975023,12.631207190108933],[100.96385121516498,12.631492030067601],[100.96400855149372,12.632211658756045],[100.96433096223907,12.633000113542121],[100.96465894164091,12.633619083706437],[100.96544631678405,12.634738515400194],[100.96605358061105,12.635468410856149],[100.96712581332747,12.636598174300298],[100.96841471340215,12.637857383628011],[100.96919206334677,12.638412018214536],[100.96984102786756,12.638879454393249],[100.97031171453374,12.639124530019018],[100.97064324407752,12.639377407546259],[100.97078407296462,12.639587640019593],[100.97081117064518,12.639817890845102],[100.97073168231894,12.640178907733569],[100.97047460514588,12.640560376467223],[100.97022979626465,12.640816403738667],[100.96997219267882,12.641055571377935],[100.96978264725557,12.641168809841258],[100.96934746739934,12.641351648112735],[100.96908795489352,12.64141568543527],[100.96880390400742,12.641504781233051],[100.96859568620269,12.641582026199588],[100.9683997115369,12.641682872810055],[100.96812313553231,12.641921066681668],[100.96789847137133,12.642327172240234],[100.96786646888933,12.643110350640884],[100.96813956482053,12.644066381038197],[100.9685444418073,12.644809016468972],[100.96898657462381,12.645527681166483],[100.97013559533069,12.646688507857064],[100.97185475069726,12.648006628083552],[100.9737508328523,12.649068132870209],[100.97592442525983,12.650084620111604],[100.97744334435295,12.650713942502582],[100.97786844870497,12.650866678210249],[100.97909398072122,12.651273346282583],[100.97948178163273,12.651433130506218],[100.9797557058106,12.651672871953707],[100.98059518413856,12.652145631401041],[100.98260866891472,12.652902293621315],[100.98436172310683,12.653535456012483],[100.98680579824645,12.654331779884059],[100.99093624653293,12.655689392099827],[100.9916970261538,12.655946948574545],[100.9919797672962,12.656057818295928],[100.99214913835482,12.65624068709989],[100.99221833108957,12.656485313953858],[100.99236223490988,12.656495527660482],[100.99235828232261,12.656875157689685],[100.99242466063561,12.657422590091691],[100.99253375653528,12.657766353939069],[100.99264771771055,12.65792594390048],[100.99283502992202,12.658117710284511],[100.99302123091745,12.658243998121822],[100.99312385984543,12.658347143295188],[100.9931526589351,12.658497191527621],[100.99313771276543,12.658723234850278],[100.99303256855467,12.658961280473896],[100.99288239718861,12.659178193113364],[100.99273715667516,12.659292264956489],[100.99245628313024,12.659349711926897],[100.99221449079172,12.659395575360206],[100.99208102898828,12.659545727276736],[100.99199805969033,12.659750807868477],[100.9920283679497,12.660027378001653],[100.99226763512394,12.660389380391095],[100.9926188090264,12.660718892299263],[100.99298055160813,12.660928564661409],[100.99311181253915,12.661164842137369],[100.99309225891035,12.661535555024122],[100.99289778083788,12.661901914828412],[100.99275303080456,12.662079249805666],[100.99252368013273,12.66224703729902],[100.99236644980519,12.662297932886954],[100.99218699785244,12.662376091851398],[100.99201939557666,12.662499363411523],[100.99186975601326,12.662785165006753],[100.99174936469718,12.663210867538512],[100.9918415776594,12.663531027445789],[100.99198971883291,12.663717460723781],[100.99204705111097,12.663910200884791],[100.99208774479335,12.664043203930367],[100.99222344070691,12.66410771235455],[100.99246496444916,12.664094612766103],[100.9926233994175,12.664198489171088],[100.99274834070046,12.664363623101323],[100.99279465873484,12.664550819166886],[100.99275687200073,12.664719430658373],[100.99253948688849,12.665024953576545],[100.99234385268423,12.665165390153266],[100.99214830471824,12.665321633554456],[100.99209840330421,12.665415779038144],[100.99203333563322,12.665775542323095],[100.99184022479662,12.666245805788236],[100.99166836181138,12.666558909946239],[100.9914979469104,12.667058397226352],[100.99145104586943,12.667538931187989],[100.99144070536221,12.667688123856696],[100.99130104069171,12.667782940702477],[100.99115448504467,12.667800992035149],[100.99095161580914,12.667752793501618],[100.99043458236251,12.667767954309097],[100.99024953480385,12.66786877304256],[100.99020578505291,12.668012551700761],[100.9902309333893,12.668362608182001],[100.99016505274297,12.668622942460955],[100.99015088002277,12.668943898394991],[100.99022225476533,12.669396412428242],[100.99027447203615,12.669600482447191],[100.99023054441875,12.669794016598667],[100.99007369318025,12.669894588250752],[100.98993863866383,12.669840255023189],[100.98984124691397,12.66966924809693],[100.98967717142395,12.669504405953111],[100.9894348230283,12.669484746468788],[100.98925549683969,12.669579859760191],[100.98913411827515,12.669879034924023],[100.98921500707492,12.670143898850917],[100.98931137744026,12.670256162074752],[100.98975745655585,12.670434741043605],[100.98997350048336,12.670698592982946],[100.99001956429451,12.67085302840691],[100.99003776416218,12.671046097971887],[100.99011767020498,12.671188951073344],[100.99035103904109,12.671532932122542],[100.99042013116454,12.671764010400125],[100.99044454827229,12.671946816230886],[100.99046515292994,12.672449427074682],[100.99063628019495,12.672779177560276],[100.99094822377062,12.673094285976084],[100.99124434891245,12.673517980045116],[100.99130234324886,12.673727669049567],[100.99142788011487,12.67396398900107],[100.991552864517,12.674129122739441],[100.99161473328724,12.674172713569282],[100.99172168311169,12.674166284980636],[100.99185123275208,12.674176605779461],[100.99204329705141,12.674240691830791],[100.99212849596792,12.674394832381752],[100.9921527980913,12.674635278799467],[100.99201928508384,12.674779767925976],[100.99199788092558,12.67491208782385],[100.99211928464297,12.675358560595985],[100.99243289369517,12.675887221572459],[100.9925483748199,12.676308861928671],[100.99240551484196,12.676730216751185],[100.99212094742457,12.677052052036238],[100.99198661784857,12.677091484646127],[100.99183463637721,12.677076816063009],[100.99161431736727,12.67700613043047],[100.99139581025922,12.677095911425756],[100.99113411215237,12.677474066446431],[100.99089145293959,12.67808030488295],[100.99092180341979,12.678356873532435],[100.99093337731389,12.678439266776236],[100.99057527740061,12.678701791427335],[100.99047508380542,12.678840365982273],[100.99045914769228,12.678934255818167],[100.99052975257864,12.679359638653876],[100.99030188053379,12.6796516911617],[100.99024038995427,12.679734630864832],[100.99024701772446,12.67984527113871],[100.99034913371437,12.679954084056687],[100.99054357495592,12.68040115972156],[100.99052841229224,12.680594478836726],[100.99036655294603,12.680788860006452],[100.99010898439452,12.680961375646188],[100.99007084102924,12.681089342745942],[100.99012233335962,12.681199645892754],[100.99022958501806,12.681231604778702],[100.99029171250308,12.681303476763135],[100.99018704439943,12.682273584433837],[100.98975155372612,12.682718564942586],[100.98936961971171,12.682801646499437],[100.98923476462124,12.682846709944162],[100.98920724113928,12.682929396204385],[100.9892111452175,12.683432094925926],[100.98928008732231,12.683570550346142],[100.98930952511417,12.68372962635779],[100.98935542633021,12.683862590136595],[100.98954835301221,12.684109696961221],[100.98962244605684,12.684241302134096],[100.98961848268981,12.684396111453585],[100.9894677840127,12.684552018796616],[100.98943014639892,12.684817806079666],[100.98934080265573,12.684868193235095],[100.98926751719652,12.684840495812919],[100.98914200548333,12.684680991940587],[100.98905145889597,12.684576607692287],[100.98888281547272,12.684567689540151],[100.98875398178964,12.684645470083916],[100.98871501017766,12.684739533057273],[100.98840555942689,12.68474751346594],[100.98820242878159,12.684672217520108],[100.98806105641374,12.684543336392764],[100.98795909852733,12.684450327645489],[100.98784055863908,12.684445588122045],[100.9877512643032,12.684507265019754],[100.98753044672823,12.68503874387539],[100.98760514344075,12.685248346271937],[100.98761869003525,12.685584901984576],[100.98773779226887,12.685661974973241],[100.98787768331481,12.685599919756074],[100.98785344407349,12.685367357160859],[100.98792032095145,12.6853126232189],[100.98804982477775,12.685316170838243],[100.98815725160763,12.685370747906008],[100.98838988023192,12.685617557924196],[100.98858755630685,12.685738095306229],[100.98863396956261,12.685864244132603],[100.9885669660222,12.685975472426883],[100.98837037511218,12.685999562521532],[100.98822539331353,12.686144099535872],[100.9882424433376,12.686193688918292],[100.98841769836135,12.686310988662193],[100.98845941612312,12.686570518480691],[100.98851693884401,12.686719239901304],[100.98832285962354,12.687139829942994],[100.98813793603242,12.687180751715964],[100.98805242360388,12.687059374566646],[100.98799452089561,12.686866638773353],[100.98780786535261,12.686757309990943],[100.98772941547885,12.686807613506042],[100.9877132251425,12.686868743844904],[100.98778172437784,12.687022974030487],[100.98773408941328,12.687409705470179],[100.98765315749438,12.687805718935159],[100.98743595384182,12.688132748537798],[100.98726777215268,12.688183687155293],[100.98698802419676,12.688390277481266],[100.98696171074545,12.688628844877044],[100.98699158422022,12.688848925774279],[100.98707714156451,12.688975966961857],[100.98724643716467,12.689068471015903],[100.98749519773483,12.689246229652237],[100.98752998319756,12.689351031768643],[100.98748558755791,12.689416888658256],[100.98719920464532,12.689507138518763],[100.98708728893396,12.689613074554869],[100.98685671835,12.68963171852144],[100.98674938045335,12.689516168673663],[100.9865797390018,12.689451911192192],[100.98630467935338,12.689519494511897],[100.98608513469121,12.689477082403062],[100.98593895004839,12.689544811194112],[100.9857897389814,12.689888248636098],[100.9858248280747,12.690037139010396],[100.98589811533053,12.690064837619735],[100.98603216014058,12.68991468265636],[100.98619426832013,12.689824215599996],[100.98626859313012,12.689912914136981],[100.98643511922421,12.6903918152423],[100.98631317202607,12.690614180187566],[100.98612852691272,12.690769193330091],[100.98598384874461,12.690953300946427],[100.98575445136039,12.691123345349766],[100.98575513408002,12.691211447503729],[100.98580619881236,12.691266446592781],[100.98602549733614,12.691281725186531],[100.98607182525195,12.691392104542167],[100.98604451736566,12.691507551879472],[100.98589321142741,12.691580981771214],[100.9856568260486,12.691594041385942],[100.98552127566211,12.691545337309924],[100.98543671275283,12.691473669781914],[100.98535685072744,12.691342106909193],[100.98525510214847,12.691276194430355],[100.98515421685047,12.691326666191085],[100.98509926151468,12.691508955819168],[100.98507811696953,12.691675184152393],[100.98507906289551,12.691797194465238],[100.98501722646461,12.691836083197122],[100.98486553065752,12.691864316193664],[100.98466363250081,12.691943788521588],[100.98454651195067,12.692049726172245],[100.98447984707514,12.692205004854967],[100.98445011373754,12.692674082000476],[100.98437943159605,12.693055322333599],[100.98436895364657,12.693114150723048],[100.98437015289745,12.693268922219497],[100.98445621958652,12.693461484902159],[100.98450861292714,12.693692689630097],[100.98470684955079,12.693879860633396],[100.98484226339336,12.693905984007992],[100.98497221547898,12.693971647796067],[100.98507306394606,12.693921175683721],[100.98517368603764,12.693836833171224],[100.98525278718999,12.693870151455402],[100.98529859048969,12.693990679669968],[100.98527129158653,12.694107236173453],[100.98526742703419,12.694347931261678],[100.98533674373645,12.694607254826039],[100.9853215828694,12.694806200745372],[100.98519928353167,12.694983329655264],[100.98498545125638,12.695012063577426],[100.98489033404084,12.695062493408292],[100.98486302795114,12.695173386419706],[100.98496670611134,12.695487835266409],[100.98501935816678,12.695747282986927],[100.98531977276409,12.695982259206417],[100.98568943309677,12.696535346782326],[100.98590428945148,12.696643317403462],[100.98622851299709,12.697127812709263],[100.98638111161102,12.697220441745724],[100.98745685494355,12.698015643183229],[100.98764983103288,12.698262749407558],[100.98773603875745,12.698477890788757],[100.98770394913886,12.698715390979181],[100.98730408475137,12.699381556389818],[100.98716400685588,12.699493294937941],[100.98703483001633,12.699532688140795],[100.98685501604253,12.699489981498884],[100.98642391813094,12.699101169588277],[100.98620375542784,12.699053099667918],[100.98612000549392,12.699086489128621],[100.98601465017909,12.699299696606817],[100.98591408108808,12.700051728422435],[100.9859173437692,12.700471952896629],[100.98607772359013,12.700901217819268],[100.98619110265709,12.700978295807156],[100.98681311053286,12.700614399515029],[100.98695186610826,12.700555721837652],[100.98712800237928,12.700634624460614],[100.98709053364878,12.700849544751142],[100.98673900940338,12.701225003049421],[100.98670252073485,12.701634232876394],[100.98717229291603,12.701967410563023],[100.98752421781006,12.702390685878395],[100.98828669075523,12.702774716770287],[100.98846314772483,12.702972227009337],[100.98843114614112,12.703221054779188],[100.988269016402,12.703387193081927],[100.98791480709224,12.703412428638041],[100.98696531029482,12.702878387230921],[100.98650267433021,12.702721444784002],[100.98638516391127,12.702777669119381],[100.98626816283711,12.702899451518233],[100.9863270195562,12.703292160776709],[100.98678103349066,12.703741771826039],[100.98738442378219,12.703946266492192],[100.98821307561433,12.704111791770865],[100.98862395604213,12.704120002921128],[100.98878914544312,12.704424917708289],[100.98886936679462,12.704601713925507],[100.98900465397473,12.704610843445083],[100.98921893001776,12.704643110484186],[100.98940472766965,12.704712905983449],[100.99009037040351,12.705277162535721],[100.99019311162087,12.705469597821009],[100.99015435829951,12.705591867915571],[100.9899924450544,12.705708325334701],[100.98986984927264,12.705925031651116],[100.98986065591399,12.706148811408729],[100.99001579676019,12.706562267661797],[100.99044687221389,12.707023333352328],[100.99058332361062,12.707181605138182],[100.99057251777607,12.707270940833931],[100.99050193444927,12.707591209198428],[100.99033591410667,12.707921189306242],[100.98988256851874,12.708222858940816],[100.98970885769897,12.708378940960317],[100.98966541337522,12.708562292716179],[100.98985064778344,12.709222924736249],[100.99003765816096,12.709370636549776],[100.99007333475248,12.709594078524418],[100.9901471816587,12.709692923024908],[100.99025479713482,12.709770078966281],[100.99059751519546,12.709744923785228],[100.99071623205184,12.709843430850112],[100.99075111722759,12.709965185326238],[100.99079744065186,12.710146714980501],[100.99090479202326,12.710189999943855],[100.99123679587751,12.710193134477731],[100.99160897867952,12.71025701165996],[100.99179637623097,12.710526735588221],[100.9919150329002,12.711285041779311],[100.99192209455666,12.712191043611902],[100.99196303797066,12.712422331201548],[100.99210475798651,12.712520701402482],[100.99232368011621,12.71248063020842],[100.99258648854079,12.712241396425549],[100.99282745712416,12.712151478864776],[100.99297420590898,12.712154892036436],[100.99302105754262,12.712408716209621],[100.99293350054853,12.712694092842492],[100.99287252380535,12.712843664760793],[100.9928293813155,12.713065440477109],[100.99297724760454,12.713284595887371],[100.99345678537118,12.713464014812804],[100.99363200176737,12.71357342412178],[100.99399918813974,12.71373562198829],[100.99411863981803,12.713927891381751],[100.99417660001845,12.714126286765225],[100.99430030252465,12.714128762281273],[100.99450204527287,12.714027810278893],[100.99468272881583,12.714103266655492],[100.99475779743088,12.714285725723022],[100.99474219728764,12.714494855350267],[100.99461934907929,12.714606505757853],[100.99435022010837,12.714697784199263],[100.99423881733505,12.71487483615328],[100.99421810937109,12.715096441849001],[100.99436771300191,12.715542698623381],[100.99435810372329,12.715707693205017],[100.99428772700898,12.716053947597823],[100.99430116760229,12.716374695605309],[100.99423063188617,12.716700590476339],[100.99382019702276,12.717491121732575],[100.99359515107777,12.71821584405391],[100.99361915496048,12.719083289738988],[100.99337253597396,12.719256879116225],[100.9930127921437,12.719314929445487],[100.99289578837458,12.719436715307555],[100.99283472269819,12.719574998648298],[100.99299483482115,12.719888979163274],[100.99295828596551,12.720221393337042],[100.99268510020278,12.721267363180663],[100.99276537096161,12.721454300063945],[100.99285123463144,12.721690876223644],[100.99285230991484,12.721828728967726],[100.99275706154525,12.72186331854288],[100.99236247206511,12.721732978017117],[100.99219483295836,12.721928554500307],[100.99218503503356,12.722074374084455],[100.99210184115681,12.722252361121676],[100.99198944664339,12.722302923118697],[100.9917640530504,12.722249236375552],[100.99132596265264,12.72236777077975],[100.99131679893841,12.722594918410621],[100.99112137853321,12.722772636947502],[100.99124773106948,12.723109490848033],[100.99120470536063,12.723423889346211],[100.99124127577585,12.723761381172567],[100.99137216390599,12.72394005313425],[100.99136799033322,12.72414454380406],[100.99126424479935,12.724564459408684],[100.99129378949073,12.724735971824112],[100.99128936169471,12.724835439578502],[100.99122148858507,12.7248359495571],[100.99098451391147,12.724699907031528],[100.99086715890105,12.724854420070288],[100.99090354785658,12.725163705235717],[100.99081540156766,12.725446789280451],[100.99062027850478,12.725662895169794],[100.99066719841038,12.725920162635637],[100.99103112749155,12.726397534296698],[100.99121919069459,12.726683095863327],[100.99141173559261,12.726875964439552],[100.99166086087875,12.727017541910255],[100.99185339679363,12.727209300031435],[100.99193410143872,12.727451577795257],[100.99213178290353,12.727563075294547],[100.99242940463861,12.727434303542752],[100.9926984671342,12.727332844230055],[100.99307001662393,12.727307467347204],[100.99320549963677,12.727417172116695],[100.9932188081777,12.727648666645848],[100.99329456849549,12.727991526838506],[100.99341914506246,12.728100203481905],[100.99357697905788,12.728121597772171],[100.99382381723336,12.728047440646995],[100.99402665592616,12.728085450218005],[100.99427040210043,12.728276781679275],[100.99454834264597,12.728572955013588],[100.99484712051283,12.728664475531378],[100.99545247901312,12.729034997167167],[100.99554869127502,12.729123525168573],[100.99552143099939,12.729244600076203],[100.99548883742595,12.729344278988256],[100.99553435685799,12.72942186269351],[100.99568680186003,12.729491901984755],[100.99571583630836,12.729602408441133],[100.99559857382441,12.729763697923211],[100.99547536718823,12.729825634578232],[100.99536886921638,12.72989762513204],[100.99530208127163,12.729964763956762],[100.99529695728127,12.730047281545376],[100.9953764941165,12.730134826059366],[100.9955401869242,12.730167464882589],[100.9957875030034,12.730154309988915],[100.9958499035763,12.730186601821206],[100.9959010734115,12.730258516040251],[100.99591821057217,12.73031373011508],[100.99598065516253,12.730351686772501],[100.99630051109921,12.730341352482082],[100.99636943972929,12.730398472344969],[100.99651833818255,12.730458357584739],[100.99664214758828,12.730468715528664],[100.99711017883446,12.730348832882083],[100.99753059308239,12.730394231378702],[100.99780638845102,12.730415879582941],[100.99795442811489,12.730366156881361],[100.99806513379558,12.730321267471068],[100.99815989887151,12.730369159731151],[100.99832597041808,12.730561073916537],[100.99840888761378,12.730641779263669],[100.99857401233604,12.730640533261983],[100.99876737020938,12.730642480249168],[100.99887080223118,12.730699300373022],[100.99895806457788,12.730819548242353],[100.9990200842651,12.730875534154563],[100.99913583308776,12.730887098651575],[100.99931290540329,12.73093773691223],[100.99940006624037,12.731050061793026],[100.99941763010082,12.731159507332109],[100.99947186498778,12.731251720014255],[100.99961662490254,12.731365868189243],[100.99979088908452,12.731505780947652],[101.0001203893341,12.731551860943071],[101.00086040439716,12.731405041771591],[101.0011863742677,12.731515560537771],[101.00140057844551,12.73175682564975],[101.00150180779822,12.732114222148599],[101.00154671098605,12.732411000854666],[101.00185205284268,12.732679821510104],[101.00248227401508,12.733135983733453],[101.00307152841727,12.733724649092245],[101.00333609035332,12.7340728503937],[101.00351290036079,12.734315543062051],[101.00358205806123,12.734545502293262],[101.00351745212431,12.734895083385595],[101.00360727017801,12.735191520617274],[101.00376213613971,12.735276195500802],[101.00382415223366,12.735480221399046],[101.00372720604821,12.735956578810278],[101.0035462494174,12.735997484833318],[101.00321670694699,12.735946857221542],[101.00306473984868,12.736082461741173],[101.00304398607067,12.736224958476312],[101.00306126786012,12.736739987805862],[101.0029379525278,12.7372346118094],[101.0028690283893,12.737908477017728],[101.00313763004915,12.738698398062258],[101.00335075714696,12.739310232178548],[101.00366960876715,12.739756307043075],[101.00404855857819,12.740090090087554],[101.00445500941331,12.740482414981276],[101.00453751338395,12.740725857670679],[101.00468718528668,12.740955168834306],[101.00508519195816,12.741150982837821],[101.00526495203303,12.741763067757324],[101.00536978812163,12.742289871485672],[101.00556781184456,12.742663448635193],[101.00577031366916,12.742800847502481],[101.0061364804537,12.743191215174949],[101.00635905782826,12.743320575607251],[101.00663603358319,12.743490206427342],[101.0069350126727,12.743896889374339],[101.00708703277161,12.7444956330168],[101.00714209590527,12.744620636398606],[101.00729125037839,12.744778797989449],[101.00748733284199,12.744981804246683],[101.00769954186156,12.745474991873751],[101.00772834274787,12.745698480028963],[101.00765022704741,12.745936292637436],[101.00757129298171,12.746213684615091],[101.00759257856237,12.746359266807241],[101.0077645843797,12.746866346147801],[101.00778600650429,12.747101144494108],[101.00777527612821,12.747347515130423],[101.00764396938312,12.747769901660158],[101.00765383468158,12.748146052804834],[101.00769504399693,12.748264349049098],[101.00777621756261,12.748342806638059],[101.00813971545244,12.748393168045716],[101.00825446085696,12.748491693396296],[101.0082227143948,12.748703202530274],[101.0081356451859,12.748895919421315],[101.00793156861459,12.749291723956702],[101.00791240305801,12.749410516452468],[101.00797375978854,12.749529806555071],[101.0083329574431,12.749689741944911],[101.00885608865387,12.749839433983425],[101.00897668478581,12.749885939089951],[101.00910392755254,12.750038638886192],[101.00923772622423,12.750219497631656],[101.00929272737416,12.750407765962809],[101.00939747542783,12.75070182729149],[101.00955974440582,12.750848559932709],[101.0097920783827,12.750898768389872],[101.01044523534095,12.750975170563754],[101.01058626724729,12.751054282681444],[101.01067834815717,12.751200473651036],[101.01081989659481,12.751345104094804],[101.01100276573888,12.751473650790741],[101.01123459396426,12.751536263791847],[101.01262283692959,12.75156638265236],[101.01274727246107,12.751654688123841],[101.01283127482161,12.751799756387463],[101.01277489385943,12.752019375104558],[101.01214980206728,12.75236419032605],[101.01199372248162,12.752495279110098],[101.01192946598934,12.752739797562418],[101.01201989938899,12.752968443361613],[101.01245208426208,12.753553756916773],[101.01259450316721,12.753803476935886],[101.01272411568969,12.75404085524692],[101.01272342847848,12.754316504445312],[101.01261126123883,12.754687919918018],[101.01255158166293,12.755220487214846],[101.01257529359317,12.755815683732694],[101.01268677811319,12.756159371442857],[101.0130887768978,12.756927934828092],[101.01366840675001,12.757748229210588],[101.01396172555492,12.758017121982112],[101.01422914772681,12.758068169232699],[101.01449785179457,12.758205090131776],[101.01463349830082,12.758475183599677],[101.01473922282321,12.758891247777804],[101.01521724872526,12.759667112430598],[101.0152338855243,12.759805955571904],[101.01517177870051,12.759883243453665],[101.01471821392366,12.76023468113762],[101.01430156631176,12.760237857983139],[101.0139797969635,12.760301318661391],[101.01365091475481,12.760481182676711],[101.01315086216204,12.760925595030384],[101.0126670529062,12.761454581617366],[101.01235070309406,12.762203740324523],[101.01234974998154,12.762956160360289],[101.01227364381234,12.763886510541218],[101.01229245992428,12.764515616843656],[101.01233684927575,12.764815800707034],[101.01217595202519,12.765211316634183],[101.01199342154601,12.765489497890092],[101.01188626600734,12.766204301183157],[101.01239569521505,12.767892745583115],[101.01307718952894,12.768780043580245],[101.01329588438489,12.768925229935165],[101.01367400235596,12.769141537027505],[101.01371682504555,12.76931967935597],[101.01381446023881,12.770166262838357],[101.01411002752687,12.77057406724718],[101.01468450284601,12.770952682230842],[101.01490975899675,12.771197251178066],[101.01535874146735,12.771645715013777],[101.01561355668252,12.772136307389228],[101.0158781949753,12.772995161526039],[101.01632702563062,12.773347597245102],[101.0168450094948,12.773645270281175],[101.01759887568124,12.773857550364598],[101.020876198434,12.774120558890644],[101.02135078468679,12.774238938482474],[101.02176923970906,12.774318211532096],[101.02252589785941,12.774804950104832],[101.02276503657457,12.775062952610728],[101.02291942283593,12.7752255771852],[101.02311549990961,12.775347235416024],[101.02318762833872,12.775661861672731],[101.02313917231396,12.776227102667018],[101.02289736290747,12.776866124303131],[101.02219045076265,12.777204823091974],[101.02098847975967,12.777455763776958],[101.01856168730781,12.778928293541487],[101.01653937478737,12.780822506533637],[101.01449444717967,12.783716688167106],[101.01401018876619,12.784992469404733],[101.01380902812629,12.78684221481881],[101.01397237867586,12.787992183670308],[101.01490588995283,12.790018539458689],[101.01564911289977,12.792727604489288],[101.01577446381451,12.793218072691737],[101.01587035268288,12.793769772395285],[101.01588295335137,12.794411399567478],[101.01628387056437,12.795108767290522],[101.01649088732161,12.796315961133041],[101.0166785426895,12.796970906697716],[101.01694180476331,12.797580073435411],[101.01713280186405,12.797710805885671],[101.01735442792275,12.797860479995297],[101.01892461656405,12.798444937091251],[101.01960430526424,12.79887244077049],[101.01982047136262,12.799274067737034],[101.02014128849666,12.799450111828028],[101.02070312182482,12.799387054305539],[101.0214807547387,12.799679348705451],[101.02198226170395,12.799704855859115],[101.02224173917546,12.799837317292527],[101.02236533478215,12.800105235840523],[101.02238206320935,12.800254218248496],[101.02248889265958,12.800297451013133],[101.02323419340978,12.800366320503695],[101.02353820575981,12.800378644810884],[101.02366037933339,12.800468106175691],[101.02388997704193,12.800675313627705],[101.02402812086461,12.800823400438466],[101.02430221482412,12.800910545532151],[101.02454576516561,12.800923333210598],[101.02535430910847,12.801335134127291],[101.02565462309445,12.801824247963934],[101.0258229305478,12.801928011897267],[101.02605070826954,12.80191160119616],[101.0261866269653,12.80177610293498],[101.02646962412757,12.801102888861143],[101.02663649697138,12.801027012543809],[101.02694086146099,12.801083420032906],[101.02779467420594,12.801405610769995],[101.02819197929317,12.801640915575998],[101.02858777071911,12.801757622270351],[101.02925746386515,12.801871071998203],[101.02954793950215,12.802063143915323],[101.02973305084117,12.802390480678326],[101.03019886504522,12.803639747977028],[101.03029350884862,12.804026492375597],[101.0307531246772,12.804500820649722],[101.03101563396278,12.805006062037982],[101.03140262728887,12.805897816188512],[101.03155186800029,12.806493145577555],[101.0316167254655,12.806970516700709],[101.03164889952571,12.807252683145606],[101.03211522127791,12.808487281138543],[101.03213246803305,12.808770673106819],[101.03213414249275,12.808979666825515],[101.03234830085647,12.80912712419865],[101.03282138512613,12.809407034386835],[101.03324016713516,12.809448999821457],[101.03371117719482,12.809474753882919],[101.03388132529614,12.809802164237226],[101.03405074306717,12.810113809578853],[101.03434158611513,12.810349923522521],[101.03484475676026,12.810509841430646],[101.03511982539186,12.810716720905095],[101.035427448071,12.811177518010302],[101.03588460341405,12.811337789277836],[101.03605327558336,12.811485595651696],[101.03640718934743,12.812049980306826],[101.0368807218764,12.812314070241527],[101.03783845981825,12.81230665708695],[101.03812703731505,12.812260333406272],[101.0385963711184,12.812077084816766],[101.0391175934092,12.811685576211284],[101.03943620248428,12.811579159534487],[101.03987753939349,12.811634488118241],[101.04141974461535,12.812518376451061],[101.04240786807171,12.812494902793722],[101.04315036428159,12.812206727951933],[101.04407576916141,12.81197473008527],[101.04488229548811,12.812133382091195],[101.04566910289601,12.812634529765541],[101.0466604809486,12.813014292208068],[101.04705778154425,12.813249561649917],[101.04742356564651,12.813426365935948],[101.04771393797725,12.813602571827968],[101.04830834691255,12.813792291655476],[101.04867541919887,12.814058298078271],[101.04938048350921,12.814767887757325],[101.04962557356309,12.815034842668076],[101.04985407892025,12.815107653361204],[101.05030964604185,12.815000157220688],[101.05059655985877,12.814818309500472],[101.05100739626913,12.814874967049535],[101.05122120249327,12.814977247023723],[101.0512304614289,12.815053987196984],[101.0512378312075,12.81511153026743],[101.05117816330969,12.815275800319181],[101.05091441524732,12.815546719184963],[101.05002433841267,12.816373828851354],[101.04957360243066,12.817078907963596],[101.04945696876743,12.817676290391589],[101.04981176108383,12.818344591782994],[101.05061586734915,12.81905455216492],[101.05139492049952,12.819511649005786],[101.0520246449036,12.820296408010922],[101.05228806597918,12.820981186361474],[101.05238501306297,12.82165149446443],[101.05252865996511,12.822470509032369],[101.05311973615071,12.823242015919821],[101.05432784624034,12.824082109291352],[101.05513550444429,12.82437520102299],[101.05644797810868,12.825021269065115],[101.0573339855751,12.825536254880046],[101.05787220129612,12.826248266484086],[101.05821407044884,12.827229565460168],[101.05831076151279,12.82787047766573],[101.05854805419003,12.829017544940575],[101.05914767604889,12.829847676829653],[101.06285388416269,12.833204307759949],[101.06333292426267,12.83414046690184],[101.06368124242081,12.838026120542789],[101.06602942420047,12.851710854934582],[101.0667587933291,12.853891045304845],[101.06754095734529,12.855835863872933],[101.06790222561659,12.856931072161547],[101.06814048757604,12.858189941420488],[101.06837844680321,12.859406983020492],[101.06897338125295,12.861547573970734],[101.06922485114202,12.862796157767027],[101.06961039279059,12.865514538671524],[101.06998149312267,12.867169998450136],[101.07022221826263,12.868794835394318],[101.07026681242994,12.870229174658459],[101.07015134567828,12.872016148365759],[101.07026042900154,12.873451088348451],[101.07046161389596,12.874182668137999],[101.07079236729535,12.874849961903843],[101.07151472058162,12.875736707855074],[101.07272596040168,12.876779979392184],[101.07436005878557,12.877850436829005],[101.07520950931153,12.878370134278851],[101.07557782217127,12.878702741587336],[101.07571136122982,12.879116279505558],[101.07575503192906,12.879530528697179],[101.07525197447161,12.881713659600521],[101.07457832245015,12.883456448513998],[101.07418274122998,12.885830810519984],[101.07466438734259,12.888034382792998],[101.07569276610343,12.890491183096881],[101.07714807279633,12.892489348129629],[101.07957760061821,12.894213160860438],[101.08080447741244,12.895247220557787],[101.0824400265755,12.89835776097547],[101.08204575330237,12.900388669111145],[101.0806670854796,12.901751882501358],[101.07998073756826,12.90370149237839],[101.08019543132791,12.905433858883086],[101.08030054319931,12.905682667277787],[101.08096422841268,12.907256690955963],[101.08130087835359,12.907650539006534],[101.08155556151642,12.90781116459782],[101.08206704517123,12.907973149915914],[101.08289991818691,12.90842630564125],[101.08358352264338,12.908858030821355],[101.08529661168681,12.910325387382755],[101.08607165835102,12.91150760076569],[101.08764207516441,12.913685510851382],[101.08834352914562,12.915014038783813],[101.08869386491988,12.916221103636445],[101.08868820643193,12.916857176702509],[101.08868276713287,12.917451418985468],[101.08831205577131,12.918851778490358],[101.08802133489422,12.919687801504391],[101.08811726239014,12.922294332923808],[101.08863970099982,12.923770022074798],[101.0887301110433,12.924395109559724],[101.0886908043597,12.924791951263078],[101.08721978613251,12.929391318485306],[101.08723206430581,12.930246388536245],[101.08710659032189,12.930528685108602],[101.08705577711784,12.930790024557231],[101.0872734344196,12.931414132252238],[101.08813773948705,12.931824065998883],[101.08884452946104,12.932402427331366],[101.0889416768691,12.932589214438231],[101.0889332075526,12.932818602843639],[101.08864374880851,12.933185797207923],[101.08861474759789,12.933510225120026],[101.08869008480917,12.933633887804003],[101.08911590961004,12.933735532733872],[101.08919165196156,12.933912311603326],[101.08904862938854,12.934579948559097],[101.08911394768944,12.934746631196621],[101.089183897704,12.935537939041501],[101.08964499215955,12.936004215148085],[101.08965741226669,12.936181463437551],[101.08954245036819,12.936411704793924],[101.08970148990274,12.937672266718264],[101.08963877671611,12.937818504999955],[101.08936516425361,12.938153961804439],[101.0892195850753,12.938509825371883],[101.08921107623291,12.938802475968778],[101.08936800113327,12.939459824914293],[101.08969273941355,12.940355330511514],[101.08993156641331,12.940958903078599],[101.09006568937677,12.941225534493606],[101.09021611855933,12.941311319309499],[101.09048114133108,12.941326148495071],[101.09064057073444,12.94145476262009],[101.09069550361238,12.9416881955466],[101.09072444194095,12.941981655748881],[101.09084974614328,12.942231440674911],[101.0909832124383,12.942351231976012],[101.09127786973296,12.94233080406431],[101.09149834325316,12.942321150862107],[101.09152576792044,12.942432758876754],[101.09125124007467,12.943351131250132],[101.09102329167303,12.943500916314871],[101.09077722065882,12.94354582984195],[101.09050571115242,12.94378976405655],[101.09038361752889,12.94392970486127],[101.09033246925324,12.944145850709562],[101.09010667501163,12.944554367129202],[101.09023053112976,12.945114810162238],[101.0895619105722,12.945250062005123],[101.08948279235187,12.945293636601896],[101.08947497880553,12.94538861172181],[101.08980218475784,12.945541866853205],[101.08982147518029,12.945714543596852],[101.08943574758042,12.946002334693651],[101.08930033733114,12.946686864044404],[101.08904623986986,12.946878686710283],[101.08890884344547,12.947804991143471],[101.08892051435765,12.949205695946528],[101.08887782731364,12.949404855735583],[101.08897436386737,12.949861574688185],[101.08907173765091,12.949938751559568],[101.0891507831077,12.949886146447918],[101.0891943361276,12.949790922658016],[101.08930747085279,12.949617146523531],[101.08952658522198,12.949511482660251],[101.08967684102964,12.949571282455677],[101.08994583615157,12.950061673329465],[101.0900396831493,12.95075224974679],[101.09027384519781,12.951346825395071],[101.0905230612138,12.951673573286644],[101.09069199928443,12.951837165499279],[101.09070200741505,12.952000885421734],[101.09060867335533,12.952408302520139],[101.09062714541253,12.952555000527104],[101.09068602638614,12.952709295672463],[101.09072210452456,12.952821981976086],[101.09055857341362,12.953306773163661],[101.0904187012323,12.953455889524804],[101.09041955822509,12.953558678471795],[101.09050911307239,12.953661903352801],[101.09089792189366,12.953805629330123],[101.09096009788776,12.953875165768945],[101.09096189811157,12.954090923919468],[101.09084055368298,12.9543167014356],[101.09084984585628,12.954394585167526],[101.09100027593713,12.95447921948398],[101.09101877674043,12.954557028751756],[101.09074567901256,12.95509581867848],[101.09060604937638,12.95526977045837],[101.0905898572434,12.955468718793744],[101.09069730114128,12.955648610225776],[101.09090929456517,12.955724866959955],[101.09109604802453,12.955879245060082],[101.09111477520324,12.956051927771137],[101.09077457601863,12.956487348974745],[101.09069716998722,12.956668687655528],[101.09099261330776,12.957219867524371],[101.0909763457163,12.957409784123104],[101.09088948581484,12.957557327486606],[101.09099227015133,12.957730481771863],[101.09139898958273,12.958920160363554],[101.09147983795829,12.95908331097406],[101.09168311592731,12.959150566305528],[101.09170977073842,12.959237342070736],[101.09160529487426,12.959350009662813],[101.09150865231935,12.95942874274286],[101.09149273417252,12.95959267128077],[101.09153709837113,12.959662351425663],[101.09178442972168,12.959694271482524],[101.09200555901202,12.959761383953346],[101.09209484436474,12.959899627952499],[101.09212244959345,12.960037219677835],[101.0923515154993,12.96008735130081],[101.09243042171722,12.960017792084496],[101.09245533020344,12.959827806564887],[101.09254276412834,12.959749183040204],[101.09261381996902,12.95977459774209],[101.09277571794277,12.96019688096106],[101.0928294982822,12.960291360157667],[101.09342149524096,12.960494451396064],[101.09347555944801,12.960622798249977],[101.0934508027771,12.96083084677511],[101.09337286853631,12.960944448604325],[101.09336423662474,12.96101344466099],[101.09359697484349,12.961435193518783],[101.0936767021216,12.96146842298745],[101.09383912740641,12.961398228596694],[101.09393593255641,12.961406482126717],[101.0940434186751,12.961586371895306],[101.0940971343358,12.961672928830263],[101.09439678536515,12.961696504940278],[101.0945116583304,12.961730598419814],[101.09464361725239,12.96166853331378],[101.09474534247515,12.961227140246177],[101.09478027885487,12.961139869682038],[101.09488489485624,12.961044116183247],[101.09502560965727,12.961000082115108],[101.09531687311681,12.961049710172679],[101.09548494071994,12.961108214189938],[101.09554708167971,12.961168717671676],[101.09599305209915,12.961813551175828],[101.09614365735148,12.961846246584198],[101.0963104789913,12.961827949306942],[101.09641681436813,12.961869996012091],[101.09662954171561,12.962033229605725],[101.09686989764796,12.962264018728801],[101.09698661485454,12.962513867360043],[101.09708429047201,12.962626019595891],[101.09720776839937,12.962651010299304],[101.09732191462759,12.962598156626289],[101.0976662325878,12.962655238592641],[101.09775526641221,12.962767495815532],[101.09774792897299,12.96292343305289],[101.09778443830277,12.963086938211836],[101.09808781913713,12.963551053007738],[101.09834514155027,12.963747795672967],[101.09866311821138,12.963823190265117],[101.09873490438237,12.963935548509792],[101.09868416034863,12.964203700445859],[101.09868509729148,12.964315520137172],[101.09888867619608,12.96441782224648],[101.09892482530145,12.964538389878054],[101.09882904243428,12.964652137960496],[101.09877728510087,12.964799401275828],[101.09884690184043,12.96492765749313],[101.09902074830578,12.964990627840864],[101.09915011199493,12.964893563576076],[101.09920361655153,12.964819690780198],[101.09931159404869,12.964850469509525],[101.09941083003982,12.965008952023449],[101.09940122076124,12.965168313352329],[101.09927255775803,12.965348955008574],[101.09924113199443,12.96544523034844],[101.09929596336276,12.965529519497387],[101.0995338076056,12.965527600592225],[101.09968562109196,12.965569278999],[101.09969718240968,12.965642626324854],[101.09961293391078,12.965898610826349],[101.09950599037448,12.96605875595381],[101.09952810959174,12.966153451778073],[101.09965863839578,12.966195339303189],[101.10006934634706,12.966138943595427],[101.1001673902738,12.966222883220638],[101.10015751599221,12.966350595950049],[101.09991636774573,12.966575086877159],[101.09984178691592,12.966746261718612],[101.09989741508988,12.966925418412819],[101.1003799074155,12.967664856966167],[101.10054248900718,12.96768501492609],[101.10071482360792,12.967630541071102],[101.10086764141082,12.967724182309359],[101.10084691817551,12.967863310421519],[101.1007618638878,12.968023280079112],[101.10077854829755,12.968086406340806],[101.10120216503947,12.96826373860497],[101.10153957585344,12.968526461008482],[101.10174675610405,12.968715720307829],[101.1017592085505,12.968895224868996],[101.10163080965201,12.969035222474515],[101.10110059792018,12.969059825607266],[101.10099374870701,12.969231261359276],[101.10110381299059,12.969442737754392],[101.10127717256904,12.969514777843253],[101.1014506138942,12.969524668099996],[101.10148350930162,12.969598954438005],[101.10151856336063,12.969863006911435],[101.10198789357071,12.970337101714918],[101.10257391673284,12.970513081639712],[101.10274678403451,12.970521864481638],[101.10275871725476,12.970639259350332],[101.10261891514205,12.970725120699338],[101.10247916243667,12.970821122586665],[101.10246115391016,12.971278794948255],[101.10260388722563,12.971541977249935],[101.10278223784383,12.972135837073878],[101.10317493457366,12.972535958997252],[101.10321965630175,12.972651977681041],[101.10317743189016,12.972833034964882],[101.10305576855966,12.973159394870295],[101.10265149973232,12.973646137072324],[101.10100791963063,12.974281851774135],[101.10031822998643,12.974383442476741],[101.09982655777689,12.974539920422478],[101.09876999796727,12.974575580825103],[101.09728379821178,12.974684698806659],[101.09641318247942,12.975050964833592],[101.09588348368563,12.975760143715014],[101.09553565780426,12.976246422129933],[101.0952576283255,12.976746834249509],[101.09498158142857,12.977412176715246],[101.09444060518467,12.978425316053169],[101.09387586850157,12.979148360720901],[101.09370920945679,12.979467122057143],[101.09368240552534,12.979633395620386],[101.09365984793023,12.980311391581257],[101.09338306621143,12.980894266591489],[101.09299573781374,12.981753657417286],[101.09295600802366,12.982030752026271],[101.09304183126926,12.982236763204469],[101.09352113637229,12.983075666171468],[101.09450048688153,12.983925198285821],[101.09464392986612,12.984200779624267],[101.09464670296539,12.984531761314384],[101.09416955022583,12.986428903809347],[101.09427489925244,12.988072859218631],[101.09449310452652,12.988886728156713],[101.09433420423088,12.990131772666247],[101.09414359699895,12.990962448070176],[101.09402325868346,12.991723706023077],[101.09418515216568,12.992551576836037],[101.09408534215108,12.993149943352304],[101.09389966667008,12.993605599012577],[101.09332234189483,12.995784840503815],[101.09202830166008,12.997390358172266],[101.09081866982436,12.999178166593383],[101.08949962408532,13.001173627655826],[101.08750376874664,13.001176133603588],[101.08733213483184,13.001177513056449],[101.08716096265108,13.001234230796186],[101.08697786533492,13.001516993905382],[101.0859249562786,13.002212267748392],[101.08562723752546,13.002565987152581],[101.08522879966266,13.002792880396736],[101.08481097705435,13.003315880775],[101.08387573472385,13.003547046445586],[101.08347730225091,13.00377508540705],[101.08336547277786,13.004112615210627],[101.08308085774974,13.004241424443769],[101.08189844486714,13.004882382513781],[101.08137252348909,13.005223233347573],[101.08124560411586,13.00547618889391],[101.08107631031237,13.005758838635046],[101.08093311616115,13.005717047932514],[101.08016940084592,13.005106353727149],[101.07988298379736,13.005023917828613],[101.07962613928794,13.005097158978787],[101.07887001204195,13.005396946112292],[101.07771811223461,13.006177717697827],[101.07691960606675,13.006507193512272],[101.0765212005433,13.006735186864555],[101.07579304683522,13.006936461606701],[101.07520179727481,13.006836135851248],[101.0740048280913,13.006911224155296],[101.07354846326574,13.006961179147005],[101.07322573182181,13.006874509321836],[101.07286190155534,13.006620960019095],[101.07213041060601,13.00648898617492],[101.07177867615482,13.006309928030326],[101.07160674579595,13.006276282677623],[101.07146454518141,13.006354228029515],[101.07128758785025,13.006615464210229],[101.07105610367964,13.007043195149006],[101.07077153356728,13.007524468815616],[101.07068146847692,13.007639274670115],[101.07031101044026,13.008115570435338],[101.07014316472099,13.008578921047471],[101.07018491751708,13.009029346710072],[101.0703221926689,13.009463167033108],[101.07059153364223,13.009853031206696],[101.07126276650061,13.010565030550957],[101.07220249052607,13.011286136595372],[101.07315124801003,13.011840034638444],[101.07412710317453,13.012197111769924],[101.07521622960815,13.012383816205164],[101.07621966574681,13.012657080678869],[101.07719719177776,13.013209583144532],[101.07803272560329,13.01393264554126],[101.07858207055237,13.014601548609798],[101.07907722463192,13.015607478274816],[101.07951754734314,13.016950553840449],[101.07998802470185,13.018518116865446],[101.08015395161966,13.019554964500035],[101.08047837189629,13.020674125615152],[101.08091617752814,13.021708790194042],[101.08149754202719,13.022826996352208],[101.08210442137523,13.023550764987911],[101.08432366975879,13.025440929574076],[101.08498616919599,13.025997036490685],[101.08588054985918,13.026859699244655],[101.0868015826385,13.027469097077459],[101.08766294033353,13.027827033881762],[101.08863717044566,13.02804398719803],[101.08981406228254,13.028454712075886],[101.09079051213178,13.028868198370844],[101.09176874962841,13.029561844666189],[101.09257613294787,13.030283962275295],[101.09306898913695,13.031009729037658],[101.09327312409873,13.031513023829028],[101.09348136885298,13.032437684163668],[101.09377946130527,13.033837171334735],[101.09407365686587,13.034844718958123],[101.09474931392705,13.036887313469512],[101.09533479450674,13.038482177672584],[101.09557374457566,13.039630239132576],[101.0958920446303,13.040077267010469],[101.0962679841868,13.040522680306976],[101.09678887499926,13.041220000181081],[101.09743307934737,13.042056354715498],[101.09820377636898,13.042723403530351],[101.09900921034429,13.043278304181163],[101.09961240929462,13.043553590261872],[101.1003856503451,13.043630900785709],[101.10198679672774,13.043449589755715],[101.10301586000485,13.043329366764885],[101.10381692187966,13.043294614139334],[101.10470478885871,13.043372126901106],[101.10702559268346,13.043745250585779],[101.10914650788273,13.044121090128613],[101.11229948583383,13.044796874205794],[101.11533743541112,13.045361768579136],[101.1165417276608,13.045660304551205],[101.11946423204598,13.046056593819564],[101.12092553140016,13.046297702188337],[101.12217302003856,13.046595856350251],[101.12308885516566,13.046644831071713],[101.12388922982932,13.046525290483178],[101.12454539165218,13.046323349561781],[101.12520072792329,13.04595421247989],[101.12588425332805,13.045583733271913],[101.12662577576417,13.045324600001448],[101.12751244708556,13.04526197384085],[101.12811350894384,13.045284127796664],[101.12902837928034,13.045221264465093],[101.13017058446916,13.044930583155011],[101.13097164364906,13.044896856410249],[101.13369291822407,13.045211095433864],[101.13581379838905,13.045642047584224],[101.13776114560072,13.045794279948097],[101.14046309471902,13.04560363723863],[101.14323657937834,13.045355889447276],[101.14515390758815,13.045368248050933],[101.14672695197376,13.04527162391695],[101.14755655422351,13.04520825563119],[101.14821417491039,13.045174554303104],[101.1491651997421,13.045299951924585],[101.14945191053978,13.045343877395013],[101.15121066454238,13.046002537982728],[101.15243526410737,13.046450976425298],[101.15346619408362,13.046751922930538],[101.1550389492117,13.046887928027978],[101.15677950065169,13.046777409233657],[101.15829165273574,13.046764802164573],[101.15927779810183,13.046820982640954],[101.16013405426433,13.046975333833092],[101.16138347517897,13.047093677907975],[101.16233626250528,13.047021348805329],[101.16361741371234,13.046946233281473],[101.16457075170591,13.047002668378102],[101.1656738397557,13.047186582924665],[101.16677524166765,13.04724176916365],[101.16805358384283,13.046844737062573],[101.16901966713368,13.046449204292326],[101.16970864082062,13.046314617535881],[101.17029799852907,13.046052124536745],[101.17085253484218,13.04562839030087],[101.17155397175537,13.04501027798449],[101.17226987693451,13.044198862546557],[101.17329572783613,13.043127292837919],[101.17456923617678,13.042181267338751],[101.17568307975543,13.041753973385925],[101.17681471806156,13.041518521024347],[101.17819346583435,13.041345391931284],[101.17950826433871,13.041367084161156],[101.18082301343571,13.041387659703672],[101.18164475273177,13.041349087670584],[101.18243219345193,13.041213676376596],[101.18308602863823,13.040820731162475],[101.18360627985017,13.04017247280586],[101.1843561009229,13.039489519100663],[101.18530346332321,13.038869264818221],[101.18605606558003,13.038508237179567],[101.18720242008715,13.038047829690132],[101.18805496261427,13.037847485136496],[101.18881071256786,13.037776691857918],[101.18933773707705,13.037965379372171],[101.18960436423994,13.038349482169],[101.18984269087804,13.039314398490488],[101.18994571236976,13.039828622779893],[101.1901475503394,13.040310362216982],[101.19061176733888,13.040821530171995],[101.19114135294497,13.041236126494354],[101.1922031274748,13.042355599166862],[101.19286632310634,13.043026607181051],[101.19339535265526,13.043441202432721],[101.19408826814968,13.043692877132463],[101.19487885836324,13.043910962968443],[101.19863469570153,13.045007542320263],[101.19955634472514,13.045128484728988],[101.20026254450597,13.045122482197943],[101.2007896238124,13.0452467736794],[101.20112135547713,13.045565902487834],[101.20132351324702,13.046144790159573],[101.20152313776777,13.046962032799495],[101.20128217277762,13.047266823104746],[101.20093544194258,13.047731784200069],[101.20052495407857,13.048150945822476],[101.20008497632038,13.048753356774354],[101.1998754649416,13.049097409670487],[101.19966251032034,13.049965615376879],[101.19966368891001,13.050098893599834],[101.19971735965498,13.050306272894661],[101.19976915471763,13.050497863225793],[101.19966027890518,13.0506908553385],[101.19907848321479,13.051219924974612],[101.19894416801185,13.051405176176889],[101.19890368453525,13.051647261201527],[101.19888044242389,13.05188805170414],[101.19846618433063,13.052142344877479],[101.19832315726603,13.052251974789984],[101.19815300287648,13.052295247070685],[101.19769873382047,13.052781441007308],[101.19755436377451,13.052807504258009],[101.19742670598612,13.052767946887924],[101.19727427984873,13.052860704504644],[101.19718331284979,13.053128054975943],[101.19698088289041,13.053295857816606],[101.19633228128896,13.053764489998327],[101.19595881748938,13.053940480726002],[101.19565448264416,13.053988260354897],[101.19537288236216,13.053934165997893],[101.19489163150827,13.053845603144337],[101.1946586175067,13.054009111378905],[101.19461478780568,13.054330287984557],[101.19458218345247,13.054618610352355],[101.19461976447236,13.054893938061079],[101.19462127993025,13.055065598004919],[101.19439997816335,13.055251622534767],[101.1940737998837,13.055438500142813],[101.19373486103545,13.05554416441178],[101.1934656431313,13.055592753193492],[101.19326614886627,13.055571865549123],[101.19306553889365,13.05542447236018],[101.19285377633678,13.055322332051642],[101.19266525139966,13.055243719540456],[101.19233687763746,13.055177620009571],[101.19168931898007,13.055564912918356],[101.19094588403071,13.055929290013648],[101.18986982628783,13.056397014980913],[101.18861049785399,13.056727333183966],[101.18750558263089,13.056864345271951],[101.18611214111502,13.056684097558115],[101.18494545054651,13.056477088528643],[101.18477598246984,13.056466084247662],[101.18458725990337,13.056429256875466],[101.18452146100377,13.056353007465814],[101.18434176830255,13.055895913932074],[101.18417790930651,13.055736912807806],[101.18398823272921,13.055656046184263],[101.18380574357249,13.055606729335953],[101.18372684094783,13.055543027663077],[101.18331631086299,13.055438039842532],[101.18316015581885,13.055433731746916],[101.18297154105022,13.055473707860981],[101.18245095117339,13.055432944160881],[101.18226098803352,13.055319320846282],[101.18216913439741,13.055225189376129],[101.18206405576366,13.055130060259877],[101.1818748876328,13.055042413186396],[101.18176724071569,13.054985727022276],[101.18164960812588,13.054974282500989],[101.18157217424667,13.05501335733938],[101.18154106469009,13.055211314723236],[101.18145727792522,13.055313663350535],[101.18134677167055,13.055327033067295],[101.1809430409341,13.055273953239807],[101.18073498033449,13.05526212281443],[101.18053401822229,13.055340660061516],[101.18038526439777,13.055457141428265],[101.18015467944073,13.055503132944112],[101.17978285147329,13.055411361677029],[101.17947643792651,13.055356348780871],[101.17930635809712,13.055210944557496],[101.17901278686564,13.055104965111182],[101.17866739092713,13.055069452806736],[101.1782176763296,13.05496482532506],[101.17802898969572,13.054992362009076],[101.1779130908544,13.055114228010282],[101.17786343378212,13.055363163152366],[101.17787459714616,13.055917698520279],[101.17779995163764,13.056339667557733],[101.17768010200568,13.056730368874675],[101.17749315810349,13.056961249278437],[101.17731127261465,13.056980880175958],[101.17648969681197,13.056975360107387],[101.17627082229301,13.057043866529645],[101.17625330873823,13.057216835863509],[101.17620965959857,13.057626106032979],[101.17617174710034,13.057772152899259],[101.17603917912056,13.057896378513719],[101.17578879619303,13.058053244787791],[101.17562511955497,13.058177770415361],[101.1754857252774,13.058441008359829],[101.17528042340406,13.05927523681032],[101.17517547322943,13.059854476530763],[101.17512982713488,13.060040120295442],[101.17498363979712,13.060381368602936],[101.17470197214145,13.060984673819133],[101.17437315820474,13.061658445494537],[101.17433589518846,13.061874518561268],[101.17437659785396,13.062051514219709],[101.17446456807313,13.062228113343908],[101.17460026668165,13.062396425420165],[101.17476684308139,13.062602862443352],[101.17486235914893,13.062718396185321],[101.17489511352083,13.062841269080028],[101.17475837825647,13.063412855848673],[101.17458699227667,13.063575830085361],[101.17451748243663,13.063731173637265],[101.17451129214599,13.063946985870968],[101.17453951361898,13.06447087824424],[101.17448555900638,13.064626091723735],[101.17443193048221,13.064749690846146],[101.17434639110425,13.064850905815707],[101.17410315247814,13.064906068857951],[101.17371884421644,13.065033560114195],[101.17363334077105,13.065203696530473],[101.17374747082958,13.0656037557135],[101.17383506914621,13.065741972208844],[101.17394579458981,13.065817846819872],[101.17415044877785,13.065831930891033],[101.17438566904173,13.065783646018955],[101.17465258636044,13.065672946663959],[101.1747781573624,13.065671889592299],[101.17486505139983,13.065725385463438],[101.17491336010087,13.065848127353094],[101.17495429992162,13.066047700160762],[101.17505092810347,13.066294256378562],[101.17512405815413,13.066552338590752],[101.17508986288451,13.066790964552995],[101.17496975813106,13.066959172012526],[101.17498302445115,13.067090092421445],[101.17510560496157,13.067208804009471],[101.17536281508528,13.06743368750392],[101.1754621624675,13.067658751929311],[101.17540331473155,13.067850170417502],[101.17513753288338,13.068090746488364],[101.17482199335163,13.068176981850018],[101.17455928643669,13.068178082663467],[101.17432163892491,13.068014033402019],[101.17397992158745,13.067874586981281],[101.17364995870548,13.067697729380146],[101.17356596442981,13.067841905554948],[101.17359235962779,13.068092458962679],[101.17364570787758,13.068592415200809],[101.17365287553524,13.069148132802983],[101.1736688538692,13.06985624082481],[101.17362720976925,13.070162740719487],[101.17338575879054,13.070884303958879],[101.17306189097779,13.071399869613405],[101.17296639916476,13.071615321627167],[101.17297998079356,13.071782366373933],[101.17305519942725,13.072020072866227],[101.17315773672703,13.072475603489709],[101.17384820880385,13.074216153505914],[101.17449119323985,13.076254181335557],[101.17511731629794,13.078275395546958],[101.17595819420109,13.079819266536115],[101.17663553021353,13.080909268284184],[101.17747220220453,13.081834133140475],[101.17823259554983,13.082542768247871],[101.17901660740057,13.083180022554767],[101.17945777003659,13.083486925017542],[101.17999465175942,13.083673312250212],[101.18077489697416,13.083881332712904],[101.18172544569877,13.08406418292131],[101.18254275360555,13.084295647625014],[101.18466700694439,13.085136154228687],[101.18592387129945,13.085554768476795],[101.18677898031336,13.085953018433328],[101.18741555886305,13.086400606450637],[101.18775900276245,13.086732047348667],[101.18808968968654,13.086991306906031],[101.18862658398577,13.087177674864273],[101.18927212592536,13.087267065740457],[101.19002628855581,13.087260666116727],[101.19175473429902,13.087318280223908],[101.19272886110492,13.087428634747313],[101.19331353320086,13.087543370254952],[101.19403372963214,13.087799346030787],[101.19492472185004,13.088149844728958],[101.19533877243252,13.088193738076139],[101.19580120178455,13.088166114098913],[101.196140215193,13.087996034643901],[101.19674201995804,13.087508579228439],[101.19706864380208,13.087367993226984],[101.19742997046387,13.087180807303524],[101.19769746090772,13.086937898770023],[101.19799861481849,13.086590805540409],[101.19827720933756,13.086301535288591],[101.1984055516422,13.08622023156199],[101.19900170061422,13.086134942244025],[101.19927085563626,13.086143974732002],[101.19963325668313,13.086014371666378],[101.19992397486527,13.085793879175737],[101.20055282790351,13.085432700508751],[101.2009134377097,13.085165306278361],[101.20131610663748,13.085025178310493],[101.20162963573964,13.084711881572803],[101.20186211344698,13.084549477792388],[101.20232413226894,13.084476653041628],[101.20261981094808,13.084164616472821],[101.20327950943822,13.0839059576887],[101.20375059226141,13.083557407696661],[101.20400802696398,13.083543919634616],[101.20428641037891,13.08323203063469],[101.20462018750759,13.083251758317344],[101.20504117308401,13.083167952842674],[101.20536717349728,13.082958480156348],[101.20580751417482,13.08246109753172],[101.20609744633109,13.082149107411897],[101.20637673884113,13.081939996110615],[101.20658689341364,13.081857990944039],[101.20692548191894,13.081773776369619],[101.20710018358044,13.081658205174113],[101.20726177792365,13.081427521122377],[101.20742430202317,13.081241986195961],[101.20772635874083,13.080998811934178],[101.2080534317425,13.080914695066895],[101.2082041753354,13.080695393273539],[101.20841301028277,13.080533224849271],[101.208586280928,13.080515899717497],[101.20882719112092,13.080652790100363],[101.20892464395619,13.080660987158325],[101.209049328321,13.080754824552191],[101.20927059954515,13.080691930874577],[101.20927855143205,13.080613912696876],[101.20935801819871,13.080544312057935],[101.20946352443052,13.080490331145834],[101.20959568816838,13.080385264684828],[101.2097372725386,13.080367137161065],[101.20995897944569,13.080289545009213],[101.21015161956511,13.080119593996219],[101.2103629356593,13.079909949843467],[101.21050253924432,13.079673790095766],[101.21057972788341,13.079412217190363],[101.21058522647128,13.078995318912012],[101.21047616740253,13.07871838793319],[101.2103322977182,13.078475624189519],[101.21027875633065,13.078416229987216],[101.21009257958967,13.078408792366947],[101.20999441079714,13.078383648833722],[101.20995856622065,13.078306004431971],[101.20989460257917,13.078106602541116],[101.20972458383524,13.077908144631218],[101.20962532897947,13.077761012407448],[101.20957085244574,13.077596580134598],[101.20948096073018,13.077466282187316],[101.20941795738771,13.077310956031061],[101.20942547898161,13.077188893607067],[101.20948700639204,13.077110452562129],[101.2095386963518,13.076962027459023],[101.20966156522142,13.07684800979362],[101.20971220235568,13.076517743887575],[101.20967207101869,13.076022173569976],[101.20960753784529,13.075762924354606],[101.20960605921833,13.075596891205649],[101.20967656708666,13.075492390551034],[101.2099677137652,13.075385963047298],[101.21003989699153,13.075533327694162],[101.21021117427519,13.075809725859619],[101.2103014477747,13.075982919176743],[101.21036700772247,13.076425157036898],[101.2105379732907,13.076666542891676],[101.21049585488029,13.076918820752557],[101.21053209202054,13.07704050880206],[101.21074647226814,13.077238585902071],[101.21128742695247,13.077233954430087],[101.21145516397556,13.077180549430601],[101.21156097114299,13.077092697555681],[101.21172033047777,13.077065348840602],[101.21180974967946,13.077142497497361],[101.21203846883564,13.077983198236826],[101.21220874270111,13.078146673860479],[101.21247470600898,13.078188441827299],[101.21310446904059,13.078192076639359],[101.21326475633505,13.0782686535591],[101.21330087579598,13.078381310795635],[101.21328471959562,13.078572329834451],[101.21334756483455,13.078641821653234],[101.21371971978878,13.078638630479608],[101.21386256359708,13.078698405259056],[101.21396973979698,13.078827404911614],[101.21402383724171,13.078948938892301],[101.21404300549324,13.079095608401229],[101.21397385228435,13.079288230782049],[101.21392833464888,13.079417392878041],[101.21632255868012,13.078746220347115],[101.21681776037038,13.078586065797275],[101.21732977852275,13.078372726030587],[101.21919890133779,13.077227080286006],[101.22461167313283,13.073878770955785],[101.22700167957377,13.072554664658028],[101.22872792085128,13.071288197108265],[101.23002146611434,13.070216372124124],[101.23150062936621,13.069092120162766],[101.23248476520099,13.068144954126497],[101.23318825656125,13.067513087182734],[101.23371747206144,13.067230653228824],[101.23432004937762,13.067225443158421],[101.23524675322135,13.067773148363067],[101.23614051045368,13.068565165299153],[101.23717787057073,13.069563764904613],[101.23843221874468,13.071047279388237],[101.23918652600393,13.072153363689166],[101.23934987116361,13.072568755345049],[101.23947872730461,13.073124541871076],[101.23962917355513,13.074026844401955],[101.2399587196188,13.075240541743849],[101.24057411679239,13.076590668116097],[101.24125542335835,13.077453384428969],[101.24218375135614,13.078175005097473],[101.24282458881855,13.078448445380511],[101.24656866092158,13.079508191834496],[101.24678062200611,13.079502941772867],[101.24736036055451,13.079199680523757],[101.24780179717669,13.079021913152717],[101.24861291299621,13.079014850055877],[101.24918458108007,13.079221104300871],[101.2498191878277,13.079377099512385],[101.25006043668547,13.079424668590901],[101.25040125301268,13.07927260920942],[101.25075377528636,13.079070738816734],[101.25132303858024,13.078949443774377],[101.25166389173839,13.078864005814143],[101.25190371227482,13.078750098404575],[101.25204140873652,13.078562499056664],[101.25209938510665,13.077965601671057],[101.25212281137263,13.077755311675165],[101.25234881761665,13.077517270327114],[101.25301561549249,13.077098017670094],[101.25380959235467,13.076597482776528],[101.25509834600398,13.076152475780168],[101.25562135504386,13.075949110919783],[101.25589869910806,13.075785163077077],[101.25615149850374,13.075770518683882],[101.25640565435549,13.075842841992309],[101.25660114123603,13.075990259742641],[101.25697900408558,13.076172207529199],[101.25720745015391,13.076269590469053],[101.25813351080389,13.076423018485094],[101.25916205754969,13.077009300371845],[101.26023893904767,13.077462981621274],[101.26060112988876,13.077507261878733],[101.26091716798551,13.077479658579577],[101.26116951463028,13.077353196649081],[101.26135981284175,13.076740447973734],[101.26162861662256,13.075573521059944],[101.26173485767623,13.0747774061151],[101.26184381523535,13.074217299793954],[101.26194409956042,13.07409331689958],[101.26214130222318,13.074114166225872],[101.26238766339323,13.074089431768719],[101.26252470767803,13.073827290296878],[101.26281208592394,13.073439617393193],[101.26306397532622,13.073263449805546],[101.26366991413818,13.073059344035725],[101.26409912828261,13.072869222012789],[101.26452660508529,13.072554863290959],[101.26485170359,13.072068551651469],[101.26507588535567,13.071446473312228],[101.26527309250997,13.071021169935223],[101.26637264479081,13.069547634314779],[101.26716482502241,13.067466859013935],[101.26823766140666,13.064960010301506],[101.2686915828147,13.06344246462521],[101.26948505302704,13.061762636104929],[101.27022414192707,13.06099934709202],[101.2705575363734,13.06085751037625],[101.27075838889114,13.060646772640176],[101.27129937950808,13.059896511867297],[101.2718571614343,13.058777899209334],[101.27199115414207,13.057931833531198],[101.27203821777812,13.057533830628602],[101.2723981394748,13.056953455725067],[101.27272190757454,13.056890759878348],[101.2729662825695,13.056968818808496],[101.27320935770224,13.056966681838295],[101.27354214129419,13.056754783037555],[101.27401138257105,13.056350810108915],[101.27426551147333,13.056042443997647],[101.27439670862395,13.055774724764365],[101.27455784931793,13.055445745934135],[101.27480162783152,13.055203019684443],[101.2751732321185,13.055083382598692],[101.27593703097702,13.055076661854851],[101.2766900311875,13.055210127217448],[101.27779731526799,13.055595708389411],[101.27805353814321,13.055771925337384],[101.27821999416869,13.056081067994064],[101.27843163635134,13.056294949457266],[101.27942270807844,13.056259084661511],[101.27959430606063,13.056124290599017],[101.28035655083374,13.055948163161931],[101.28073668192937,13.055560771093043],[101.28100479939725,13.055210488632246],[101.28132068747536,13.054985183586915],[101.28191071173376,13.054810571882371],[101.28250041978515,13.054289155678854],[101.28279096908402,13.054125070063412],[101.28292562205354,13.053918314419443],[101.2831620289919,13.053881213635981],[101.28327056793613,13.053844094469813],[101.28336915444528,13.053664786162356],[101.28397818076689,13.053615328025181],[101.28417781606741,13.053586471533665],[101.28436796426023,13.053531717261537],[101.28495148651261,13.053151553261207],[101.28562492922657,13.05271751807958],[101.28575217468827,13.052707324853758],[101.28588941480581,13.052786318842491],[101.28611015602392,13.053110816306212],[101.28627559515655,13.053247151319384],[101.28645824062014,13.053316710649243],[101.28670336301339,13.053287413945958],[101.2871754690177,13.053194003662165],[101.28753402617346,13.053093712401317],[101.29057838882355,13.051835594215111],[101.29198404473237,13.051404054286019],[101.2921252338439,13.051411871642394],[101.29220785998542,13.051500374985544],[101.29219992247158,13.051642757015429],[101.29211124168505,13.051831048027232],[101.29187155589587,13.052011607318979],[101.29130465876447,13.052195102463076],[101.29051750550518,13.0526030647914],[101.29020925939521,13.052722122883212],[101.29003792012783,13.052884050547087],[101.28992237791766,13.053160667465891],[101.28986627722986,13.053509042483798],[101.28986348257102,13.053705638539425],[101.28991982490564,13.053883575533824],[101.29015713105761,13.054005724739394],[101.29028574465345,13.054148045819074],[101.29031480964447,13.054299131814734],[101.29027084429782,13.05446896233974],[101.29014568562256,13.054701619555809],[101.28998751206397,13.054854401152239],[101.28980773042953,13.055034428801347],[101.28961961153092,13.055374977821186],[101.28945789681347,13.055581975522744],[101.28946862269798,13.055742255259815],[101.28955186688042,13.055901929327904],[101.28966204794494,13.056043265710374],[101.28988052181533,13.05605939280693],[101.29010015181746,13.056200907618264],[101.29025667517087,13.056368926270171],[101.2905205624721,13.056437763645375],[101.29167308481195,13.057604540367379],[101.29212116896724,13.05784114827423],[101.29267635835554,13.058388558387584],[101.29288780560377,13.058645324859693],[101.29302632851551,13.058858729807625],[101.29300131492643,13.059081468203265],[101.29286711291118,13.059332269397682],[101.29274364756023,13.05975241593597],[101.29260089088854,13.060074466279941],[101.29238628875704,13.060478469872423],[101.29231549791942,13.060674521334585],[101.29230835002467,13.060898212800955],[101.29242890483413,13.061664109845575],[101.29222366943613,13.062084982227201],[101.29225113722252,13.062565896849962],[101.29231904536644,13.063554778603484],[101.29231204928702,13.064731790565052],[101.29232214724912,13.064893221196698],[101.29236898810298,13.065035117723841],[101.29273593821846,13.065343615242487],[101.29315760831113,13.065714881253333],[101.29331501201355,13.06598119399399],[101.29417767675729,13.066820670055581],[101.29426950973213,13.066907943676105],[101.29442416279313,13.066933663289742],[101.29467826833925,13.066878330939854],[101.29501393013338,13.066795182319813],[101.29522360141226,13.066793320202029],[101.29555210722683,13.066932712980179],[101.29663104227355,13.06754774102135],[101.29693405030712,13.067730293568589],[101.29708488822307,13.067784285148093],[101.29732952911934,13.067762901505343],[101.29810001234191,13.067728956489074],[101.29819428244613,13.067765389277954],[101.29825156711347,13.067856373658266],[101.29810219165479,13.068274493952504],[101.29789576778563,13.069002616818365],[101.29789670832176,13.069104244816526],[101.29827451547573,13.069340351678587],[101.29882375083032,13.069864069847791],[101.2995122367321,13.070490477509745],[101.29974089210788,13.070793420449464],[101.3003911385246,13.07195780173797],[101.3005767080044,13.072214825359641],[101.3012487924657,13.072687735558537],[101.30197564900649,13.072976059242768],[101.3024836265367,13.07302690130502],[101.30325706341992,13.073305736618288],[101.30370877587066,13.073310775929059],[101.30397185378982,13.073290330799805],[101.30418830106089,13.073334738685915],[101.30435876896244,13.073452914375883],[101.30459663566319,13.073754659261784],[101.30492826941158,13.074046499318403],[101.30529003804446,13.074477011773389],[101.30567128035609,13.075081268694014],[101.30617851408128,13.075482241141538],[101.30668015669212,13.075838070490411],[101.30708157696169,13.076073951278506],[101.31132356456544,13.077695250536676],[101.31436925312887,13.07909680191721],[101.31588092820753,13.079894207559004],[101.31731771163928,13.080692310627221],[101.32062525012489,13.082487855898613],[101.32153140949809,13.08284793463206],[101.32226696801902,13.083080780348865],[101.32281492327432,13.083334484892561],[101.32315571804199,13.08355282009315],[101.32342073362723,13.08373452955137],[101.32376148168247,13.084008195542916],[101.3240459682515,13.084245097508546],[101.32429178773739,13.084408917227952],[101.32464949059536,13.084461026547803],[101.32496831706274,13.08436555257753],[101.32521142094154,13.084179230617742],[101.32543365965127,13.083978440485225],[101.32619168324081,13.083470105841117],[101.32680970080011,13.083150530771361],[101.32729667751563,13.082981254603663],[101.32780405676787,13.082902138152583],[101.32831140098583,13.082879501072673],[101.32945868435093,13.082842018767744],[101.33000282446126,13.08275353541055],[101.33035879446899,13.08262156018959],[101.3307313240207,13.082230763356407],[101.33175081574842,13.080918132087563],[101.33228292741708,13.080225471702555],[101.3327284495772,13.079631857878653],[101.33309750803862,13.078872865315999],[101.33322542005027,13.078447043608042],[101.33343433225272,13.077689499051901],[101.33359831341964,13.077116526942325],[101.33382694004933,13.076432234208262],[101.3341800893471,13.076005486012882],[101.33479737657605,13.075667841652544],[101.33549168984902,13.075495494262929],[101.33652445777834,13.075357426734106],[101.3372400494455,13.075424344260831],[101.33821950326102,13.075618779058448],[101.3386802994759,13.075614606943709],[101.3391299601745,13.075462563588852],[101.33961642215537,13.075181462646796],[101.34005527791774,13.074864594669299],[101.34139826645405,13.07365404296457],[101.34203048458131,13.072948026670151],[101.34245542184671,13.072133224726773],[101.34279341027739,13.071078604952927],[101.3431115441437,13.069932672449383],[101.3434062229979,13.069229715171872],[101.3438129990232,13.068507679818756],[101.34438931678696,13.067801057266163],[101.34612507212167,13.06640279668999],[101.34726512584537,13.06567409911707],[101.34815974276547,13.064817719953147],[101.34864278126679,13.064241808368127],[101.34910342836132,13.063242549310289],[101.34959925078743,13.061947068210026],[101.35099565674378,13.059519528079537],[101.35147614223308,13.05861157723418],[101.35190381756343,13.058091496558207],[101.35274667445516,13.057733706809966],[101.35359158579396,13.057597257010578],[101.35483173789144,13.057530634806596],[101.35567717204977,13.057449503618408],[101.3562775323238,13.057278004597061],[101.35689404251004,13.056866896160848],[101.35739655828333,13.056346165118654],[101.35913838622936,13.054633787184983],[101.36011143775184,13.05355419251387],[101.36144254786511,13.05172356631997],[101.36202984932989,13.050183265123902],[101.36296744614475,13.047802808287045],[101.36376357626867,13.045687935910729],[101.36422671888309,13.044964258262338],[101.36471116863771,13.044480915016774],[101.36540466624042,13.044235120277655],[101.36622996915318,13.044043485712312],[101.36727150104642,13.0438126019938],[101.36828466324469,13.043563875754556],[101.36918453261421,13.043278913277664],[101.36996347796676,13.043179181584014],[101.37131634168296,13.04303799449626],[101.37215193659394,13.042956946065136],[101.37275308019892,13.042876897017385],[101.37312777738541,13.042726604794629],[101.37366823889461,13.042260834408287],[101.37400249662196,13.04179695345562],[101.37463601910305,13.041182361027518],[101.3755418595743,13.040619487451844],[101.39617397155786,13.042120124624274],[101.40236182684797,13.043072463612713],[101.40596063148807,13.042534187559266],[101.40959320110477,13.041980857871378],[101.41190994813766,13.040330647297949],[101.41329803389786,13.039851244552874],[101.41412793528656,13.039783626020293],[101.41497087302668,13.039810811709401],[101.41563018883448,13.039793335820404],[101.41604459874307,13.039705902097703],[101.41648299905957,13.039593373371213],[101.41698556334191,13.039744563652439],[101.4171319797501,13.039755594932245],[101.41730198232433,13.039645607668316],[101.4174705916116,13.039392185547037],[101.41772478788754,13.039175194919363],[101.41801662357388,13.039040346909534],[101.41822409218369,13.03899096286062],[101.41915039537882,13.038826426890008],[101.41930944389652,13.038836228618912],[101.41948143174754,13.038930623624113],[101.41967644970752,13.038905114633575],[101.41981074963911,13.038916257095396],[101.42004516411419,13.039153515624566],[101.42011877386523,13.039200273306763],[101.42032728541906,13.039258167300428],[101.42059587450251,13.039279380129592],[101.420802761004,13.03917015578749],[101.42092744536882,13.039139604188531],[101.42102861633106,13.039179330893129],[101.42113969481257,13.039286729662555],[101.42161045514058,13.039365893342632],[101.42189195750622,13.039410705521057],[101.42218546405901,13.039444081202708],[101.42227116243878,13.039491871509361],[101.42241039142635,13.039710809945998],[101.42267779922518,13.03984720310663],[101.42299909156803,13.040190934086434],[101.42336668218228,13.040319651924888],[101.42353991060672,13.040545044722894],[101.42374902403182,13.040722655132239],[101.42383645526179,13.040890116333555],[101.4241569525956,13.041210130285256],[101.42420672105899,13.041293267386319],[101.42420179290131,13.041380248097846],[101.42401172286195,13.041735537601149],[101.42405276059905,13.041809727930451],[101.42432230818491,13.041867046344034],[101.42456732637361,13.041948318293866],[101.42491257678506,13.042329089367087],[101.42521887983906,13.042373665595541],[101.42557600508026,13.042729491008249],[101.42570123921402,13.042991451948753],[101.42573973651552,13.043219251569429],[101.42643604584505,13.043155102133676],[101.42687533818868,13.043196170656509],[101.42830563039418,13.04332731281491],[101.42900485655343,13.043620042080816],[101.42921408675953,13.043808970176295],[101.42951177407163,13.044273746119062],[101.43041030135817,13.04556979856895],[101.43080030583708,13.046105984333936],[101.43104602471168,13.046258410690614],[101.43142524222066,13.046339560429693],[101.43176112769531,13.046347692117079],[101.4321586429883,13.046416233864866],[101.43251424019519,13.046556338242],[101.43290201954717,13.04686441777066],[101.43318136685443,13.047158823089269],[101.43343195190293,13.047750532831772],[101.43373588699785,13.048555205192024],[101.43420238392152,13.048841076087646],[101.43471568486814,13.049203336560488],[101.43506905604976,13.050588061114523],[101.43517563756495,13.050940565909547],[101.43515580456014,13.051270537861679],[101.43523096570161,13.051355653704483],[101.43538242615008,13.051353116760449],[101.43553980919124,13.051249971892608],[101.43560322755536,13.051253889761936],[101.43591409405103,13.05141246934242],[101.43603081754578,13.051513032569458],[101.43617251151048,13.051511698902615],[101.43637769570451,13.051405844760804],[101.43647461494052,13.051188098077917],[101.43664990140529,13.051028308074706],[101.43679857617808,13.051038195955995],[101.43723639348796,13.051100723516079],[101.43742963637696,13.051070665203479],[101.43794424527064,13.050976587247012],[101.43836868936091,13.050972587112842],[101.4386912734811,13.051032793894692],[101.43897562350621,13.051131775950914],[101.43914313325554,13.051179898291128],[101.43924036600357,13.05116765724282],[101.43930977253737,13.051077775480678],[101.43943743841061,13.051000925843667],[101.43985008402794,13.051021866381067],[101.43999075481155,13.050920023541018],[101.43998926989639,13.050768709700662],[101.43985305295995,13.050681876685177],[101.43976165656632,13.05058111271911],[101.43979653186061,13.050496071869318],[101.43997839578985,13.050364492455909],[101.44021086631068,13.050400677523546],[101.44042668476105,13.050555632933927],[101.44048236952887,13.050537046410858],[101.44055881526126,13.050460642913484],[101.44060293421981,13.050321295972088],[101.44063217348398,13.050188899984137],[101.44058427980461,13.050005270333187],[101.44061782918551,13.04990440195264],[101.44075865897091,13.049814992293486],[101.44086164542836,13.0498004758772],[101.44101672608744,13.04987465853606],[101.44128658449036,13.049847278802584],[101.4416195675083,13.049617125099791],[101.44183903222041,13.049678301840277],[101.44198245634036,13.049853145576018],[101.44190656486853,13.050043604735102],[101.44201051162501,13.050130704884713],[101.4421774769953,13.050065879903384],[101.4422531789226,13.049913837444324],[101.44231557680055,13.049698636034416],[101.44256028507044,13.049747175208685],[101.44267884382333,13.049973066105562],[101.4428031787435,13.050198902538938],[101.44295817136766,13.050321677521669],[101.44313570541726,13.050333544938322],[101.44329152538984,13.050248508378935],[101.44353012421749,13.049967284221095],[101.44387046174266,13.049901931502477],[101.44433334474397,13.049354310063363],[101.44431816591059,13.049215560203706],[101.44423881322999,13.049111280290985],[101.44407288092225,13.049050710742206],[101.44396709261947,13.048891314910975],[101.44400004551903,13.04866854545223],[101.44419079378646,13.048561712583938],[101.44445376390779,13.048594202284489],[101.444666803869,13.048585452836376],[101.4448075806538,13.04843727312328],[101.4448265872086,13.048201053517872],[101.44476708999069,13.047950882490646],[101.4447651693926,13.047755495653156],[101.44482672105755,13.04751210025761],[101.44491112676167,13.047427738323361],[101.44512449820121,13.047452848253542],[101.44545270487677,13.047616877914873],[101.44555905732156,13.047595554660134],[101.44559286002742,13.047463078451253],[101.44562008167547,13.047302462548151],[101.44571156520567,13.047231541582136],[101.44593151051647,13.047222688821108],[101.44603751800821,13.047166359664775],[101.44606482499623,13.047075763220775],[101.44605045464662,13.047019424404587],[101.4460243289432,13.046880741494322],[101.44600211450454,13.046790613138178],[101.44605782352689,13.046713257220421],[101.44618559719795,13.046705276941966],[101.44629262697246,13.046752857565487],[101.44636477246959,13.046884295380488],[101.44635882023252,13.046981499092487],[101.44640212262247,13.04705111006767],[101.44650156792106,13.047029851523453],[101.44660151178459,13.046944194238668],[101.44671831792439,13.046700240588867],[101.44673211425051,13.046636862167659],[101.44656039140249,13.046513137592251],[101.44650209792708,13.04638153155541],[101.44653623750115,13.046221961603109],[101.44658472496691,13.046116473625418],[101.44669846156334,13.046143634989974],[101.44682697814116,13.046211329670173],[101.44694068599149,13.046231682527122],[101.44699138331289,13.046293340550616],[101.4469781313658,13.046412040253736],[101.44700028022743,13.046495433768639],[101.44710026810846,13.046529497219298],[101.44731917945838,13.046415624776101],[101.44742490847236,13.046331022682722],[101.44743051575637,13.046198849465821],[101.44738660251203,13.046067107616775],[101.4474710719965,13.045989516062955],[101.44764748764354,13.045949433399482],[101.44778343688205,13.045951551212083],[101.44788908864091,13.045916651933329],[101.44787410743692,13.045798218906985],[101.44778743708,13.045652226224176],[101.44778648127253,13.045555087624418],[101.44782762231591,13.045408996783344],[101.44775489291386,13.045214316793967],[101.44777507985494,13.045102323529024],[101.44790884079738,13.044997137869569],[101.4481567003573,13.044959783708958],[101.44829930072214,13.04499344481019],[101.44838449784199,13.044985865286955],[101.44852375018579,13.044740588253543],[101.44849438785239,13.044622291184828],[101.44855029091082,13.044511070395346],[101.44873709916743,13.044411045153332],[101.44893039775197,13.04421495891099],[101.44900679228036,13.044018831381777],[101.44907681505845,13.04393460390189],[101.44922594887031,13.043926420502094],[101.4494996592492,13.043589532162899],[101.44985283190312,13.043425795626755],[101.45009560071036,13.043159219662986],[101.45027283472265,13.042911325024699],[101.45033686304284,13.042509806997534],[101.45050101578798,13.042336570955852],[101.45048927211225,13.04213676283729],[101.45075934611084,13.041894798022046],[101.45089347805748,13.041655194984777],[101.45079200076975,13.041236036354343],[101.45060572251916,13.041151977705129],[101.45048832618627,13.041048058452946],[101.4505062143385,13.040932682608863],[101.45072026670105,13.040912558604326],[101.45086637049548,13.040892004900948],[101.45095238328562,13.040737568523339],[101.45094072854312,13.040546826524841],[101.45080290002909,13.040414864628165],[101.45074355103323,13.040291188573875],[101.45084990976622,13.04021335366677],[101.4510641399952,13.040211325070269],[101.45130811074823,13.040247429359628],[101.4515022339862,13.040189116400795],[101.45159787132629,13.040015418404893],[101.45177198818456,13.03991887969482],[101.45205419213444,13.03991620610997],[101.45236396897364,13.039731450387492],[101.45286833258147,13.039478197258511],[101.45319860717885,13.039446830930903],[101.45351886286583,13.039329736415475],[101.45365326969696,13.039118402724354],[101.45367125576557,13.038955581265062],[101.45361050809279,13.038755127176977],[101.45347375037058,13.038670601227235],[101.45317632356991,13.038645183225981],[101.45304905295542,13.03858880398259],[101.45298966712859,13.038465128765763],[101.45298797560093,13.038293463422589],[101.45314055894352,13.037996099146342],[101.45346801283088,13.037621432636767],[101.4536020783022,13.037371688488046],[101.45379587096009,13.037284028993479],[101.45409276595814,13.03725183098576],[101.45437496631476,13.037249155621771],[101.45455851548348,13.037114149033366],[101.45463548403535,13.036976784687766],[101.4546285050239,13.036797249734555],[101.45452382524216,13.036459431015471],[101.45455069744558,13.036321394181062],[101.45471380904328,13.036043136746516],[101.45481800553141,13.035922427940665],[101.45496514238843,13.035888279888649],[101.45518923072932,13.035895184938637],[101.45565460655551,13.036186690768282],[101.45608049603507,13.036385938337009],[101.45623614892099,13.036461253979471],[101.4563680575373,13.036460002496748],[101.4566226679366,13.036289310694468],[101.4569671673565,13.03582976724004],[101.45730798997192,13.035758771220985],[101.45753983526527,13.035671859421583],[101.45804121916132,13.035355380106113],[101.45815661674273,13.035199590764803],[101.4583466966636,13.034851055177725],[101.45853843487446,13.034613197408085],[101.45888671889662,13.034479992231338],[101.45962295384898,13.034381516360531],[101.46592972003158,13.036081124122052],[101.46859258794349,13.037325199134374],[101.47004677982707,13.037838767689024],[101.47323647641545,13.038886873795887],[101.47540498525677,13.039294179837821],[101.47795801436224,13.039102628959855],[101.47953953525086,13.038925985307777],[101.48119050758905,13.038783675594699],[101.48395642124716,13.03885877609453],[101.48458124713798,13.039541712287582],[101.48492254316555,13.039923537245853],[101.48498146186841,13.040225656517823],[101.48490095844592,13.040585585964747],[101.4844298208255,13.041277894577251],[101.48423730377527,13.041665989015256],[101.48427044711768,13.042161461987716],[101.48441732615819,13.042793658057199],[101.48470302455453,13.043314941857355],[101.48507366405087,13.043807172645385],[101.48542964304175,13.044271307992634],[101.4856027412105,13.044765435041475],[101.48569345757946,13.045371043220069],[101.48597944613162,13.0458641222917],[101.4864764992497,13.046438698387522],[101.48716915962254,13.046817177592631],[101.48748140323552,13.047172186246122],[101.48806780997829,13.04815812531824],[101.48859001412765,13.048883814267914],[101.48917070578858,13.049124438564725],[101.48970145561124,13.049440074152484],[101.48998405122659,13.050052860822982],[101.49026444237623,13.050445436945816],[101.49061854209154,13.050663405686445],[101.49127610259133,13.051100902913827],[101.49170787154441,13.051539463499861],[101.49191207118493,13.051858238517589],[101.49236861387692,13.052297668490969],[101.49257358876352,13.052689858627337],[101.49253038339162,13.053380313134319],[101.49240953483306,13.053849065044766],[101.49223980714328,13.054442485342387],[101.49214495223578,13.055034035007688],[101.49245018270136,13.055376705260304],[101.49578920983265,13.057561453660034],[101.49639395029202,13.057728402029745],[101.49672108168419,13.057725243839032],[101.49698165420205,13.057401985435218],[101.49716327738281,13.056735026984098],[101.49739736307448,13.056240348926549],[101.49784525229538,13.05581706357775],[101.49819640284161,13.055740249543206],[101.49882550381486,13.055807592432568],[101.49907632691692,13.055780299990689],[101.50040638240807,13.056018164528778],[101.50174914007732,13.056261524419881],[101.50286203144175,13.056442747294557],[101.50341942799072,13.05659773917057],[101.50407634799171,13.056912118209823],[101.50558297453844,13.057185510290333],[101.50672710032534,13.057207171377231],[101.5079343022182,13.056970721254517],[101.50878315536448,13.056898094886316],[101.51130122024246,13.057002395140771],[101.5121854140103,13.057121442361955],[101.51300207872332,13.057113505298958],[101.51365544409069,13.057075514153841],[101.5142771779803,13.057101108778623],[101.51473412401587,13.057065025327406],[101.51502441100668,13.057062201412556],[101.51512691776374,13.057116566362527],[101.51516167537874,13.057194127295492],[101.51516347021267,13.057371445715212],[101.5146061904447,13.058649639024887],[101.51454022445844,13.058849043508504],[101.51456559737363,13.059136783923508],[101.51474938190096,13.059422982984895],[101.5149782618556,13.059730205521747],[101.51576432995,13.060111053337032],[101.51613537997643,13.060467702040683],[101.51663038852891,13.060942860062008],[101.51749175610537,13.061255207772714],[101.51814894739759,13.061649736762421],[101.51868525150367,13.062165119561465],[101.51926364976565,13.062799845043228],[101.52000600943161,13.063473603015554],[101.52062366407149,13.063947554663532],[101.52099761835126,13.064585378537624],[101.521084695645,13.065105137516737],[101.52089892943413,13.066948951372675],[101.52082895875834,13.06811060313928],[101.52065027127189,13.070595782696289],[101.52251397724578,13.075102892334726],[101.52355596099163,13.074305546455832],[101.52421213898414,13.073976140800468],[101.52487037501702,13.073793518495753],[101.52558857000183,13.073667926206475],[101.52672569521772,13.073392540678499],[101.52789038883135,13.072940693014035],[101.52881339970094,13.072284526352844],[101.52973248313612,13.071187984073681],[101.53029580317605,13.070564720457941],[101.53086152800603,13.070177457199076],[101.53172967067637,13.070020999397508],[101.53259905931003,13.069983130994361],[101.53331721387066,13.069799901953639],[101.53418506458856,13.069615202700724],[101.53487417931099,13.069579095701851],[101.53559472878015,13.069630752256117],[101.53643834295168,13.070004188053328],[101.53692023340608,13.070206098241483],[101.5377931820632,13.07052051333301],[101.53824663185569,13.070868429842346],[101.53903039756803,13.071302282617356],[101.5395436787517,13.071590879182299],[101.54008512571279,13.071761740860245],[101.54059427464615,13.071698003978222],[101.54122104718618,13.071427578597495],[101.54166845131681,13.071188262336353],[101.54218279341084,13.070901991158967],[101.54271039194349,13.070730789369666],[101.54321208036845,13.070396090184834],[101.54393038494771,13.070059219562474],[101.54443508093222,13.069959402423859],[101.54513350309931,13.070047367969295],[101.54556903419683,13.070277989159646],[101.54605406426312,13.070675241735728],[101.54636913756926,13.071067432439914],[101.54636853929128,13.071402822870077],[101.54622082212258,13.071770193724674],[101.54640363197787,13.072240437665879],[101.546672468098,13.07244897966706],[101.54691746652375,13.072468027434766],[101.54716113095127,13.072357197197274],[101.5472996403883,13.072159329686922],[101.54749857051134,13.072011675137679],[101.54796522643683,13.071964182507994],[101.54824623922065,13.071902681398399],[101.54841718592427,13.071945031447029],[101.54861096241252,13.072023310502425],[101.54882135683522,13.072319353653596],[101.54922451803976,13.07254011107668],[101.54936892850992,13.072917032980529],[101.54963601381354,13.072899704688746],[101.5499826790716,13.072721245000693],[101.55050997756695,13.072804111613394],[101.55123716289114,13.07288389282923],[101.55147779640293,13.072930067481304],[101.55202074444884,13.073411438742916],[101.55244860932373,13.07379118216425],[101.55266875136557,13.073804843140675],[101.55288155327321,13.073882931724482],[101.55310239510268,13.073960902154575],[101.55324217475751,13.074110874365289],[101.55372399244834,13.074194182400937],[101.55419748994302,13.074253853253943],[101.55506657764109,13.074747829324245],[101.55586220560676,13.075267358645835],[101.55608504978096,13.075539549992325],[101.55673779171755,13.075940778076689],[101.5573092639687,13.076228758450714],[101.56354125798029,13.080200843734165],[101.56471471376122,13.081161540930076],[101.56571387481745,13.081861966077753],[101.56674756711324,13.082225478352708],[101.56800814240867,13.082363142161588],[101.56915414657287,13.082500793643645],[101.57003481445319,13.082828550791525],[101.57116796372566,13.083564880161457],[101.57209250622279,13.084453449986009],[101.57283122950849,13.085754957958494],[101.57341674871573,13.087057990279966],[101.5738719376466,13.088624317704186],[101.57419099587932,13.090004533735168],[101.57435720127486,13.091311745185431],[101.57465514460685,13.094263036916569],[101.57525547972807,13.096987683558012],[101.57612113226847,13.099521097041675],[101.57705450430655,13.10119556923647],[101.57868496990341,13.103871521410834],[101.57977276413547,13.105768052168928],[101.58024118525049,13.106772930783764],[101.58067496642983,13.108151977706608],[101.58149921921202,13.110350393394523],[101.58229158090332,13.111314753428587],[101.58500990990252,13.114054257634558],[101.58688750562733,13.116653115679172],[101.58743358430202,13.117807392381142],[101.58763325553515,13.118664782451306],[101.58753251486597,13.119937388567388],[101.5873130357808,13.120874666359455],[101.58682878994374,13.122000925121267],[101.58514856127339,13.125496032967085],[101.58399291638959,13.128088096781754],[101.5830200876493,13.129930677156109],[101.58034149472837,13.132836171492496],[101.57943922685699,13.134154086168044],[101.57917180288851,13.134697706710046],[101.57906862419159,13.135519731342152],[101.57919123793967,13.136558597953325],[101.57944816868734,13.137218887698703],[101.57967935551559,13.137839953011165],[101.58004718508171,13.138247310739338],[101.58096136551208,13.138895413490827],[101.58211293563774,13.139485768314771],[101.58359888206834,13.140045631616479],[101.58391166736543,13.139871969005366],[101.5843693203751,13.139838023434599],[101.58460343391457,13.139911306810657],[101.58500500959266,13.139746926565472],[101.58540078754389,13.13974294536864],[101.58562571041968,13.13971019125246],[101.58620038606314,13.139734901618782],[101.586501585788,13.139886550097954],[101.58683227720367,13.139995050090775],[101.58726736183847,13.140059537357081],[101.58765549961822,13.140039829101307],[101.58794876632085,13.139877644679141],[101.58825057690011,13.139813621881625],[101.58853819050462,13.139825416753187],[101.58891525385357,13.139631896107517],[101.58924919806886,13.139499793059466],[101.58954703809458,13.139442581333926],[101.58986996716786,13.139469819015815],[101.59007624730654,13.139636000652441],[101.59034283045192,13.139784662639531],[101.59052172814415,13.139813314828281],[101.59071538515646,13.139766216692285],[101.59107821649636,13.139587528176985],[101.59179998587767,13.139463908887008],[101.59313908470878,13.138821399353999],[101.59506336318394,13.138543393214315],[101.59662895963751,13.138511744685799],[101.59855885976974,13.138933815417749],[101.59915131756424,13.139170610255135],[101.59958044726703,13.139214820797445],[101.59986864477649,13.139174642199549],[101.60015679198028,13.139072370409069],[101.60083002628514,13.138389084510621],[101.60126545317806,13.138156583320937],[101.60184331245087,13.138104442508988],[101.60360313994026,13.138131769569133],[101.60481776820556,13.137763742800308],[101.605105618067,13.137687446835058],[101.60531080226107,13.137695506398481],[101.60553576376438,13.137774561490122],[101.60574074493921,13.137763417373536],[101.60624105984004,13.137512193911416],[101.60637111972351,13.137446488248386],[101.60651101346438,13.137436041335887],[101.6068154417344,13.137563949060702],[101.60696210428095,13.137815421788682],[101.6071082377198,13.137959625135737],[101.6072856010895,13.138004118457244],[101.60736122935496,13.138075620409166],[101.60736287417024,13.138231427844806],[101.60733670085611,13.138423708252324],[101.60745986167821,13.13857713601046],[101.60760995219589,13.138713416723803],[101.60789914414033,13.138710482645507],[101.60835586559709,13.138696819148009],[101.60861530084776,13.138986667264936],[101.60886809126031,13.13908345760435],[101.60896191310519,13.139183007893459],[101.6089729569933,13.139302605005478],[101.60895531497944,13.139430373539692],[101.60904106456321,13.139584217946574],[101.60934034009675,13.139663624972851],[101.60985130901686,13.139548904153903],[101.61047565700397,13.139533535724127],[101.61091549552327,13.139665686867826],[101.61121708871023,13.139964168944914],[101.6123358577516,13.140008120404913],[101.61260883061361,13.140270739006088],[101.61284407153875,13.140450147853894],[101.61311579035262,13.14059417994318],[101.61337741210269,13.14065476022744],[101.61357289539001,13.140616655999317],[101.61417776341014,13.140555146675366],[101.61438394293754,13.14065355213855],[101.61450683426501,13.140781039161183],[101.61458402829403,13.14105356482276],[101.61472624328159,13.141262151741909],[101.6150544508555,13.141459817606442],[101.61514040884838,13.14163286149275],[101.61528192494667,13.141832427099578],[101.61618783818146,13.141959824281413],[101.61649652087264,13.142057221425803],[101.61680394682075,13.142035995573476],[101.6173177077048,13.142131266079137],[101.61762466203737,13.142119110905908],[101.6178755300552,13.142034110405602],[101.61815454049426,13.141939795130966],[101.61832265750472,13.1419844110761],[101.61840708117514,13.142065995547361],[101.61859430984327,13.142118260612387],[101.6187376917424,13.142436402282584],[101.6189626550424,13.142571874300307],[101.61925145262641,13.142531668258869],[101.61936320394611,13.142530529287352],[101.61943851151298,13.142621234968724],[101.61945866341978,13.142730561299548],[101.61958841248614,13.142795882392079],[101.61981021641127,13.142793621072405],[101.62003760965408,13.14283419010671],[101.62029123460148,13.143005521945557],[101.62047079525037,13.143260053464729],[101.62033341769062,13.143507602204973],[101.62039998464979,13.143589368124552],[101.62068828726213,13.143559304477792],[101.62103432819103,13.143647285707335],[101.621266972985,13.143634736082438],[101.62139000265306,13.143771245804459],[101.6215307453019,13.143897398915536],[101.62153316805821,13.144125501519211],[101.62173049918003,13.144261253408761],[101.62249623750127,13.144371998776066],[101.62282373181283,13.144505311645148],[101.62304122741784,13.14480459700534],[101.62339018787142,13.145166926292166],[101.62370812500666,13.145264181324539],[101.62382287849601,13.145545310671583],[101.62400253975621,13.145808866353539],[101.62444006421532,13.145721953999079],[101.62461781745385,13.14580258109916],[101.62477632967732,13.14580999131344],[101.62488221499817,13.14569035013513],[101.62509650631256,13.145688160573656],[101.62516355566706,13.1458150641303],[101.62510924172835,13.145962448703173],[101.62504108205619,13.146164149608921],[101.62501969766083,13.146319080635504],[101.62515025790591,13.146353861592203],[101.62537476306508,13.146388829745193],[101.62557239602084,13.146605907910676],[101.62569489927616,13.146696130086452],[101.62585325788768,13.146685481495577],[101.62600164340294,13.146610550323491],[101.6262624449912,13.14658978936882],[101.62643976614005,13.146633157919009],[101.62650655138987,13.146788334460023],[101.6265413072082,13.146970924455724],[101.62653980432673,13.14715614299827],[101.62666694738047,13.147408909301909],[101.62680449741677,13.14761076472702],[101.62705488753086,13.147750482633453],[101.62732493637665,13.147789498136026],[101.62760459719594,13.147756146752984],[101.62779168662523,13.147794899824467],[101.62808504854924,13.148076454906768],[101.62817902670101,13.148136475242811],[101.62835562560439,13.148165159697372],[101.62855442367508,13.148274949807801],[101.62865954183466,13.14840597741879],[101.62875557802677,13.148659097588755],[101.63212494575677,13.152823151850418],[101.63315595029319,13.154194806707151],[101.63395009424202,13.155671607192483],[101.63493773170978,13.157837566601852],[101.63558974960424,13.158623594713774],[101.63621735937413,13.159125315849355],[101.63684370521442,13.159505086122662],[101.63751011681468,13.159701497798329],[101.63846608687203,13.15987461541085],[101.63955922967328,13.160208912048981],[101.64093495910673,13.160785366987279],[101.64231373203236,13.161645189980662],[101.64394554510216,13.162888634227961],[101.64509455862252,13.163649194679154],[101.64595050127301,13.164109013083234],[101.64655545014152,13.164427993055652],[101.64724217085372,13.164583537080842],[101.64769849256017,13.164578828530633],[101.64807004025326,13.164412365522089],[101.64841893153655,13.164063231677575],[101.6501240668965,13.162479365065137],[101.6505162857226,13.162251705522666],[101.65092782910706,13.161942586899031],[101.65118356060383,13.161614690313939],[101.65135699923407,13.161348659547841],[101.65168533436872,13.161020049271023],[101.65211948026405,13.160832621160601],[101.65286569549922,13.160784279709077],[101.65363413146126,13.16087794481634],[101.65450863689877,13.16113317417941],[101.6554667503364,13.161448480709183],[101.65608076859601,13.161645382418596],[101.65676560015119,13.161678921725906],[101.65734469191258,13.161469669892449],[101.6578998579447,13.161016742828792],[101.65837048981361,13.160421304337476],[101.65884988654476,13.159623592164875],[101.65913189196696,13.1588482765543],[101.65948346651803,13.157787689405378],[101.6597385880587,13.156442365852639],[101.65974594166761,13.155202404481297],[101.65967692590098,13.154573000459857],[101.65964077410068,13.154105882787194],[101.65984442037896,13.153757094654736],[101.66034032545009,13.153528387810848],[101.66079592580938,13.153462686437205],[101.66114913170099,13.153520005985914],[101.66179402056537,13.153696263055069],[101.66258596992996,13.153994063254185],[101.66408505601819,13.154466318508833],[101.6649798840424,13.154741618519951],[101.66616323027458,13.154790312809798],[101.66748979940409,13.154654573746049],[101.66893129988939,13.154598926971374],[101.67054752988396,13.154399181931987],[101.67158205761292,13.154164850204426],[101.67225396330947,13.153913938326795],[101.67300676678893,13.153518799709904],[101.67354486393231,13.153411552213409],[101.67398073638962,13.153386698891383],[101.67510172516806,13.153476630780849],[101.67588086186176,13.153549842727106],[101.67696083805588,13.153680858772237],[101.67766674947751,13.153693812890674],[101.67799812451111,13.153649691557607],[101.67841001554358,13.153381162614998],[101.67898600811725,13.152887354075338],[101.67976987713587,13.152492982709761],[101.68082434746414,13.152136413989401],[101.68163357771982,13.152168629348969],[101.68232118866248,13.152405365050416],[101.68303139223455,13.152865430235529],[101.68369900039077,13.153224329973842],[101.68436562938334,13.15344092797601],[101.68586159113102,13.153628535813407],[101.68697068172349,13.153576303817054],[101.6878510854992,13.153424816881335],[101.68999009186999,13.1526706672344],[101.69141695520601,13.152228898862438],[101.69272074665321,13.151910336015085],[101.69425370821081,13.151690969815661],[101.69539455514692,13.151699348204096],[101.69635109473617,13.151872243157522],[101.69675217993414,13.151988841555793],[101.69769226957391,13.152607921411779],[101.69843479273324,13.153279913203949],[101.69955593512358,13.154754150081688],[101.70068935568722,13.156399900890746],[101.70152689904407,13.157805953802605],[101.70227514267515,13.158790643349416],[101.70403824003213,13.15990128575182],[101.70542570595477,13.160383481342279],[101.70778198694501,13.1609458432495],[101.70944348843663,13.161199303858989],[101.71059753791246,13.161412973253148],[101.71161787495487,13.16198936587802],[101.71262620601352,13.162781561400749],[101.71426751697084,13.164128254059307],[101.71645839745602,13.166407461497377],[101.71823452128297,13.168692184531444],[101.71921773903952,13.170125987213467],[101.71992499254416,13.171563857520129],[101.72017136539232,13.173005466500129],[101.7202795315357,13.174449652521686],[101.71997186933065,13.175806819879494],[101.71935157274548,13.178071756996429],[101.71913417595519,13.179202113273286],[101.71886962479894,13.180288938183494],[101.71833000231618,13.181514179930735],[101.71724411520749,13.182940543015341],[101.71640169938856,13.184243514494989],[101.71522088011726,13.185791724121902],[101.71472034243419,13.18638308985402],[101.7144617515999,13.188011844914927],[101.71415456370531,13.189415296201988],[101.71301686087271,13.191585221662335],[101.71271160794927,13.192275011458044],[101.71267298039206,13.192952911662196],[101.71277410823517,13.193763756695077],[101.71306115859602,13.194709202599743],[101.71321039930743,13.19570132379949],[101.71272579324594,13.1977378597844],[101.71237106201494,13.198961139853246],[101.71222818766395,13.20063270130513],[101.7124750240428,13.202165780206009],[101.71249945013368,13.204377596929019],[101.71233063333563,13.205734406626073],[101.71215273277336,13.206323463364358],[101.71164917405601,13.206644976095964],[101.71095975839795,13.206831850492337],[101.70967115746224,13.206981001658292],[101.70810553226258,13.207087902089619],[101.70665582027728,13.207572978147466],[101.70480224909645,13.208432737246151],[101.7032034293504,13.209714310838045],[101.70204537698164,13.211306286362797],[101.70082322083425,13.213306580990345],[101.70010466652332,13.214984268239018],[101.69929180617554,13.216528561954691],[101.69842994362733,13.21775604612481],[101.69744928606931,13.218714930483022],[101.69639756099257,13.219448705889759],[101.69550609176923,13.22013564565651],[101.69459263088942,13.220866809886591],[101.69186895421932,13.224688517390783],[101.69051764369024,13.226692406597444],[101.68970685395919,13.228326986134668],[101.68888106505786,13.229596995213152],[101.68819949618381,13.230507530704058],[101.68774598440756,13.231143553955205],[101.68729786072639,13.232322632875434],[101.68722251363364,13.23385914601795],[101.68746982701788,13.235391117175576],[101.68758034495065,13.237061175054547],[101.68730299190331,13.23909556531577],[101.68695497557908,13.240996272667246],[101.68631034273456,13.243124851240527],[101.68612368539493,13.245022713256295],[101.68627834384584,13.246511663846922],[101.68615490724095,13.247868005593242],[101.68575534019583,13.249271286540136],[101.68505835802814,13.250255398365383],[101.68452031298702,13.251015344815112],[101.68428911358235,13.251480781955554],[101.68414228844077,13.251652831577543],[101.68384536379831,13.251801632664945],[101.68304035023453,13.252029156255828],[101.68185146139705,13.252357843426497],[101.68029132041219,13.252788668713386],[101.67866017658729,13.253417821397905],[101.67725569297991,13.254325802042819],[101.67587607473961,13.255349810723281],[101.67434920465793,13.25655715209578],[101.67364188467796,13.257182247547805],[101.67305021829922,13.257893083308108],[101.6724863008796,13.258979643337982],[101.6720432481882,13.260158660874382],[101.67180017934369,13.260913277746784],[101.67074773651301,13.264135800584013],[101.67015078354882,13.265792982306646],[101.66962311404924,13.267983527614179],[101.66927060704693,13.269748822059633],[101.66915765108646,13.270384593233947],[101.66885405824966,13.27113984371667],[101.66847637326657,13.271707307367819],[101.66797828079773,13.272228560056732],[101.66712417789697,13.273036977372808],[101.66614964056099,13.273845580850365],[101.66536237141899,13.274229841422031],[101.66466851269355,13.274401949259889],[101.66392632730077,13.274479723822315],[101.66317148644222,13.274557666227958],[101.66197445437669,13.274735030200279],[101.6602278141557,13.275153024656635],[101.65843591411574,13.275758933658997],[101.65745775656917,13.276238929596275],[101.65631414012705,13.276931785496046],[101.65557878821865,13.277691497290645],[101.65486496174105,13.278680251111316],[101.6534047098225,13.280739389716313],[101.65266046998265,13.28169119597851],[101.65206946027239,13.282473115446752],[101.6509797768833,13.283728906665504],[101.65031489241905,13.284346746516929],[101.64955385767664,13.284919296437923],[101.64821772687922,13.285566694195548],[101.64642871761788,13.286502239335885],[101.64478897511904,13.287857460891315],[101.64265273466103,13.289947271896059],[101.64187667469719,13.290841812474556],[101.64124550400552,13.291541692389044],[101.64042339550188,13.292175837208783],[101.63997746730327,13.292468423917178],[101.63951319101497,13.292608747773031],[101.63894311115251,13.292614664684129],[101.63830409996505,13.292587438848699],[101.63750906488747,13.292477091217798],[101.63673058037067,13.292349660710988],[101.63622985134647,13.292371799318452],[101.63583472197887,13.292562205422069],[101.63544106225505,13.292836185934265],[101.63482623640999,13.29350202574236],[101.63410966468086,13.294304461449588],[101.63351106510477,13.294818825552527],[101.63287589780843,13.295256748653649],[101.63211366022186,13.295728772323345],[101.63153325602184,13.296326497817812],[101.63129613402451,13.296735505556166],[101.63116523870781,13.297430224486783],[101.63117159608507,13.298338030964155],[101.63115019192679,13.299239425978577],[101.63096547225324,13.299697550497882],[101.63071007492975,13.300072816355023],[101.63030147083289,13.300567152092436],[101.62949453217946,13.301972371795035],[101.62859512364564,13.303194494135678],[101.62734817219977,13.304377320890644],[101.62549435757549,13.305736890467893],[101.62346535979269,13.306949210689098],[101.62292983811922,13.307168175803744],[101.62225760184268,13.307329826753916],[101.62160398315035,13.307346712704151],[101.62097843411574,13.307236866587004],[101.62040500353729,13.307040633255523],[101.61980696630657,13.306755472957303],[101.61899165176143,13.306531239553218],[101.6180986428257,13.306481719734325],[101.61730529388589,13.306529451818506],[101.61659410845523,13.30676938143252],[101.61598292707528,13.307086210336763],[101.61549183607575,13.307576864521854],[101.61447152508448,13.308558526580313],[101.61344772054507,13.309268059699946],[101.61256075457624,13.309783097512033],[101.61184798272078,13.309925936865339],[101.61117370816683,13.309952074140421],[101.61039941249422,13.309843731930441],[101.60972651775255,13.309621408860687],[101.6071253236765,13.308770690791931],[101.6053939000181,13.30822492561048],[101.60429905041779,13.30784768796026],[101.6035039596447,13.307680809677111],[101.60267095637327,13.307689346178895],[101.60166070291994,13.307835203607661],[101.60059355197311,13.308215393423115],[101.59952126445947,13.308922006881598],[101.59808204030512,13.310042300562252],[101.59704496315739,13.311026334773288],[101.59645772637131,13.311374515836683],[101.59575985846476,13.311460689903857],[101.59446997203987,13.311446784320591],[101.59358362860354,13.311482925547894],[101.59265832882662,13.311650491813047],[101.59208546239013,13.312050433810649],[101.59176822683912,13.312579907968471],[101.59137870295889,13.313847575329348],[101.59094881328137,13.315114471157006],[101.59030476254516,13.31641067538701],[101.58956193306028,13.317312644784314],[101.58902939738682,13.317765271638379],[101.58837576971136,13.318219133702202],[101.58728527783852,13.319282762932739],[101.58582447345609,13.320876363618149],[101.58481266951055,13.321755087773745],[101.58414747692414,13.322367179358686],[101.58380257326235,13.322791910846693],[101.58370177330434,13.323398217392578],[101.58367203188192,13.324397933458124],[101.58366642639452,13.326425050754843],[101.58322912381929,13.32824426980676],[101.58270518502309,13.32951326680511],[101.58191147136726,13.330678881341301],[101.58098262683821,13.331766790922702],[101.57972865865165,13.332596015233186],[101.57903266822402,13.332866233765776],[101.57801330046381,13.333034682051577],[101.57704694588173,13.333149524188267],[101.57578350675712,13.333083319713122],[101.57505457420972,13.332748541918107],[101.57437584760521,13.332144487780898],[101.57263006707198,13.330905307368411],[101.57146770548482,13.330258709085875],[101.56985016394994,13.329748860757769],[101.56826022225383,13.329343740903949],[101.56766873194488,13.329297774661768],[101.56694397746188,13.32935706504621],[101.56627510447773,13.329626973391465],[101.56558104183472,13.330081198686694],[101.56480933510676,13.33077333335199],[101.56428005313121,13.331542094687073],[101.56396688784679,13.33246564524676],[101.56386742817514,13.333204082990665],[101.56405019491127,13.33396564451189],[101.56421910154089,13.334674243897279],[101.56441647757848,13.335566653419027],[101.56448508012008,13.336986648295884],[101.56438645678001,13.337804120110331],[101.56412529586565,13.338517069039039],[101.56354176373183,13.339285269935591],[101.56300914092176,13.339738970991162],[101.56244831101179,13.340033759706031],[101.56183353098081,13.340355034304052],[101.56127269118937,13.340702886457407],[101.56079561839985,13.341340120836488],[101.55995035222652,13.342716214108464],[101.55895949519677,13.345214099782298],[101.55818438565049,13.347286285117697],[101.55798044292818,13.348288884632286],[101.55796083001056,13.348999428712126],[101.5580504162989,13.349840978173244],[101.55826188869995,13.35081229400811],[101.55846010017076,13.351783744032511],[101.55847479571048,13.353178310711586],[101.55829765422467,13.354206616197215],[101.55793112272411,13.355104729093689],[101.55698382410419,13.357035260947326],[101.55669550442386,13.35769541866237],[101.55660927154648,13.35848564216017],[101.55679098096553,13.360404770065877],[101.55665085366266,13.362432132347035],[101.55674544805872,13.363747960828409],[101.55711069676504,13.365243969179961],[101.55709219686007,13.366059521311776],[101.55683206721167,13.366877517828334],[101.55646251018526,13.367486542781595],[101.55600997936928,13.367886365277375],[101.55555743507864,13.368285077162465],[101.55530863588089,13.368920004846757],[101.55523706530558,13.369789160806071],[101.55543196289132,13.370444436592688],[101.55573333599105,13.370967638819245],[101.55584669349841,13.371545842760133],[101.55563827806429,13.372179215819882],[101.55526617521235,13.372551138130325],[101.55398563575801,13.373458485976546],[101.55364088930142,13.373909172317346],[101.55337631838225,13.37430709467429],[101.55320936379177,13.37504506882277],[101.55316184021828,13.375624899011802],[101.55300483896113,13.375994647742944],[101.55276485582961,13.376208221840916],[101.552444182426,13.376368434407649],[101.55204165453371,13.376425563326581],[101.55142512009296,13.376589908632011],[101.55094407764823,13.376857905289214],[101.55046026569744,13.376862787137314],[101.54993499559799,13.376709963221924],[101.54936852247141,13.37653161303594],[101.54884347964571,13.376457827626782],[101.5481730795256,13.376596730642119],[101.54761241400729,13.376970545212895],[101.54705254709133,13.377370291674055],[101.54670810516362,13.377848093423395],[101.54657814319653,13.378270633362986],[101.54661024988309,13.378743493837014],[101.54672110019253,13.379084563964073],[101.54720161352958,13.380027201926215],[101.54731550553454,13.380657325269446],[101.54724197483529,13.381342438838656],[101.54741532363398,13.382472235270424],[101.54758675722447,13.38346997895502],[101.54768794615305,13.384153293866909],[101.54754775866304,13.384865057998708],[101.54728430973967,13.385367986472311],[101.54696524521873,13.385686265222088],[101.54643000561629,13.385902847466006],[101.5459331815686,13.385933832839472],[101.54524611769997,13.385809756739363],[101.54468267099756,13.385867388539385],[101.54428205741515,13.38610858866314],[101.54384355738563,13.386586152851994],[101.54335254184458,13.387170450630554],[101.54289772751116,13.387412195639547],[101.54236105419751,13.387496640206043],[101.54195715367945,13.38742166178001],[101.54148465960296,13.387189249222512],[101.54078349757425,13.386986260007175],[101.54016530394516,13.386992476105469],[101.53968449955396,13.387286395211692],[101.53933971896139,13.387684005332821],[101.53926616760086,13.388369084927128],[101.53937035780078,13.390605230768358],[101.53937780842774,13.391315473605536],[101.53932720093789,13.391658170584964],[101.53919560134203,13.391922638313316],[101.53887624486865,13.392214934707054],[101.53820851364326,13.392616900874488],[101.537435757683,13.393230000340795],[101.53693083172979,13.393813282269795],[101.53669555127878,13.394420943156039],[101.53652826970152,13.395132979287386],[101.53614914741397,13.397427013764611],[101.5355250186158,13.399459292782581],[101.53468938058569,13.401782781159577],[101.53395277552742,13.403317022629333],[101.53318655121765,13.404561326529713],[101.53188389793593,13.405969099863508],[101.53145751977286,13.406288443655722],[101.53086967123404,13.40666361985781],[101.52918900867745,13.407889999023119],[101.52851984823239,13.408160964177881],[101.52771436664636,13.408246934157551],[101.52638470641396,13.408287378477102],[101.51994457814091,13.408114624106444],[101.5179554107595,13.408081419440025],[101.51680041535766,13.408171989287933],[101.5161030280498,13.408337073145285],[101.51513990380948,13.408793856406971],[101.51385907330096,13.409649138869115],[101.51287208621351,13.410422405779334],[101.51223493723359,13.411165060328781],[101.5107260379492,13.413390195660766],[101.50891473609573,13.416329813395468],[101.50660980550205,13.419562314514623],[101.50594552470565,13.420306377311231],[101.50538438038534,13.420654150719193],[101.50482246710713,13.420869782247125],[101.50399092000481,13.421062113289009],[101.50268847962381,13.421181221221335],[101.5009684627729,13.421250250022435],[101.49921445097669,13.421267649646119],[101.4980862424383,13.421331901456943],[101.49736198023207,13.421470081282118],[101.49663138580141,13.421661388645953],[101.49572062435904,13.422062306844015],[101.49494623346496,13.422537512945659],[101.49454819086088,13.422984160492085],[101.49427774855305,13.423552664604614],[101.49400725144795,13.424170832550255],[101.49376338939102,13.424911820252492],[101.49354264278301,13.425431242936648],[101.4931704716591,13.425927333221045],[101.49239881074521,13.426672431795717],[101.49174936742233,13.427073011343049],[101.49129836374237,13.427250255438459],[101.49092114228993,13.427253985521261],[101.49024121373959,13.427162454742138],[101.48966097123635,13.426945705209324],[101.48922975384882,13.426581788537757],[101.48904945119153,13.426214281891539],[101.48887021663108,13.425895316716511],[101.48831276258994,13.425482945469014],[101.48795659046128,13.425067474257014],[101.48782655842555,13.424650917103778],[101.48788808314106,13.422223309347597],[101.48765152169244,13.421377526846724],[101.48744721784738,13.42075272667886],[101.4871130733078,13.420067146053478],[101.48673075481445,13.419578509306588],[101.48640045416595,13.419262177654462],[101.48609702841581,13.419092349633951],[101.48566886440192,13.419023187396357],[101.48516563536627,13.419003280705573],[101.48453674010722,13.418934949417213],[101.48405709274611,13.418792870151135],[101.48357568738199,13.418428324223783],[101.48304289658698,13.41794116172831],[101.48231030160814,13.41760391799564],[101.481352030067,13.417367145529969],[101.48044553472393,13.417228113139656],[101.4782590299325,13.417372737826202],[101.47628623075387,13.417429388653469],[101.47558045497787,13.417288366664387],[101.47474725587372,13.416927255100527],[101.47355983847669,13.416396792782901],[101.47262345169253,13.415815346451126],[101.47145692910894,13.414843100015387],[101.46557166323743,13.409780148699291],[101.46489977101564,13.409281900790894],[101.46416772760239,13.408994289627095],[101.46318544948363,13.408831097183516],[101.46167592048016,13.40872270848946],[101.4594382907693,13.408769366516852],[101.45812897108985,13.408609341547619],[101.45619183772298,13.408481401712965],[101.45475980188753,13.408618464313312],[101.45380788592705,13.408947321434797],[101.45295886030424,13.409521386586517],[101.452211653329,13.410242450900821],[101.45141778516296,13.411309506911159],[101.45077153265601,13.412029552233729],[101.44977282435066,13.412753018998217],[101.44824766106802,13.413604718728624],[101.4475473389641,13.414004537143878],[101.44644804899136,13.414705248423607],[101.44570140975139,13.415426257859894],[101.4450577955964,13.41646590072742],[101.44456783467751,13.417701673840011],[101.44366083627786,13.420024556823256],[101.44332960587306,13.422119404813619],[101.4430901338829,13.423254494357096],[101.44297631643811,13.424436919427801],[101.44295792073771,13.425126032452045],[101.44283617655884,13.425521381591988],[101.44262510839968,13.425757204970918],[101.44218663082803,13.425921810151493],[101.44103222921261,13.426204078074152],[101.43771863877689,13.426777101522067],[101.4366403972296,13.427058613509329],[101.43584093974586,13.427583602635741],[101.43524600529611,13.428426213379216],[101.43477932242118,13.429513833606576],[101.43417555393891,13.430737153308389],[101.43338104347747,13.431754479983313],[101.4319863568966,13.433097275598382],[101.43161059969808,13.433248823838746],[101.43133372185953,13.433251497478505],[101.43052711019287,13.433013106554839],[101.42944255348908,13.432727654868192],[101.42830762375576,13.4323692978466],[101.42724794858874,13.432035041615201],[101.42666939491821,13.432040616968594],[101.42624368061013,13.432217508771506],[101.42557094217533,13.432839507590849],[101.42495030243373,13.433657515540038],[101.42464445572389,13.434509796408992],[101.42454976969967,13.435076524879127],[101.4245554551371,13.435642287412501],[101.42476225180708,13.43618242741876],[101.4260072530105,13.437450025735913],[101.42633971590391,13.438037471048395],[101.42652340790477,13.438749511572889],[101.42650794789873,13.439734482058501],[101.42599423013382,13.441143259246815],[101.42530398173749,13.442552627518152],[101.42497431170634,13.445397358690229],[101.42498036635132,13.445999272963622],[101.42478132843047,13.446573817389858],[101.42434865756881,13.447208196689605],[101.42285364713702,13.449886812707136],[101.4226380038581,13.450246943318177],[101.4219416909353,13.450883822085139],[101.42148161247432,13.45171949175657],[101.42114123452495,13.452753925789226],[101.42091651466845,13.45370138911502],[101.42054467232794,13.454592682801458],[101.41985207483711,13.455544648671649],[101.41845998348911,13.456876050505519],[101.40875474056801,13.463960256317071],[101.40782436530974,13.464627625656659],[101.40709511475872,13.464863878821182],[101.40621730082601,13.464900523817064],[101.40545290907937,13.464564476606725],[101.40444913337754,13.463714634354092],[101.40396207761027,13.463303649971891],[101.40352131741952,13.463136183990621],[101.40264465692361,13.463288011140556],[101.39922685562675,13.46400846739046],[101.39861211512164,13.463984987808281],[101.39814165842419,13.463789556627663],[101.39746469790752,13.463365715181357],[101.39678567935056,13.462799592651749],[101.39572505556262,13.462150097990401],[101.39428427193293,13.461505404814408],[101.39237502856066,13.460807499237966],[101.39028783342219,13.459910275693689],[101.38933149595388,13.459417897077751],[101.38845028369447,13.459111176522793],[101.38695609162785,13.458953683758224],[101.3851390944555,13.458769895037356],[101.38405336455196,13.458494446702419],[101.38305648341995,13.45833224981655],[101.3817393528891,13.458344730737801],[101.3808010122692,13.458152548416235],[101.37992150680881,13.458017464971737],[101.3789543221834,13.457883171229438],[101.37798597423973,13.457634821612308],[101.37728045268699,13.457354635037955],[101.37628357604649,13.457192373603403],[101.37569713516778,13.457054467722214],[101.3747596596255,13.457006847584257],[101.37379247859337,13.456872569000851],[101.37294182701991,13.456679564263784],[101.37229741246598,13.456629168454917],[101.37171942024256,13.456642504771413],[101.37087233677738,13.456927211581744],[101.36981173365066,13.457620513852634],[101.36548877639878,13.461243814627284],[101.36470868479593,13.461656630190738],[101.3640805602914,13.462088332995577],[101.36336857356353,13.462798653498721],[101.36295974668445,13.463293798932254],[101.3626570422815,13.463551899356018],[101.36213541305386,13.463727343011469],[101.3615068151372,13.464054012147125],[101.36109647100359,13.464398984152751],[101.36085961850085,13.464720824726939],[101.3607116749567,13.465170622581123],[101.36041357352124,13.465898514653583],[101.35787163591459,13.469230522225779],[101.3573942235619,13.469918312228344],[101.35729975762496,13.470168828740357],[101.3572850611869,13.470436620486939],[101.35728694225911,13.470628608613747],[101.35724087844797,13.470755539477807],[101.35714565433292,13.470812909767165],[101.35709895900612,13.470875450015004],[101.35711718402661,13.470967914573901],[101.35718156538472,13.471004579601248],[101.35728871912673,13.471045357534738],[101.3573580825414,13.471115876314105],[101.35739302071775,13.47120814684086],[101.35740735513474,13.471316449633083],[101.35737832248307,13.471413872571071],[101.35738326411544,13.47150527724629],[101.35744467294826,13.471651555229956],[101.35754055373179,13.471834741758048],[101.35764166450691,13.471907219783807],[101.35771107912556,13.471986731118688],[101.35774199913763,13.472077928532515],[101.35770421869174,13.472166402911245],[101.35758563209107,13.472255598847658],[101.35731365995227,13.472471623367092],[101.35721587024878,13.472560624377982],[101.35717873389493,13.472656975782021],[101.35719242332154,13.472757364900446],[101.35729215787764,13.472924711453594],[101.35730147610207,13.472995794020221],[101.357255227238,13.473045932166832],[101.35713524824864,13.473047058228618],[101.35704125213059,13.473052455288066],[101.356964335681,13.473094961713233],[101.35684178840826,13.473250849116654],[101.35684281697928,13.473355872392395],[101.35688473147212,13.473453740031456],[101.35695352894815,13.473524263342235],[101.35698878422977,13.473587182019722],[101.35698506789944,13.473678704672706],[101.35690542057142,13.473855618142968],[101.35686004576812,13.473994977604693],[101.35680093302915,13.474087020760972],[101.35670273459218,13.47413424089039],[101.35663446712213,13.47411793097681],[101.35649729168334,13.474131654192352],[101.35632690103687,13.474175036635661],[101.35541880220099,13.474543843869311],[101.3544487321869,13.474944873643597],[101.35426159694356,13.475047146126599],[101.35411233467258,13.475124230469934],[101.35403169021458,13.475199523938269],[101.35395228094009,13.475339203222463],[101.35389428390872,13.475545298419327],[101.35384926753321,13.475779510593402],[101.35387317349957,13.476039057302069],[101.35394222789374,13.476317390097021],[101.35394296900385,13.476393030874892],[101.35391927593824,13.476564940215196],[101.35386869988942,13.476644467472953],[101.35358446754364,13.476906903042709],[101.35349133201163,13.47700041181697],[101.3532563327333,13.477517640709246],[101.35318868599914,13.477618793913683],[101.35310861286968,13.477690713718152],[101.35276942698468,13.477821502039054],[101.35244659043786,13.478088813485432],[101.35227717985339,13.478232702583671],[101.35211614785555,13.478405899995977],[101.35201871837646,13.478532164563219],[101.351948831244,13.47882197668909],[101.35194961726987,13.479138217483889],[101.35196804081804,13.479250962285356],[101.35204611160275,13.479388055182037],[101.35210695090367,13.479472200937991],[101.35212554064017,13.479601892828212],[101.35208824258956,13.479740029438378],[101.3520032745401,13.479787161967989],[101.35192586222048,13.479775452653021],[101.35186126347011,13.479720690370195],[101.35174974750903,13.479705933169774],[101.35164753180614,13.479756594050533],[101.35155818716458,13.479824048402984],[101.35145635234736,13.480091547174172],[101.35142738796765,13.480200256519218],[101.35144556897069,13.480288206372931],[101.35148924326319,13.480388316240143],[101.35148561317111,13.480488868089918],[101.35139267437013,13.480602692855088],[101.35120512949501,13.480659778620103],[101.3508026483151,13.48062964759702],[101.35056741906806,13.480652205680666],[101.35039221614662,13.480734008963239],[101.35013787703855,13.480983763751857],[101.34977624944115,13.48117915554932],[101.34954548392277,13.481244566235597],[101.34936209375581,13.481258717088062],[101.34923316395296,13.48123053855474],[101.34918524062921,13.481167737199202],[101.34906762510738,13.480942967421338],[101.34894307189658,13.480894427807007],[101.34872552868086,13.480950683616113],[101.3485767955176,13.481086458203462],[101.34852327299465,13.481278965411169],[101.34853720406808,13.481404224737084],[101.3485466911758,13.48148881355297],[101.34854289309877,13.481572454523993],[101.34844982673701,13.481677211202015],[101.3483481886508,13.481783233624556],[101.34832404552925,13.481913326972364],[101.3483171078403,13.482089595776227],[101.34824560913023,13.482211101864277],[101.34799077594874,13.482414523287073],[101.34796569678265,13.482502878530788],[101.34798255187232,13.48275342553497],[101.34789928972359,13.482913494473909],[101.34779149997432,13.482982231190613],[101.34768286850364,13.482968590597524],[101.3476358803261,13.48288546289332],[101.34759619724841,13.482779651487173],[101.34749427349793,13.482682344996059],[101.34737055212712,13.482660925350347],[101.34720827865758,13.482707594318198],[101.34711578092937,13.482746876471694],[101.3469608233395,13.482717828923661],[101.34683728163174,13.482711064090601],[101.34675249324533,13.48277284909287],[101.3466378502488,13.482910598631554],[101.34620057731793,13.483338227245639],[101.34602402872021,13.483460714574971],[101.34585446093054,13.48353121222117],[101.34567647323172,13.483502379663022],[101.34544343497566,13.483451485463437],[101.34522765515284,13.483514494124934],[101.34504360921574,13.483698043697277],[101.34496767731972,13.483842203714529],[101.34494600995505,13.483985819421093],[101.34501665975722,13.484129756508739],[101.34509532253168,13.484265662069843],[101.3451205373434,13.484423533013139],[101.34509812168214,13.484552537352204],[101.34499416234924,13.484603175366798],[101.34483149541759,13.484551622744037],[101.34469158550704,13.484522433900041],[101.3444304659152,13.484729316109933],[101.34439281752165,13.484835813263224],[101.34440253998797,13.48500289541078],[101.34439621045846,13.485183674689587],[101.34432786393671,13.485275801765898],[101.34381893688722,13.485515457090136],[101.3435653119398,13.485661276624132],[101.34345066624826,13.48579902449768],[101.34332814861993,13.485959422470307],[101.34314398320691,13.486127167726682],[101.34282883623894,13.486297247850743],[101.34127961876794,13.486970189197056],[101.34100165845945,13.487048467321285],[101.34081557604161,13.487019707691578],[101.34072266419008,13.487020574245483],[101.34018788632167,13.48733274484518],[101.34002676808559,13.487440430600419],[101.33995031606501,13.48753152166114],[101.33987560587778,13.487797616761757],[101.33980775253113,13.488002693151754],[101.33968541097255,13.488177780807554],[101.33911720050421,13.48861450486441],[101.33846588599062,13.489286979330434],[101.33734127520496,13.490248433418182],[101.33727320985588,13.490369941471522],[101.33725933268136,13.490545128721468],[101.33729963379997,13.490710780403271],[101.33738644339574,13.490914415591403],[101.3374274532851,13.49115685617773],[101.33740265888495,13.491395432037853],[101.33715311678048,13.491965861465051],[101.33705532438202,13.492231062378735],[101.3369784564415,13.492337959754975],[101.33683988502069,13.49239232344009],[101.33660814033865,13.492417058104705],[101.33643005741843,13.492441330673373],[101.33640716475171,13.492459604761688],[101.33633040281235,13.492519054938548],[101.33622393448489,13.49272449065937],[101.33592675831417,13.493203874345671],[101.33573528690293,13.493395408297463],[101.33550405785385,13.493473209995237],[101.33523331640703,13.493520919831795],[101.33500105429535,13.493492586385042],[101.33462736951023,13.493283738485006],[101.33444077774759,13.493203016549387],[101.33418544869608,13.493174896203715],[101.33393852338405,13.493244958590864],[101.33363865855569,13.493444272941353],[101.33338909668828,13.49365555432203],[101.3332892866737,13.493717475382855],[101.33311186042192,13.493809468140014],[101.33274892308084,13.493873837629581],[101.3324860158416,13.493898895342065],[101.33192191426735,13.493986599062014],[101.33132787364134,13.494204449676511],[101.33122015126568,13.494281136504643],[101.33101162444049,13.494321454491367],[101.33086540925497,13.494360083092475],[101.3306722966217,13.494437563022325],[101.33044767557985,13.494424957325382],[101.33029308180765,13.4944343144196],[101.33013169677193,13.494511462389728],[101.32968265141928,13.49492000842767],[101.32925412448603,13.495424329954721],[101.32910844739135,13.495577017970099],[101.32886230091864,13.495723903158229],[101.32879314770979,13.495792311242658],[101.32877974394742,13.495958464172832],[101.32874976536975,13.49608072839993],[101.32860386908612,13.496210841913092],[101.32835998816461,13.496591462512196],[101.32826754703029,13.496637510315187],[101.32816710550006,13.496638442347209],[101.32782455272941,13.496422485098263],[101.32763007465692,13.49636329707225],[101.32740545002181,13.496350688856435],[101.32721330128084,13.496473347708147],[101.32709896281317,13.496640436563847],[101.32702237155374,13.496717943705836],[101.32670672512246,13.496901594066584],[101.3265613777095,13.497084774340104],[101.32647740229839,13.497177043574382],[101.32636193195346,13.497231224468619],[101.32614533556207,13.497270503359934],[101.32591803484573,13.497336972694688],[101.32544128814465,13.497690401965244],[101.32530997870462,13.497714233752214],[101.32517837461718,13.497715454036074],[101.32504619111639,13.49764887649231],[101.32496154735874,13.497672275025826],[101.32486932541335,13.497740895686686],[101.32479286261301,13.497831947004544],[101.32461551720962,13.49793300076306],[101.32445397317206,13.497994344203043],[101.3243143911466,13.498003558776517],[101.32396629127904,13.497992092314593],[101.32384980404123,13.49799994509844],[101.32375826391714,13.498084398758717],[101.32370520222992,13.49820572987103],[101.32366824733575,13.498381131493758],[101.32370974950189,13.498675534236462],[101.32369585256446,13.49884961216299],[101.323604114811,13.498972448797785],[101.3234035353811,13.49905676672172],[101.32309459667007,13.499098008936324],[101.32277040007392,13.499168778865368],[101.32256311382211,13.499337874877719],[101.32240089784473,13.499392450102112],[101.32232457697819,13.499498193003195],[101.32221307000029,13.499962337198122],[101.32214271484553,13.500446382158627],[101.32209641118422,13.500609471131243],[101.32190725203654,13.500979402792623],[101.32188819248115,13.501038314524246],[101.32180350560439,13.501115895358323],[101.32166595556806,13.50121432201446],[101.32152180111781,13.501286792001087],[101.3214698677146,13.501344897425687],[101.32142456567482,13.501435659990603],[101.32140655355505,13.50160300217806],[101.32134822863861,13.501719866228562],[101.32128987677267,13.501829994755466],[101.32119893851984,13.501914405132959],[101.32083846076601,13.502117673508126],[101.32076016450416,13.502195195467657],[101.32063531934092,13.502234731220568],[101.32052347190151,13.502249312331639],[101.32037829516845,13.502212276499963],[101.32002710599465,13.501944462718178],[101.31988207748361,13.501926596401235],[101.31979655337699,13.50197254097683],[101.31976471079511,13.502082423063746],[101.3197814670701,13.502442565033274],[101.31974956879267,13.502546749158299],[101.31963805372995,13.502591860309549],[101.31953328321833,13.502618811696138],[101.31932873862478,13.502594722720737],[101.31890205593282,13.502753374669895],[101.31876435677619,13.502773856137891],[101.31861972532047,13.502801176114367],[101.31852809895813,13.502873194027677],[101.3184440795296,13.503016276818371],[101.31838649572326,13.503209966513806],[101.31826594720204,13.503694476566375],[101.3182016934047,13.503855473953271],[101.31804466968966,13.503966476721695],[101.3179532014308,13.504000077757249],[101.3178409416647,13.503968360818538],[101.31754969347655,13.503809541095489],[101.31743046008887,13.503772225992115],[101.31728561573249,13.503773565038422],[101.31712863064502,13.503833753109017],[101.31664421053479,13.504166921136354],[101.31659260771158,13.504263403916308],[101.31658724566766,13.504366231607165],[101.31664077897038,13.504469661080325],[101.31672069130144,13.504559265971633],[101.31676087384241,13.504654899572545],[101.31670933569794,13.504758154225094],[101.31658487142036,13.504837249332336],[101.31653311947683,13.504914524087782],[101.31653405731801,13.505011631101032],[101.31654143068985,13.505121113483266],[101.3165422382753,13.505204713857909],[101.31645086074629,13.505243937281342],[101.3163450850199,13.505225743658135],[101.31621968290119,13.505207695030487],[101.31599681537075,13.505319305982008],[101.31585219289822,13.505339850993375],[101.31573342214294,13.505295758833995],[101.31563332556577,13.505148715323681],[101.31556683496341,13.505078194361957],[101.31548113478698,13.505047343181577],[101.31540246482597,13.505086486271095],[101.31524496590215,13.505152303562726],[101.31501430548664,13.505173642578006],[101.3149370090497,13.505296343189013],[101.31482544727456,13.505336900394095],[101.31471399419559,13.505388783069783],[101.31462923545358,13.505518287937077],[101.31466351067323,13.505660313984754],[101.31476953613129,13.505704487309815],[101.31482923816505,13.505729917626953],[101.31483651721379,13.505825856474285],[101.31478504374805,13.505935920215872],[101.31469976757641,13.506007841974347],[101.31457567250645,13.506066576896416],[101.31453049802744,13.506170919284276],[101.31454494922541,13.506292772988237],[101.31460463958108,13.50637579209379],[101.31494171352684,13.506501437430597],[101.31502174623213,13.506603476286298],[101.31506929585676,13.506745380275518],[101.31506450064975,13.506906938117787],[101.31498613431933,13.50697768564088],[101.31481498998636,13.507005247960421],[101.31469731337907,13.507070696992201],[101.314671701512,13.507168087004999],[101.31470540989471,13.507251344262711],[101.31481143625108,13.50729555485227],[101.31491063451296,13.507345454329919],[101.31493097596426,13.507423210426936],[101.31489891778671,13.50750707640232],[101.31482089551101,13.507617349000171],[101.31470271764381,13.507630875507781],[101.31448458872651,13.507575302048108],[101.31433952877445,13.507550660668526],[101.31418215830973,13.507630021257242],[101.31407132506827,13.507746259573864],[101.31404653066812,13.507869622695683],[101.31411397617967,13.508042912162859],[101.31415403834639,13.508126148152037],[101.31416183033315,13.50821641987031],[101.3141358366821,13.508274247592398],[101.31413028958522,13.508357906257523],[101.31417128869478,13.508538250334736],[101.31415265224591,13.508641164402599],[101.31410734661286,13.50873196175052],[101.31393794231658,13.508940231001022],[101.31384026310583,13.509043911794743],[101.31378272421527,13.509179975244294],[101.31377685911475,13.50928958061812],[101.31389845956322,13.509571958082706],[101.31393235299888,13.509674423619829],[101.31390094340497,13.50982945561457],[101.31378405911177,13.510036091413609],[101.31325433426682,13.510705138351508],[101.31321842501166,13.510750622672228],[101.31248181276689,13.51156951015823],[101.31227922560232,13.511686593803095],[101.31216771503117,13.511732813383009],[101.3120423739979,13.511721535373098],[101.31196354323843,13.511748243782025],[101.31191168619206,13.511818746175964],[101.31191262223656,13.511915890556889],[101.31195967060124,13.512005799231918],[101.31203288689018,13.512114674849265],[101.31204067977527,13.512204982616019],[101.31198228299358,13.512315073984338],[101.31185132748978,13.512380642968385],[101.31156851448215,13.512438620787389],[101.31122274664109,13.51273434343101],[101.31119387658447,13.512850934752828],[101.31122443367721,13.512909388486333],[101.3112953215329,13.513016028539948],[101.31137675561004,13.513200515344467],[101.31151928949953,13.513676969410808],[101.31153501630521,13.51381350537028],[101.31154325475465,13.513950071822071],[101.31141257952525,13.514162497596857],[101.31110354289781,13.514615991338809],[101.31093222878324,13.514924834719544],[101.31085703081082,13.515089263256465],[101.31083068412185,13.51528717932503],[101.31086793096847,13.515498056176199],[101.31087590710989,13.515607532870646],[101.31082797480298,13.515724300968445],[101.31069687556869,13.515833950499413],[101.31018218043675,13.51596860733545],[101.31000176459173,13.516051583767689],[101.30990508520591,13.516141708368476],[101.30986400884123,13.516251638080192],[101.30980380015764,13.516531179992599],[101.30975721801859,13.516729246841351],[101.30967441850223,13.516819243664688],[101.3088344838301,13.517222300411945],[101.30872336222944,13.517250452860418],[101.30863950809092,13.517230907207614],[101.30833070682213,13.517049625525232],[101.30829554047369,13.516995729504425],[101.3083016409328,13.516906440228338],[101.30821781284543,13.51689366714608],[101.30813441415276,13.516921527906812],[101.30806532562256,13.516997851945446],[101.30797503325842,13.517032585733475],[101.30777270660531,13.517000548231568],[101.30760547982527,13.517015635030644],[101.30752939341902,13.51708410339012],[101.30744094978772,13.517310831431265],[101.30738733294166,13.517556410507149],[101.30731870075564,13.51768017731839],[101.30722174738366,13.517742065067063],[101.30709652313136,13.517743218867802],[101.30701230337856,13.517689773693686],[101.30684185973148,13.517370571508648],[101.30677132581201,13.517296682716209],[101.3066669954749,13.517311189538136],[101.3065418826137,13.517386881961279],[101.30650127876285,13.517483261568151],[101.3064820260697,13.517640437996532],[101.30644798800529,13.517762738275675],[101.30633067252074,13.517866597779395],[101.30618460016734,13.5179221644732],[101.30604527146676,13.517896318830646],[101.30592577666937,13.51783642603487],[101.3058002254303,13.517803716100234],[101.30565373446197,13.517811838994964],[101.30528621122137,13.51800612457958],[101.30516821391554,13.518102068968636],[101.30510031565308,13.518239375377137],[101.3049964317787,13.518363429191339],[101.3045329783472,13.518722331637322],[101.30433123649732,13.518751318030503],[101.30410790363959,13.518753373202079],[101.303785455165,13.518592567546476],[101.30371542250545,13.51851189871949],[101.30371463019137,13.518429446326724],[101.30376206483163,13.51831945735298],[101.30383779999659,13.51821031992087],[101.30383629082691,13.518053333402316],[101.30377223825219,13.517937597965256],[101.3036810718273,13.517877443151098],[101.30350640160681,13.517838375529363],[101.30327091454329,13.517898130322816],[101.30272742032167,13.518036441291803],[101.30250599458729,13.51818189420279],[101.30227822315373,13.518442657787112],[101.30197483064127,13.518820440960702],[101.30178798196046,13.5189588029265],[101.30161455770327,13.519049630408498],[101.30155250747337,13.519138323205981],[101.30151212370976,13.519261792231468],[101.30154866537887,13.519459131869368],[101.30167629172624,13.519648822780598],[101.30174729187137,13.519771305447733],[101.30177710785397,13.51998898839925],[101.30175089231903,13.52014622955501],[101.30161243857754,13.520270636985293],[101.30134858900556,13.520382615582843],[101.30123086838081,13.520444691288393],[101.30111298246609,13.52054855399034],[101.30109341715921,13.520677493381934],[101.30109433883069,13.520773491720842],[101.30117934910098,13.520909391260201],[101.30122261735494,13.521086312526473],[101.30123189156194,13.521331313003444],[101.30112515912978,13.521816840444226],[101.30103591599787,13.521961114558547],[101.30081471753724,13.522126920854657],[101.30036275804984,13.522301620127402],[101.30009916629433,13.522440724219276],[101.29997497869786,13.522550269344121],[101.29988579934634,13.522701316321358],[101.29985272786915,13.522920760885794],[101.299868363945,13.523111483158669],[101.29995336523213,13.523246235451053],[101.30014347300077,13.523387942623859],[101.30028411593661,13.523550422860842],[101.30032704103411,13.523632489181914],[101.30034213093425,13.523762221705526],[101.30029405220193,13.523864331779533],[101.30018345701404,13.523947808544831],[101.30006514978945,13.523948895936579],[101.29994554809251,13.523874307837936],[101.29981287860316,13.523821305983246],[101.29968710907349,13.52382923477637],[101.29963235136702,13.523897541344503],[101.29962641529963,13.524000338731669],[101.29966230658849,13.524129916462012],[101.29965610102651,13.524204514088083],[101.29957998317923,13.524274127163732],[101.29946859747389,13.524275149921966],[101.29939132439313,13.524220492178603],[101.2992933918575,13.524180753947535],[101.29918176270871,13.524215643901639],[101.29914105195836,13.52430525185212],[101.2991629600715,13.524420264510214],[101.29926802163723,13.524481441303305],[101.29929711986593,13.524569259547459],[101.29927050278405,13.524740050292497],[101.29912970533802,13.525286884496452],[101.29906766319291,13.525376687685929],[101.29896365265606,13.52542509073508],[101.29873385731818,13.525475760251108],[101.29847697597786,13.525593334029208],[101.29827686187524,13.525792810000118],[101.29806284185207,13.526041009265635],[101.29796040246866,13.526253170102926],[101.29787115484518,13.526397444150595],[101.29773891834375,13.526452842909178],[101.29762714187129,13.526413231693269],[101.29690660497852,13.52542362167355],[101.29673116580017,13.525308906456591],[101.29643004422873,13.525203227406109],[101.29615083885527,13.525158342377564],[101.29551097336997,13.525299782898685],[101.29535119092868,13.525370125818149],[101.29532450557487,13.525478812789087],[101.29537045440165,13.525935846719207],[101.29533110549725,13.526167748212851],[101.29519257899224,13.52628534435769],[101.29462382863639,13.526624880388269],[101.29454101923857,13.526714872600374],[101.29452106046958,13.526803141567051],[101.2945041568709,13.527206530782637],[101.29447773202848,13.527342307870375],[101.294409024384,13.527459263237363],[101.2943121294025,13.527527956551353],[101.29422265720018,13.527645101353551],[101.29417490994619,13.527782220596256],[101.29413419650091,13.527871791395782],[101.29398876374799,13.527995112658525],[101.29389909750958,13.528091940390857],[101.29384415744512,13.528200886390341],[101.29382459842645,13.52833093783349],[101.29392710787847,13.528848448490585],[101.29396990272026,13.52891697021963],[101.29410303035046,13.529017381963325],[101.29426387460039,13.529057692330126],[101.29447266912354,13.529041121533419],[101.29459853297634,13.529046740914046],[101.29464781185787,13.529128711888756],[101.2946847892099,13.529312502355559],[101.29472710884292,13.529394574551688],[101.29479794100308,13.529495557288914],[101.29542449974409,13.530131357495002],[101.29552361446264,13.5302942209139],[101.29555402333335,13.530518710129375],[101.29552799913957,13.530751636877644],[101.29546618606486,13.530806425002718],[101.29538248374161,13.530807192705364],[101.29520055782859,13.530734322077228],[101.2951448389248,13.530761925318332],[101.29511077660585,13.530823232363012],[101.29511195609381,13.530946319777762],[101.29516155028399,13.531061079441663],[101.29521159183524,13.531163399491094],[101.29514974192962,13.531273557210337],[101.29503893743424,13.531335567194127],[101.29494100130535,13.531295790848208],[101.29487137378598,13.531316748475822],[101.2948367446301,13.531378060617939],[101.29483198715235,13.531604018708256],[101.29480514369504,13.531692350492618],[101.29475656909267,13.531747017874995],[101.29458983279281,13.531810652218912],[101.29450697488592,13.531899534154681],[101.2945011017006,13.532009141305457],[101.29454428730956,13.532118297743276],[101.29500968020378,13.532679888142917],[101.29505437138914,13.532946068242051],[101.29504908390538,13.533116663457095],[101.29494521620066,13.533239604706159],[101.29475123669317,13.533357710028124],[101.29467541169666,13.533454411560765],[101.29465555533561,13.533549452774322],[101.29466359256244,13.533665741330058],[101.29469977041389,13.533829183122686],[101.294632409344,13.534027439083124],[101.29454276915673,13.534131041711037],[101.29442466764634,13.534213474694379],[101.29371368254,13.534226769122728],[101.2936571192198,13.534166293528973],[101.29365645895805,13.534097384661145],[101.29377929099678,13.533782257778833],[101.29377159063816,13.533701015924555],[101.29370813274818,13.533647376075736],[101.29306634935975,13.533591155401595],[101.29294050976148,13.533592309125567],[101.292871152635,13.533641503525995],[101.292802238378,13.533736994450953],[101.29256009030664,13.534612341283253],[101.29248510792988,13.5347971214086],[101.29206823843407,13.535688724633033],[101.2919572515807,13.535791373698148],[101.29178361801607,13.535861880330456],[101.29163731838891,13.535836091656559],[101.29150472345971,13.535850889926019],[101.29139385069242,13.535906126659501],[101.29133871389691,13.535994717982915],[101.29130550497747,13.536145249881928],[101.29126383392808,13.536194190479691],[101.29118049003263,13.536228855966174],[101.29080450106879,13.536266165987287],[101.29065815383089,13.536294634961775],[101.29056109715266,13.536342935354796],[101.29047876476025,13.536487143899743],[101.29046635722953,13.53663748596805],[101.29046785921268,13.536794473337048],[101.29057638288553,13.537217033307364],[101.29074760357534,13.537617553367243],[101.29077746267706,13.537781053581],[101.29077150325344,13.537944882064156],[101.29050089655389,13.538800132425356],[101.29036312283709,13.538938075800425],[101.29022382557754,13.538979990581332],[101.29000770080167,13.538954877346463],[101.28966394428852,13.538740030042009],[101.28947473573351,13.538693204355315],[101.28928679020973,13.53871524428911],[101.28912020482682,13.538799230252154],[101.28895583289275,13.539114736512746],[101.28885897743714,13.539429625769698],[101.28842178355806,13.540852262767588],[101.28836717317527,13.540996180375977],[101.28822292979181,13.541181630639018],[101.28815404967077,13.541285041510108],[101.28812761764185,13.541476149935553],[101.28807291742756,13.541551190150795],[101.28798953490457,13.541585855730151],[101.28789855353261,13.541546012976667],[101.28782770879604,13.541443881666313],[101.2877367938994,13.541410848344299],[101.28763937250515,13.541425285576416],[101.28759103595632,13.541501379058879],[101.28752967203927,13.541603609905595],[101.28739465345545,13.542089394687283],[101.28739330688083,13.542676773071861],[101.28734508980797,13.542765300740683],[101.28726201361049,13.542828166221152],[101.28702589682796,13.542884547153736],[101.28690723207386,13.542912762068482],[101.28685976060268,13.543015976559504],[101.28682578631862,13.543146159641296],[101.28685661649916,13.543411321077146],[101.28690820135607,13.543738398142503],[101.28700817127076,13.543990490356075],[101.28708634356511,13.54413885657056],[101.28717808670844,13.54425434259851],[101.28722087166879,13.54432175599997],[101.28721493200813,13.544424552426939],[101.28713897136602,13.544507708456019],[101.28686115748295,13.544674062346841],[101.286694540659,13.544695905227107],[101.28651228686087,13.544649013466223],[101.28634438993767,13.54459632888984],[101.28615620725867,13.54459805022579],[101.28604513326871,13.544632931073902],[101.28596231578605,13.544722922590447],[101.28590743501042,13.54483863976732],[101.28586645746041,13.544901119561198],[101.28580361761132,13.544908467760985],[101.28567113137829,13.544875813945403],[101.28558056592628,13.544883414538413],[101.28553208834199,13.544944852437844],[101.28552764796954,13.545204674954721],[101.28557018858812,13.545305918221729],[101.28562689474043,13.545381087354674],[101.28571088901613,13.545414221431431],[101.28577405225872,13.54544073567612],[101.28578864628884,13.545515142351219],[101.28577659898252,13.545707266550856],[101.28572981562085,13.545946046311506],[101.28566155354075,13.54611040801365],[101.28548202343457,13.546289407403856],[101.28531543086513,13.546373354886425],[101.2846790544364,13.546890852507419],[101.28452763710705,13.547110231977999],[101.28433585218379,13.54745985309928],[101.28423418085994,13.547754466799944],[101.2840929046118,13.548314848300507],[101.28401797793059,13.548506436641539],[101.28387946040873,13.548630802176957],[101.28366401206424,13.548673447088897],[101.28321043650762,13.548630142823024],[101.28312623651775,13.548575580624542],[101.28302719456272,13.548420594813605],[101.28292078193078,13.548278112192216],[101.28278110109061,13.548217282983282],[101.28259298039541,13.548225775127079],[101.28245424188799,13.548323048752758],[101.28231636935648,13.54851517417705],[101.28210080333268,13.54927505907844],[101.282028869838,13.549780586880191],[101.28205811179713,13.549942983600513],[101.28212863403853,13.550011217175298],[101.28226867779803,13.550050613995156],[101.28240058551606,13.550022279410337],[101.28249063623339,13.549960462058914],[101.282595307032,13.549979862674634],[101.28266591102006,13.550060530444085],[101.28268067303513,13.550156402528485],[101.28259784028107,13.550245246171254],[101.2825223800006,13.550321623277455],[101.28253725969495,13.550429930315808],[101.2825932031776,13.55048475146168],[101.28269158487088,13.55051098131538],[101.28276136240889,13.550564528284267],[101.28281845663341,13.550680369248138],[101.28286465339521,13.551164498910808],[101.28280510766827,13.5514575788619],[101.28267389883955,13.551622552434395],[101.28249326290728,13.55168630809122],[101.2823051386188,13.55169479923781],[101.28219260127328,13.551572727732555],[101.28214851195914,13.551368680653903],[101.28220796875281,13.55100672369614],[101.28222031429976,13.55084960859781],[101.2821632865506,13.550740576904436],[101.28201502679947,13.550510351659215],[101.28191685261702,13.550442371487517],[101.28182609043397,13.550429653476575],[101.28165936491388,13.550500054466097],[101.28150679594435,13.550603117201394],[101.28148726836667,13.550733205305562],[101.28152956105026,13.550808469659989],[101.28165506467862,13.550834415652773],[101.28178844563368,13.550901001912605],[101.2818168297017,13.55096962121449],[101.28174834394109,13.551051560183849],[101.28134358193867,13.551041711020979],[101.28113341299311,13.550975861872404],[101.28102786364219,13.550860498752092],[101.28087120104989,13.550534379896948],[101.28074517011046,13.550453069532338],[101.2805569173629,13.55044801481538],[101.28045309726889,13.550517840288494],[101.28043293637896,13.550641160294116],[101.28049837325754,13.550905971909026],[101.28054207449945,13.551069347711609],[101.28050777322866,13.551165704947959],[101.28037651050101,13.551261761727741],[101.28023701022225,13.551283354237134],[101.28011124787911,13.551230318314722],[101.27976669456029,13.550933005159607],[101.27958520702512,13.550907531637268],[101.27936885317882,13.550923088747101],[101.27921600842652,13.550993361214225],[101.27896776618428,13.551294936030448],[101.27891358789117,13.551425339892846],[101.27881785083807,13.551617081175609],[101.27867936655385,13.551741480889319],[101.27848533674072,13.55185280280161],[101.27793583728142,13.552041908108361],[101.27773461555607,13.55212509378568],[101.27758891151196,13.55222239376163],[101.27749259235054,13.552353180495142],[101.27741759560074,13.552537959065249],[101.27733628279617,13.552790599115575],[101.27727595463662,13.55300237280893],[101.27716573943611,13.553187472248634],[101.27697941447315,13.55338118489238],[101.27677148951918,13.553491523575834],[101.27649984167219,13.553576460582207],[101.27629793543063,13.553591846350916],[101.27590056566468,13.55356833890802],[101.27553024327366,13.553536698434691],[101.27532191407779,13.553600739146615],[101.27507184735721,13.553711422680744],[101.27480200242901,13.553926252093181],[101.27460912874761,13.554159551525553],[101.27458310096058,13.554398105346543],[101.2745778009004,13.554568700895635],[101.27460757556049,13.554787574630197],[101.27489280593456,13.555398255124777],[101.27490401690929,13.555848840846577],[101.27456705794792,13.556350008312281],[101.27442588590439,13.55692397097849],[101.27434385893915,13.557102040036785],[101.27422676983008,13.557233015334354],[101.27403965524796,13.557344273544498],[101.27397053348014,13.557419443237247],[101.27396422910348,13.557488379405759],[101.27397875665824,13.557556051912785],[101.27413349865246,13.557684515397652],[101.27418936757493,13.557731455237683],[101.27426602980125,13.557717174440105],[101.274362879867,13.557641788267279],[101.27452980660971,13.557591672277367],[101.27464903281084,13.557625599340042],[101.274725606104,13.557665576504416],[101.27480359424369,13.557794739429564],[101.27484049973052,13.557971761643309],[101.27479293124127,13.558129196894008],[101.27471015777604,13.558224811598826],[101.2746623835726,13.558300934635755],[101.27469142700406,13.558442978975043],[101.27472718534226,13.558558979402179],[101.27470105335065,13.558722992677367],[101.27457719633422,13.558874350283059],[101.27441091368355,13.558992191370418],[101.27418928942149,13.559178341937162],[101.27398337849037,13.559500995122081],[101.27364472620469,13.559824856481837],[101.27334162654296,13.560243254545558],[101.27321741828526,13.560353938478679],[101.27308451164068,13.56034160261861],[101.27302088307079,13.560266494106337],[101.27295962066337,13.559652625567505],[101.27291651230949,13.559551347367131],[101.27286723342795,13.559469372030952],[101.27273417137482,13.559436680918125],[101.27240631324555,13.559439664904781],[101.27221172018871,13.559496767590462],[101.27214233970605,13.559544846698081],[101.27208102968791,13.559653848153847],[101.2720680445405,13.559804196533417],[101.27207045022884,13.560057184281204],[101.27210071626737,13.560268133241069],[101.27224937127723,13.560540109810209],[101.2722933267424,13.560730576620806],[101.27229422865095,13.560825466336453],[101.27216966106711,13.560902288030409],[101.27197394601447,13.560897258860606],[101.27185509261417,13.560843008616551],[101.27163669330398,13.560640544881224],[101.27146176167376,13.560581141397362],[101.27137122676449,13.560588738868327],[101.27133715546239,13.560650043464108],[101.27133826128851,13.560766396488669],[101.27135294425184,13.560854350667542],[101.27149387914014,13.560982941613034],[101.27168346678422,13.561131445677338],[101.27195088895608,13.56138879573972],[101.27203557044297,13.56148969590439],[101.27205776601701,13.561639722632444],[101.27201102128288,13.561824242479783],[101.27196306292481,13.56194104378868],[101.27193680067747,13.562091474554249],[101.27198678922808,13.56224802245584],[101.27205805078297,13.562397602466032],[101.2720802472553,13.562547630367112],[101.27200497382439,13.562704170108699],[101.27186662338919,13.562787890857386],[101.27171324234261,13.562802833284545],[101.27124526679198,13.562704310704291],[101.2710147716665,13.562686088288363],[101.27088255582635,13.562742623444922],[101.27077890910716,13.562831690303982],[101.27069662163051,13.562982630491474],[101.27063003131514,13.563324371520016],[101.27060396040898,13.563495157143484],[101.27059868550162,13.563672527033495],[101.27065645975081,13.563856133617584],[101.27071365638328,13.564046480752241],[101.270743316059,13.564189667371954],[101.2707404189922,13.564613252757146],[101.27064332099147,13.564722579358433],[101.27051160551291,13.56477233668171],[101.27039284194416,13.564731631543584],[101.27030832574727,13.564644275235469],[101.27024373059014,13.564467541803216],[101.27014149871754,13.564402960853709],[101.27001855349113,13.564404079497843],[101.26982490636027,13.564557179999332],[101.26968232935167,13.564618360441473],[101.2695584894032,13.564588989290257],[101.2694247652917,13.564550676847491],[101.26933299250398,13.564611358661148],[101.26929284409896,13.564702106713094],[101.26936938684938,13.565829778852123],[101.26933360695162,13.565954351887438],[101.26923748631789,13.566043312751649],[101.26907338477676,13.566088848496634],[101.26884958389674,13.566046839818299],[101.26844610379027,13.565991769893051],[101.26813344695225,13.566074815331953],[101.26797792252543,13.566171088763246],[101.26740195240966,13.566796413208618],[101.26732903615806,13.566958593958347],[101.26731498291373,13.567060392076019],[101.26739303393551,13.567439199207703],[101.26740222459917,13.567614179568521],[101.2673517042459,13.567768273500807],[101.26723334222407,13.567885676172152],[101.26708425692124,13.567931074464273],[101.26689311249673,13.567866153017661],[101.26652603661712,13.567628912986063],[101.26642119783359,13.567592593782896],[101.26572883210814,13.567510793251911],[101.26544515941279,13.567550639511905],[101.26528854982111,13.567532852344847],[101.26520783170125,13.567482768132365],[101.26508287155363,13.567331414266143],[101.26497385560401,13.56728158674605],[101.26486945519834,13.567291566222874],[101.26452465484283,13.567396327999743],[101.26433562145928,13.567426283006196],[101.26419360769431,13.567427571919302],[101.26341129365947,13.567355611959236],[101.26288854872429,13.567203348960579],[101.26265600813488,13.567153493469634],[101.26249997795657,13.567136845862073],[101.26191750583475,13.5671974580282],[101.26178041753249,13.567231456198421],[101.26172434379414,13.567282818025571],[101.26162766800158,13.567377444895484],[101.26148439479861,13.567489408303711],[101.26137134182009,13.567500611190967],[101.26074081791545,13.567365124245477],[101.26064695564637,13.567265449997517],[101.26064599355071,13.567163824870926],[101.2606851852499,13.566911568616915],[101.26068404169453,13.566790736212329],[101.26060021899707,13.566660474390895],[101.26015096972684,13.566098671711444],[101.26000602386081,13.566029921424839],[101.25986160800079,13.566021087602335],[101.25904837215725,13.566159471018544],[101.25801797128867,13.566289639676901],[101.25725592414496,13.56640838177333],[101.2555544027074,13.566442937190663],[101.2554409185376,13.566404434678267],[101.2554086061368,13.566283882329346],[101.25541096241781,13.565435588518424],[101.25534798692313,13.565305135583973],[101.25514056592402,13.565226804582156],[101.25329530505789,13.56532367566378],[101.25259776952795,13.565427090876886],[101.25247524830638,13.565473388218017],[101.25243549605841,13.565542662618329],[101.25244230618658,13.565651009000893],[101.25250778348932,13.56824942638182],[101.25249150960963,13.568421272073831],[101.25243386292122,13.568490708037366],[101.25232956402516,13.568571817495368],[101.25223041966221,13.568589663091863],[101.25202609785082,13.568591507381251],[101.250477302588,13.568478973391517],[101.25027841109254,13.568446901775387],[101.25015045506343,13.568470632169454],[101.24927083641535,13.568672837735241],[101.24909567032483,13.568709430098094],[101.24890309937568,13.56873378046817],[101.24853000927527,13.56877667064591],[101.24835479018415,13.568807600889853],[101.24827364536455,13.568836571574261],[101.24824533944994,13.568956560259366],[101.24823837301491,13.569442293495355],[101.24818093832889,13.569534305025115],[101.24806411062957,13.569574886213093],[101.24752242022502,13.569676921603159],[101.24695656873261,13.569728320450555],[101.24684563577817,13.569780136694913],[101.2463795673509,13.569881489124409],[101.24634956721366,13.569881759828288],[101.24611225028193,13.569879380253823],[101.24602486576434,13.569856442901042],[101.24596130546641,13.56978809801211],[101.24588978699339,13.569734556249498],[101.24580056631937,13.569701456127452],[101.24569013731981,13.569682130474302],[101.24477757295864,13.569697115256311],[101.24396287555609,13.569682975769734],[101.24352340804103,13.569672234055705],[101.24338416647703,13.569658829835003],[101.24330710000881,13.569626766237395],[101.24326359459963,13.569542437505502],[101.24322825667296,13.56940947451587],[101.24319278220239,13.569318299502017],[101.24315829318368,13.569275675760498],[101.24308989006808,13.569243535265997],[101.24295301017494,13.569235733733557],[101.2422692727678,13.569275745619754],[101.24186756952895,13.569346013531344],[101.24171433221284,13.569381293310464],[101.24168007226454,13.569423387849577],[101.24166397535295,13.569490154025983],[101.24173474283442,13.56977417771388],[101.2417788644879,13.569924014081257],[101.24177941515518,13.569982710524963],[101.24174591877485,13.570041749263309],[101.2416780187158,13.570067231212718],[101.24146398162461,13.57007818510561],[101.24108816962887,13.57008156104221],[101.24087408223204,13.57009136750032],[101.2406183291757,13.570152402432223],[101.24010593732419,13.57024061335926],[101.23937112889649,13.570313831652239],[101.23855941120577,13.570371932452197],[101.23799516679941,13.570409750577047],[101.23732788203667,13.570356996614027],[101.23725921930792,13.57035761224583],[101.23716525463091,13.570375443736285],[101.23713159745215,13.570417495310519],[101.23711623985407,13.570627751323483],[101.23711044572046,13.570869529178699],[101.23707681998275,13.570979386445268],[101.23700091683283,13.571071561547164],[101.23688989584348,13.571114343894788],[101.23671932912724,13.571149738677931],[101.23653146355353,13.57118417901151],[101.2362925889431,13.571262009431564],[101.23581578564817,13.571450381489333],[101.23544080908563,13.57160397518917],[101.23533860865409,13.571663628279437],[101.23527118290546,13.571739923401308],[101.235238540823,13.571890447507009],[101.23524820220389,13.572057508753893],[101.23523250594093,13.572167205669565],[101.23519006323872,13.572200342123404],[101.2350961353926,13.572218134180071],[101.23457460677628,13.572256709974075],[101.23431844678312,13.572274808530082],[101.23423318228961,13.572292522863762],[101.23419070275648,13.572317739109799],[101.23417401026184,13.572385658007743],[101.23414948176304,13.57247737149873],[101.2340732147954,13.572595532422884],[101.23378442260125,13.572765302799111],[101.23342667752249,13.572969555916536],[101.23335050308135,13.573036860749573],[101.233308646979,13.57312872942318],[101.23331052715288,13.57332976264488],[101.23330319510353,13.573472177847046],[101.23326110633752,13.573539176908819],[101.23316756925855,13.573598752668939],[101.23306481726142,13.573599672174485],[101.23297935693519,13.573600437119284],[101.23289416430688,13.573626034825503],[101.23281787937297,13.573677572533574],[101.23266520440221,13.573838166300435],[101.23254635639182,13.573905889161189],[101.23224762164409,13.574000056695038],[101.23139473775716,13.574225690473318],[101.23083958070819,13.574314229091122],[101.23009628499773,13.574404486176197],[101.22959230766546,13.574467693447177],[101.22922703560292,13.574425802390117],[101.22830357198242,13.574330123477992],[101.22805978358737,13.574311981417594],[101.22793221473219,13.574313120972347],[101.22763617313366,13.574388050396836],[101.22603956324323,13.574910594453986],[101.22579674143542,13.574996335894122],[101.22571236896896,13.57504905389713],[101.22546992625018,13.575175467205634],[101.22537516117424,13.575290385399525],[101.22538806996486,13.575498096031994],[101.22538864937823,13.575560234193498],[101.22537825766705,13.575622471012286],[101.22531511598403,13.575663673763039],[101.22520892074439,13.575664621203549],[101.22500704774049,13.575625782251965],[101.22492279564833,13.575626534091937],[101.22485889758386,13.575647424066139],[101.22480626439301,13.575699821453853],[101.22475642136949,13.575990554486852],[101.22471467755655,13.576094858352114],[101.22465167960398,13.576147385750115],[101.22414404163692,13.576317951703432],[101.22407015610311,13.576318610107272],[101.22396366531777,13.576287913990575],[101.22390968645068,13.576195789814792],[101.22388755825027,13.576050269345998],[101.22382298644935,13.5759988788535],[101.22377043680184,13.575999347770399],[101.22352656216852,13.576033167417066],[101.22293428313874,13.576162698452846],[101.22277502711025,13.576174296497191],[101.22267952002586,13.57614464909339],[101.22258291160695,13.576061897958413],[101.22238972351519,13.57577333059016],[101.22234667894175,13.575742105233552],[101.22227279250961,13.575742763638981],[101.22217735190056,13.575785401936995],[101.22174526674047,13.576069361332014],[101.22142144743677,13.57626200919988],[101.22116215322157,13.576375023260058],[101.22095809820982,13.576410743840723],[101.22065214729541,13.57641346826936],[101.2199830290712,13.576352765022797],[101.21958611564943,13.576322394619568],[101.21928016563335,13.576325116429553],[101.21886199268208,13.576429400063828],[101.21844391315557,13.57654378673641],[101.21822942690676,13.576633821177174],[101.21793496095324,13.57669177373004],[101.21758426495455,13.576728797096985],[101.2170073336414,13.576833304096272],[101.21650920703661,13.57690439146317],[101.21636282745936,13.576994892935591],[101.21626953741709,13.577456603418396],[101.21603670397694,13.578121679744211],[101.21574797376653,13.578487968394493],[101.21520817880723,13.578986365421782],[101.2144156275714,13.579435076146041],[101.21401094551908,13.579562921789547],[101.21392652544191,13.579611085026654],[101.21135981050313,13.580499106765682],[101.20896899018851,13.581237533560707],[101.20707030830903,13.581883528725548],[101.20431628654866,13.582874781040045],[101.20179630376754,13.583636901373339],[101.19475594547615,13.583810801008443],[101.19280492325666,13.583858469159113],[101.19154893475901,13.583889834030357],[101.18897167000553,13.585719760140217],[101.18781227016386,13.587100096596032],[101.18669929705268,13.588250724470621],[101.18571577386896,13.589481530497631],[101.18442683606497,13.590839266847677],[101.18305653964237,13.592082487070622],[101.18174374438111,13.592854205195401],[101.17997420340859,13.593499959149151],[101.17843882628117,13.594053341765335],[101.17602425091721,13.595009701181731],[101.17438303787627,13.595735654457062],[101.17221499795548,13.596564464924992],[101.16969434503116,13.597417798911174],[101.16791272081979,13.598074906891554],[101.1660607351654,13.59874394352569],[101.16339932432092,13.59922904559302],[101.16037419190609,13.599277923420209],[101.15883875009999,13.599647051972653],[101.15711509417383,13.59963711576758],[101.15233146557291,13.600228609995661]]]]},"properties":{"OBJECTID":1,"PROV_CODE":"20","PROV_NAMT":"ชลบุรี","PROV_NAME":"CHON BURI","Area_km2_":4469.3999999999996,"Religion_T":"ภาคตะวันออก","Shape_Length":644171.35982921778,"Shape_Area":4740540012.2428551}},{"type":"Feature","id":2,"geometry":{"type":"MultiPolygon","coordinates":[[[[101.44258706834067,12.512759977958179],[101.44264775762294,12.512796696160125],[101.44269492815849,12.512861774948574],[101.44274804554126,12.512950524225584],[101.44276469761166,12.513006813030245],[101.44281072818514,12.513195033372934],[101.44285698154083,12.513406938950153],[101.44289700777492,12.513509388155382],[101.44293725140133,12.513630971168746],[101.44299705943631,12.513758074681965],[101.44304492886117,12.513957530271053],[101.44306567904593,12.514084987920894],[101.44306700675594,12.514226168386722],[101.4430801410237,12.514401105211777],[101.4430766627469,12.514643958139258],[101.44306285384437,12.514885794428746],[101.44309108160554,12.515015406337138],[101.44314743022835,12.515139135464263],[101.4432203195305,12.515311272383549],[101.4433321597834,12.515531648620069],[101.44336330078102,12.515602499803684],[101.44338337812763,12.515718675321958],[101.44337337987852,12.515817027292604],[101.44332502626172,12.515930420096337],[101.44327637350592,12.51601217362763],[101.44320562578741,12.516071550442666],[101.44308967664043,12.51614714148362],[101.4427088628252,12.516357299474878],[101.4425281954519,12.516460569226041],[101.44241880490478,12.516504494681811],[101.44233661803943,12.516505240979503],[101.44226520556761,12.516490086136912],[101.44219353797423,12.516447804989529],[101.44210471345728,12.516351497467207],[101.44204347530435,12.516260565713155],[101.44201513884703,12.516179475247377],[101.44201458638311,12.516120783368288],[101.44201376891623,12.516033817178538],[101.44201832517133,12.515909534236743],[101.44201168662138,12.515812443381257],[101.44198913890777,12.515738109814645],[101.44199950007626,12.515678170786149],[101.442004804628,12.515629529729871],[101.44202043172069,12.515580829907528],[101.44203064376883,12.515505052783286],[101.44202993230313,12.515429411567009],[101.44201325867313,12.515370827384633],[101.4419961538518,12.515322389727357],[101.44199524026516,12.515225283742534],[101.44202169565028,12.515106463936643],[101.44208125575027,12.515018950175476],[101.44215778682259,12.514969660913552],[101.44227203006882,12.514892975944836],[101.44236969131327,12.514763332404021],[101.44240736665627,12.514676016722136],[101.44241441843126,12.514568661320707],[101.4423886313927,12.514458199637925],[101.44236616452746,12.514388381214154],[101.4423625524017,12.514312728270001],[101.44231151102555,12.51414039336578],[101.44224945001585,12.513957980158834],[101.44217615916675,12.513742915293154],[101.4420996379759,12.513492905395513],[101.4420959575782,12.51340596550666],[101.44211717937846,12.513279273122079],[101.44218415596943,12.513127294797137],[101.44224620080948,12.513003636617855],[101.44239528790897,12.512843029544063],[101.44247160158899,12.512766651762961],[101.44251573042901,12.512752706053982],[101.44258706834067,12.512759977958179]]],[[[101.56911795794161,12.554360033692973],[101.56946099759917,12.554523905663165],[101.56998005135685,12.555273307538995],[101.56998296728827,12.555566926517709],[101.56998587154156,12.555859397388648],[101.57013921845216,12.556078152763385],[101.57043114486835,12.556359933619499],[101.57045270263853,12.556679352048352],[101.57025245917858,12.556946644418181],[101.56984208090901,12.557183237040292],[101.56962080339665,12.557707111787158],[101.5693702929083,12.558295658211652],[101.56907570747886,12.558675688075498],[101.56852372058457,12.558889878077045],[101.56805373460431,12.558852600015875],[101.5675405046246,12.558690395011334],[101.5670702545397,12.558569520685959],[101.56684930042081,12.558314144277626],[101.56680866243398,12.557984768030549],[101.56702486626165,12.557761362719727],[101.56729495642989,12.557634545710682],[101.56786072348068,12.556550610742429],[101.56811108664532,12.556003847471178],[101.56827596972077,12.555415012586023],[101.56827098227433,12.554912474456334],[101.56839569628353,12.55461878107652],[101.56869205229236,12.554364113614399],[101.56911795794161,12.554360033692973]]],[[[101.70056038366357,12.566861167755913],[101.70077481062357,12.567085981181535],[101.70114249735758,12.567233579658298],[101.70141540643921,12.567496212305819],[101.7014393339651,12.567969126279207],[101.70150189353983,12.568404388317324],[101.70169721333373,12.568667765914949],[101.70183643603309,12.569063846685797],[101.70193756746946,12.569498719330792],[101.70176930133864,12.570010834991411],[101.70159970300627,12.57039197244892],[101.70166111004245,12.570713166461838],[101.70170339643782,12.571071852055733],[101.70149546609396,12.571472582183919],[101.7011704583191,12.571722001845545],[101.70084263971575,12.57170614093914],[101.70060884777314,12.571499580819848],[101.70048897298837,12.571084099792071],[101.70021508025152,12.570727749082922],[101.69982708620221,12.570504684515534],[101.69917066027465,12.570397256814548],[101.69853246475745,12.570213974224671],[101.69833873857488,12.570102992800338],[101.69827792532506,12.569838257658569],[101.69831131839913,12.569345560703534],[101.69828521425528,12.568663748472453],[101.69822104220466,12.568077195051981],[101.69806287942583,12.567681302147413],[101.69809840420204,12.567396392150945],[101.69815308734836,12.567073989278326],[101.69822715613846,12.566789801087218],[101.69845680415266,12.566654239872289],[101.69893979683988,12.566726193154208],[101.69936374595844,12.566702681029204],[101.6995935933986,12.566586321581195],[101.69965005700581,12.566434448354247],[101.69966663271941,12.566207304710812],[101.6997410868868,12.565960374184776],[101.69995198885762,12.565844207296212],[101.70020435616364,12.566012172728357],[101.70034314767167,12.566370997279757],[101.70056038366357,12.566861167755913]]],[[[101.51032542167182,12.579483411444718],[101.51038783661775,12.579633003543309],[101.51044963172616,12.579722760864824],[101.51048083380924,12.579797039134402],[101.51060516962771,12.579991237429434],[101.51068350721205,12.580185904638119],[101.51068495619461,12.580334959757518],[101.51057921550252,12.580456818953904],[101.51045706348852,12.58048731136153],[101.51031908854905,12.58042876390166],[101.51022740828778,12.580400239786201],[101.5101040929555,12.580311059601854],[101.51000963600166,12.579996822322581],[101.51002167252817,12.579696316322702],[101.5101870254225,12.579439521283041],[101.51024840191599,12.57942425353707],[101.51032542167182,12.579483411444718]]],[[[101.45954322746921,12.574439780440528],[101.45890713311145,12.574594694827033],[101.45828265217372,12.575063488962346],[101.45794361990068,12.575446094519101],[101.45679161678704,12.576845885228135],[101.45650623639433,12.577066487609523],[101.4561669903222,12.577181406180042],[101.45507321780197,12.577451206676136],[101.4545464609907,12.577678535895778],[101.45415152116762,12.577923864723367],[101.45366351408445,12.578299912274463],[101.45325181169818,12.57871256549751],[101.45250799765978,12.580000127667445],[101.45181454048125,12.581925418934771],[101.45160849031127,12.582811648232502],[101.45129029625787,12.583148905221343],[101.45078106917106,12.58328343545446],[101.45028899631293,12.583232612696444],[101.44977698983864,12.583014798382623],[101.44806201163814,12.581563323060202],[101.44768479018575,12.581433501796543],[101.44660363719856,12.58115763577703],[101.4462788036969,12.580977629374676],[101.44600799218145,12.58079265081629],[101.44576655377917,12.580554257171505],[101.44554904020784,12.580291959640928],[101.44544565040687,12.580116701103682],[101.4454080262678,12.579911493559122],[101.44540012019499,12.579741026201905],[101.44544688469205,12.579582493939361],[101.44553474890998,12.579387428228037],[101.44566336969235,12.579127592302576],[101.44655016947286,12.577641068550028],[101.44665884046942,12.577156656151402],[101.44665339667878,12.576581836524861],[101.44652185816837,12.576167383391825],[101.44637836308151,12.573519030940426],[101.44637342324577,12.572997277767406],[101.44638820412544,12.572799474150278],[101.4464599651436,12.572666694603539],[101.44662114446517,12.572566961504364],[101.44687717599923,12.572465215291055],[101.44717798316032,12.572297589004981],[101.44751785984975,12.572006474795188],[101.44814261477364,12.571381818067566],[101.44849403032291,12.570670428645476],[101.44862480706196,12.570272823872642],[101.44869856054343,12.569805681624482],[101.44870495026005,12.569326720332546],[101.44860047349755,12.568921087371505],[101.44838458947015,12.568583091856011],[101.44806372652204,12.56833528419307],[101.44714967634739,12.568034197267307],[101.44679432438056,12.567844289714595],[101.44664158113785,12.567620925411898],[101.44660813506319,12.567426967650603],[101.44666939926728,12.567156497278651],[101.44674502393947,12.5670100999649],[101.4468673241755,12.566871158824904],[101.44696787080862,12.566742632175584],[101.44702306958787,12.566623548543777],[101.44708545488943,12.566471610455968],[101.447147290422,12.566325338133945],[101.44722247132644,12.56612813174023],[101.4473626336636,12.565993617072049],[101.44758570062002,12.565813118681586],[101.44767821811112,12.565747877032353],[101.44774346634347,12.565655793943153],[101.44771437799625,12.565500212184395],[101.44763555262671,12.565312293970864],[101.44750142247666,12.565049233843741],[101.44717828409593,12.564496522879638],[101.44708242217703,12.564268123695525],[101.44706635490984,12.564150802168935],[101.44707992216557,12.564003861278568],[101.44713832972705,12.563857620870881],[101.44737422193076,12.563635222850428],[101.44765538024164,12.563398829061432],[101.4477923275084,12.563286920540484],[101.44787469044353,12.56312014227788],[101.44792345009884,12.562929948762628],[101.44790578383046,12.562822782691615],[101.44788791903441,12.562698741523336],[101.44801998575424,12.562560858991768],[101.44822823410169,12.562514915959914],[101.44845125344739,12.562512879132708],[101.44849571556236,12.562469541092208],[101.44851007692884,12.562410676505465],[101.44847784088486,12.562161377575684],[101.44838653252611,12.561928423037827],[101.44834004650679,12.561753755220565],[101.44821300226774,12.560905583314542],[101.44818146151979,12.560729705674568],[101.44815086579955,12.560657668293693],[101.44806038209424,12.560511678505801],[101.44795479411574,12.560409867019953],[101.44774251682419,12.560213026105494],[101.44751294696346,12.560008423451901],[101.4471824253294,12.559709887084042],[101.44692049455887,12.559182559113898],[101.44683828523563,12.558939342193485],[101.44682008087638,12.558779145165364],[101.44681800846305,12.55856006766335],[101.44688326028864,12.558344853257644],[101.44700710203369,12.558070407456086],[101.44709678983168,12.557885502720282],[101.44716284834441,12.557759511741784],[101.44721340642691,12.557635956523063],[101.44724120928497,12.557476450499008],[101.44725325748954,12.557109242464218],[101.44723594246246,12.556859807747946],[101.44711395304348,12.556481424517576],[101.4469564972388,12.556121462068681],[101.44674891903455,12.555751742606441],[101.44660411600061,12.55539503306472],[101.44657774146387,12.555036131819104],[101.44661759522147,12.554509417698176],[101.44658577958903,12.554304156387433],[101.44626602785692,12.553561662060819],[101.44620402344106,12.553327290651982],[101.44621635281835,12.553049347039051],[101.44640369557253,12.552374470396435],[101.44640189175543,12.552183627962357],[101.44628858096044,12.551814193954351],[101.44599704531139,12.551254380144684],[101.44589084378357,12.551087066217958],[101.44585330857772,12.550886371435354],[101.44583151724555,12.550649375810274],[101.44587332573721,12.550389223228624],[101.44603210745527,12.549733852210082],[101.44619097271664,12.549087474298751],[101.44623561898622,12.548760679103196],[101.44620377640435,12.548556527691856],[101.44594842040337,12.548117219562194],[101.44579551187066,12.547874683146912],[101.44571543694457,12.547613384335756],[101.44567495346797,12.547403649044071],[101.44564884573086,12.547255959393995],[101.44562313145585,12.547090169484166],[101.44554241692927,12.546761074372945],[101.44547578349474,12.546399135029475],[101.44537185111132,12.545621916784324],[101.44539825798739,12.545314459135348],[101.44554386142025,12.544903138640246],[101.44581216124614,12.544463609443305],[101.44586718754888,12.544138940930141],[101.44588440735455,12.543895963207897],[101.4458630921295,12.543705261802781],[101.44583718651333,12.543519154197748],[101.44579687012337,12.543390764950464],[101.44574754363111,12.543281666002024],[101.44569720473754,12.543125128949304],[101.4456888504054,12.542910586476181],[101.44577383911613,12.542471580881566],[101.44577120615403,12.542192662735294],[101.44571092380858,12.541960531923939],[101.44558826963632,12.541813685340607],[101.44547531277752,12.541724372517574],[101.44537721135859,12.541620233374308],[101.44529794940784,12.541444752057529],[101.44524033416047,12.541187763609726],[101.44519260846604,12.540880981127726],[101.44520434944681,12.540544307943261],[101.44525831753413,12.539804029282385],[101.44524982126818,12.53945059035485],[101.4452023165593,12.538743989896005],[101.44516375098584,12.537822725038453],[101.44517424600333,12.537353902493511],[101.44518393972355,12.537099668678099],[101.44521593501904,12.53683734874989],[101.4452955607875,12.536564454049483],[101.4454051570488,12.53635786746991],[101.44537597258183,12.535823935081938],[101.4452387558205,12.535171222593801],[101.44509481516928,12.534843851152742],[101.44492545578878,12.534377811745188],[101.44482043374887,12.534030913231346],[101.44477979576207,12.53386411075107],[101.44474446142868,12.533716466828976],[101.44470808954114,12.533454769569099],[101.44468704920055,12.533296818230376],[101.44462204261502,12.533106550941509],[101.44449089756671,12.532793753756382],[101.44444455078626,12.532632665302852],[101.44444082457443,12.532237397481437],[101.4443940717555,12.532033381172248],[101.44425778385215,12.531786174955364],[101.44413799800058,12.531699144771048],[101.44343630596586,12.531655823465874],[101.44320145221459,12.531558588584913],[101.44300768201455,12.531371711920295],[101.44285887069785,12.531194641668],[101.44273895998046,12.531034220425239],[101.44271561366456,12.530815298207218],[101.44279720764182,12.530567219165915],[101.44289973595845,12.53034604199377],[101.44297897095976,12.530215417931215],[101.44301685650855,12.530146198323157],[101.443044025156,12.530043174326865],[101.44306367849779,12.529930042033422],[101.4430761794533,12.529733406692854],[101.44308602678545,12.529191198218648],[101.44300367463008,12.52874690507551],[101.4429717449116,12.528592494504005],[101.4428879895878,12.528487075005106],[101.44280003733495,12.528427992186765],[101.44261106324021,12.528258058964244],[101.44236461223865,12.527968883807741],[101.44219826131601,12.527881201655019],[101.44200566521404,12.527818554866078],[101.4419007437855,12.527785606958204],[101.44182069401221,12.52770953877115],[101.44180482167945,12.527608054563386],[101.44180330173,12.52744655772862],[101.44184633911695,12.527256417661304],[101.44195908936321,12.526960610036634],[101.44218873647905,12.526565441381553],[101.44237164694562,12.526395496408409],[101.44250466947291,12.526116455630865],[101.44264911767227,12.525830499927876],[101.44281147558345,12.525430354687511],[101.44293998856801,12.52534447202029],[101.44312221631499,12.52510225178891],[101.44331669348914,12.524876833445871],[101.443437542946,12.524645349126375],[101.44344738398993,12.524410321766736],[101.44342079295923,12.524210636606609],[101.44331973338805,12.5239156620896],[101.44310844514168,12.523639750186577],[101.44283776208532,12.523397094267869],[101.4427017571513,12.523179231928614],[101.44263853551824,12.522813854289392],[101.44269542133361,12.522506119499923],[101.44294571083636,12.522167277304806],[101.44316805464896,12.5220331316659],[101.44355429788179,12.521970887729006],[101.4440612504343,12.521966279372466],[101.44461311425941,12.522034651414709],[101.44492671343015,12.522134612805599],[101.44515222649908,12.522336966364936],[101.44540361104821,12.522966066315375],[101.44562973766647,12.523541138992138],[101.4457239269223,12.523838431691606],[101.44585480157774,12.524063148513349],[101.44608650673391,12.524250789027306],[101.44650979109916,12.524337313977981],[101.44707032815833,12.524350273381584],[101.44755499350865,12.524422655032478],[101.44761546270368,12.524495531256315],[101.4476160169642,12.524554223861141],[101.44757188632755,12.524628052402452],[101.44641555962249,12.525194280104644],[101.44598581367542,12.525461329792236],[101.44567759720985,12.525932863522547],[101.44552030220359,12.526445954191516],[101.44553849578304,12.526973214151772],[101.44570714369786,12.527484448924438],[101.44573921804508,12.527717946751784],[101.44565371190477,12.528158104331267],[101.44573382186516,12.528727732009253],[101.4459459114088,12.529091753439566],[101.44603789260567,12.529398133418896],[101.44601438099974,12.530072626545305],[101.44607719569599,12.530393927879182],[101.44624401014933,12.530714319449386],[101.44657384816544,12.530945106433501],[101.44682800671214,12.531016181381798],[101.44781262045065,12.531196961109853],[101.44823101169254,12.531310617242573],[101.44857604561005,12.531570648788357],[101.44865244283336,12.531746154368252],[101.44877598903271,12.532227300715451],[101.44879394545693,12.53254900975803],[101.44878180203094,12.532842792323777],[101.44884351090104,12.533046633487302],[101.44907052685143,12.533410515528812],[101.44923849474158,12.533848324678804],[101.44928579553287,12.534169802825682],[101.44928966906835,12.534579760212489],[101.44923405077586,12.534960873861079],[101.44889909236262,12.53576810987532],[101.44872395142494,12.536150313505381],[101.44872658708196,12.536429268008421],[101.44880569003094,12.536954859860884],[101.44879654068977,12.537569377348527],[101.44872544981484,12.537891897863197],[101.44852123220802,12.538362487241965],[101.44850862525132,12.538611084036731],[101.44861612304811,12.538976055208735],[101.44882864378307,12.539384073164795],[101.44897917627189,12.539558901727611],[101.44939826460643,12.539744827171221],[101.44981639264196,12.539829132783318],[101.45011329392817,12.539738303135273],[101.45035085250676,12.539634470099454],[101.45046956936315,12.539604038614105],[101.45061885319369,12.539646716701849],[101.45073951400434,12.539761972933221],[101.45075581932504,12.539908641801496],[101.45066865669135,12.540172574701691],[101.4504640240629,12.54059912720632],[101.45036330495323,12.540951304477899],[101.45039681301164,12.541331604601414],[101.45038351435217,12.541506818546722],[101.44997258092377,12.542183699286092],[101.44985580532671,12.542419702187106],[101.44979841196323,12.542668708075068],[101.44916055421258,12.544518901382057],[101.44898499376167,12.54485706793997],[101.44876277571321,12.545005949753731],[101.44862926540073,12.54505006238003],[101.44830160579916,12.545111785144835],[101.44812355611658,12.545186837165813],[101.44800580674578,12.545320035136212],[101.44793317885339,12.545539831541584],[101.44790673694298,12.545847252093104],[101.44795266421019,12.546023036435781],[101.44828502379733,12.546458234771597],[101.44845162534993,12.546750349465615],[101.44851444094449,12.547130420055828],[101.44866899249587,12.5476700154395],[101.44889670823385,12.548166012322749],[101.44924453591186,12.548718536531219],[101.44968151239868,12.549212621605479],[101.44989168493748,12.549371064744543],[101.45041359623609,12.549425033334133],[101.4508469354443,12.549538542881487],[101.45102682038501,12.549653257174509],[101.45119342822582,12.549945369119738],[101.4512408763408,12.550281499517142],[101.4512580072133,12.550515131884966],[101.45133427418089,12.550675982050409],[101.45148508245249,12.550879007660757],[101.45160667751104,12.551155762858681],[101.45156422133408,12.551347009404637],[101.45097549693787,12.552127183742739],[101.45056164667977,12.552496914551227],[101.45044573975358,12.552820992930318],[101.45046689148526,12.553479273332988],[101.45055851155941,12.553741573676575],[101.45069576515169,12.554032843600982],[101.45098192438374,12.554381485503443],[101.45137182375977,12.554641096548714],[101.4517004221008,12.554740868168121],[101.45196914413489,12.554767759833549],[101.45232681734844,12.554779182367712],[101.4525939987718,12.554703311548796],[101.4527128342058,12.554628835753386],[101.45286036542321,12.554481779818019],[101.45327263913805,12.554009284719841],[101.45343565281939,12.553862124086617],[101.4536578672746,12.553771971924709],[101.45385142996382,12.553755507522672],[101.45397127600248,12.553783797848864],[101.45409120378785,12.553884365093147],[101.45416705573382,12.55400110206792],[101.45418297747392,12.554162464757969],[101.45417066516464,12.55438170997366],[101.4538067845925,12.55529310381152],[101.45372072598828,12.555673386254828],[101.45365168237386,12.556274865317782],[101.45369886728245,12.556522916087628],[101.4538497204698,12.556725975664953],[101.45412035501715,12.556958397419685],[101.45441962875404,12.557116057166594],[101.45488289353932,12.557229284490214],[101.45498833419413,12.557375134972267],[101.45517183665048,12.557870380123454],[101.4552669170351,12.55844104512655],[101.4552550161542,12.558763024797921],[101.45531561829991,12.558908176460534],[101.45545125761961,12.559024364896135],[101.45592998330923,12.55925380513942],[101.45616995027108,12.559398423418765],[101.4562607052676,12.559572645658129],[101.45626279564728,12.559792869175901],[101.45615129765251,12.560584484894772],[101.45616944901116,12.56092091879877],[101.45620126284693,12.561125029710709],[101.45630753264673,12.561357843809519],[101.45657807376929,12.56157564492012],[101.4575939749308,12.561888203715894],[101.45785052658944,12.562207720496046],[101.45791100297099,12.562339326137405],[101.45792786345058,12.562543611285193],[101.45788428976941,12.562676133896241],[101.45783994623201,12.5630289429459],[101.45785971815143,12.563234312155409],[101.45796694106375,12.563507789713338],[101.45815176584019,12.563720674511602],[101.45863508371755,12.56406749618931],[101.45912760034344,12.56447411356794],[101.45989087817912,12.564879317777182],[101.46093263824442,12.565246988188148],[101.46396843725491,12.566016490953707],[101.46477108285961,12.566388601585404],[101.46549316395634,12.56669594373882],[101.46621172725042,12.566989733801682],[101.46712336724515,12.567278375878734],[101.4676944172881,12.567361236284034],[101.46811275732604,12.567340432629159],[101.46826086795681,12.567317602704994],[101.46839571226747,12.567235051793515],[101.468468864776,12.567127088758616],[101.46848465176883,12.566973318469534],[101.46856248090673,12.566877747932534],[101.46864828169446,12.566831769723617],[101.46872887315187,12.566784728831674],[101.46878229506348,12.566717583031107],[101.46881494523079,12.566645003715267],[101.46888086450467,12.566505464403479],[101.46900071323829,12.566351919955803],[101.46922243362008,12.566336293699287],[101.46938467385198,12.56640822515031],[101.46951574883172,12.566526741595366],[101.46984064701211,12.566899831744092],[101.47011120610094,12.567299403997529],[101.4701756665108,12.567425306129358],[101.47021748668054,12.567590942646479],[101.47021267530386,12.567809007651048],[101.47019488866125,12.568053097354774],[101.47004950172241,12.56854236503799],[101.46949260194178,12.570063165802775],[101.46929548731394,12.570489661737346],[101.46900718919316,12.571246784465718],[101.46878612368322,12.571753662281015],[101.46864948633524,12.572074567885801],[101.46847674120443,12.5724691958496],[101.46826115002783,12.572768218036524],[101.4679828294949,12.572941320342155],[101.46762326083615,12.572915285431762],[101.467151958824,12.572863151598598],[101.4665930710717,12.57285586385585],[101.46613537045127,12.572969626092739],[101.4657193956775,12.573594653340987],[101.46532949540315,12.57436625639588],[101.46511154884388,12.574904746018472],[101.46495303212882,12.575223558354462],[101.46483016954741,12.575357959471804],[101.46455779406507,12.575372902179705],[101.46430794204184,12.575217061521277],[101.46385524324091,12.574587630709186],[101.46367989838568,12.574406270354805],[101.46344339622587,12.574322622252863],[101.46313342894385,12.574374029825512],[101.46282546490487,12.574572270614143],[101.46252978083582,12.574794084010184],[101.46217132159644,12.574944195255869],[101.46203529959443,12.575030159571874],[101.46184972472471,12.575044300934518],[101.46173730056691,12.57500917680083],[101.46162485035798,12.57491195041027],[101.46138727740633,12.574719873558148],[101.46096080761509,12.574426756924231],[101.46026106672116,12.574358650428801],[101.45954322746921,12.574439780440528]]],[[[101.50973841934602,12.585099726977262],[101.50949498398889,12.585192347546043],[101.50934400324076,12.585389164938189],[101.50922491178692,12.585734751856087],[101.50911872912371,12.585811392048598],[101.50901205777697,12.58584177685913],[101.50889033695429,12.585858719653078],[101.50872176449798,12.585784619360178],[101.50853648158075,12.585592101756216],[101.50845828503186,12.58541212564236],[101.5084565405036,12.585232579000674],[101.50839440942529,12.585112329997653],[101.50830026508518,12.584888463440578],[101.50829676524886,12.584528224284494],[101.50835595973449,12.584288227054369],[101.50850609067633,12.584062069745517],[101.50877854431215,12.583818964049495],[101.50894567676906,12.583682984851261],[101.50918955050408,12.583635510430533],[101.50926613278037,12.583649484739224],[101.50947982491847,12.583632789039235],[101.50960096273452,12.583556008794941],[101.50969194141156,12.583450126981161],[101.50970539997115,12.58329978574238],[101.50971655165709,12.582850182692502],[101.50974222191464,12.582355255720227],[101.50996561136624,12.581797524058963],[101.51020802354229,12.581599848210759],[101.51039097712798,12.581552945918537],[101.51052862957225,12.581582149382449],[101.51066762679447,12.581745753247201],[101.51069998680595,12.581880971582114],[101.51071610707372,12.582000541746844],[101.51070261078489,12.582150846923401],[101.51071873105268,12.582270416085684],[101.51082740564247,12.582450105954784],[101.51088996431886,12.582614426440005],[101.5109067924591,12.582748643957105],[101.51087763224665,12.58288447811155],[101.5108785000192,12.582973659155371],[101.510956981334,12.583182979662398],[101.51105061183777,12.583407997110157],[101.51119029806779,12.583646127713884],[101.51128448193377,12.58386999360116],[101.51131685991155,12.584065054152861],[101.51128974336638,12.584410925162189],[101.51126016184409,12.584561418301782],[101.51126146889284,12.584695781215254],[101.51126263310942,12.584815491222676],[101.51125475937594,12.584951087565596],[101.51120372069479,12.585026100777307],[101.51108364109412,12.585207937586144],[101.5108851646203,12.58525498650134],[101.51073265763451,12.585240578298032],[101.5105027185662,12.585182894626231],[101.51031877863029,12.585124777835931],[101.51007402544461,12.585081887236473],[101.50973841934602,12.585099726977262]]],[[[101.51080105715687,12.59421860922126],[101.51078919759848,12.594358796256914],[101.51085525970451,12.594472234228391],[101.51081830031876,12.594689410222061],[101.51071567498408,12.594779600626362],[101.51044594324361,12.594947003576419],[101.5101498845771,12.595127124669663],[101.50968645090853,12.595360739051042],[101.5093531283274,12.595668812754223],[101.50909527950154,12.595760459005191],[101.50887534766547,12.595787355143216],[101.50878487384163,12.595763371387436],[101.50865355721508,12.595561319311861],[101.50858720495324,12.595421866728659],[101.50853399414571,12.595269893081651],[101.50852034783824,12.595168396959542],[101.50846725740494,12.595028857369519],[101.50840044879894,12.594838597188263],[101.50830733572481,12.594546959728792],[101.50830523815861,12.594331259977821],[101.5083155472248,12.594089500981703],[101.50837901679289,12.593936433298119],[101.50845551732247,12.593821619544102],[101.5085449203545,12.593731555047999],[101.50863575350445,12.593730702893307],[101.50871382159424,12.593780819579951],[101.50877982171646,12.593946217288636],[101.50882041209256,12.594098309198019],[101.50888578698736,12.594199320928164],[101.50902277108506,12.594217242444868],[101.50918492507869,12.594215720492393],[101.50953455747209,12.594224873247766],[101.50977186452241,12.594210212181697],[101.50988335443229,12.59414817682979],[101.51013813820643,12.593919925881712],[101.51026537737989,12.593703012247124],[101.51044175080617,12.593219106215919],[101.51075922710565,12.59258025638173],[101.51089936608663,12.592388090176341],[101.51101570869571,12.592348583127134],[101.51111979019947,12.592412000604433],[101.5111336799504,12.592538362967129],[101.51105731147315,12.592666682952199],[101.51102066559942,12.592857914380927],[101.51102201756396,12.592996792363262],[101.51101065118065,12.593187785082304],[101.51097784111322,12.593773114244138],[101.51094120871426,12.594027554147393],[101.51086482855888,12.59415476436064],[101.51080105715687,12.59421860922126]]],[[[101.51244789544813,12.599439011617994],[101.51250887937782,12.599502795548359],[101.51258006996576,12.599550679949902],[101.51263031902781,12.599630402812192],[101.5126582242938,12.599721624209666],[101.51270317599064,12.59979122134586],[101.51279164567305,12.599903337508456],[101.51281938564904,12.599977609935204],[101.512803925643,12.60004214943039],[101.51274398825059,12.600085641561146],[101.51270662013141,12.600144687749495],[101.5126470402685,12.600228848182082],[101.51254328125994,12.600256913342522],[101.51245519066653,12.60018772311242],[101.5124202057778,12.599957640894146],[101.51235904937157,12.599818177552033],[101.51229038754117,12.599557954661014],[101.51229486025294,12.599429162085837],[101.51234897296904,12.599375547661099],[101.51244789544813,12.599439011617994]]],[[[101.69387554891722,12.60084751098127],[101.69387731859834,12.601016893013615],[101.69382753216867,12.601202595150404],[101.69372656692063,12.601440765340842],[101.69362450123634,12.601577298827113],[101.69364352396082,12.601746469975172],[101.69368064773822,12.602000196242615],[101.69357897282111,12.602170583057704],[101.69337349936956,12.602257354434549],[101.69313118241493,12.602175096172918],[101.69297350203142,12.601939570714636],[101.69283095197224,12.601500597595241],[101.69263883826558,12.601214575815682],[101.69234427080247,12.601082038907785],[101.69210126034842,12.600933144001679],[101.691944007563,12.600680665944942],[101.69176660017584,12.600208148009289],[101.69139776719155,12.599569341012476],[101.69115464265147,12.599351583528017],[101.69058350906519,12.599103270792547],[101.69018281283775,12.59871769873814],[101.68985505262488,12.598653244824657],[101.6895789787785,12.598639075832418],[101.68933666721377,12.598556813779552],[101.68924831970219,12.598354444791498],[101.68931589367283,12.598219406093321],[101.6894696807579,12.598082354449541],[101.68948481467548,12.597878905883814],[101.68932820059223,12.597744976823],[101.68908684483493,12.597696599385076],[101.68891262377213,12.597528951880477],[101.68889360643755,12.597359779702391],[101.68903031654905,12.597239809035038],[101.68927029608733,12.597152732624693],[101.68954636903537,12.597166864878064],[101.68983969323017,12.597180861243649],[101.68994221795353,12.597145971586061],[101.69000854146927,12.596891203387708],[101.68998851083505,12.596621504863379],[101.6901933114485,12.596416186028486],[101.69041642511729,12.596312330301064],[101.69058774552008,12.596259763750179],[101.69081191920091,12.596257507140487],[101.69110736341976,12.59647473860718],[101.69124548747953,12.596490294647266],[101.69132973508013,12.596353941680512],[101.69129332007346,12.596117155447633],[101.6913944667812,12.595946774252583],[101.69161860183448,12.595944517640158],[101.69172296451093,12.596028130640773],[101.69191298604129,12.596060111578385],[101.69215349289063,12.5960237953863],[101.69239580265872,12.596106054745173],[101.69257033903021,12.596307554074516],[101.69272748491612,12.596492318931279],[101.69284938270692,12.596660453677963],[101.69288599803792,12.59686223223628],[101.69285361556855,12.597065816619235],[101.69266734180955,12.597338703197881],[101.69254876958195,12.597543191945899],[101.69250001711316,12.59783160329105],[101.69260685734315,12.598152379854168],[101.69279895577847,12.59843729165906],[101.69306152884442,12.59880726703247],[101.69329256655236,12.599465553190264],[101.69333254517575,12.599989112866613],[101.69323370264672,12.600430518730199],[101.6931318148289,12.600583997205844],[101.6931851289427,12.60073591334864],[101.69334050784242,12.600751294671136],[101.69354651309666,12.600715323678289],[101.69371896807164,12.600713585224822],[101.69387554891722,12.60084751098127]]],[[[101.51449833781335,12.600580738590171],[101.51453419316962,12.600718180773486],[101.51453519568945,12.600820942375073],[101.51455452473944,12.60097549016362],[101.51467831528053,12.601112105428733],[101.51476701852495,12.601247940378775],[101.51484002370979,12.60153976220742],[101.51486042534822,12.601865942335516],[101.51493241813169,12.602053894279072],[101.51505704680093,12.602276321259009],[101.51526992147215,12.602583776487531],[101.51553625937748,12.603010448062701],[101.51567747184518,12.603163848723032],[101.51578467050298,12.603368380163992],[101.51582310761738,12.603712486707536],[101.51582611697357,12.604020770416827],[101.51579473343079,12.60439939568284],[101.5156574834318,12.604710146377183],[101.5155182760038,12.604762306175974],[101.51539582844407,12.604763458990002],[101.5153079229036,12.604713437376931],[101.51523696947089,12.60462828515554],[101.51520127850634,12.604507790137708],[101.51518265822715,12.604422107465163],[101.51519776339865,12.604147516297715],[101.51517696111162,12.603838289446356],[101.51510479046168,12.603632281194026],[101.51496391935378,12.603513886206567],[101.51473399106523,12.603223541184624],[101.5145571487184,12.603071623009708],[101.51448521342705,12.602831712389088],[101.51439549598472,12.602592005808431],[101.51427070292372,12.60235262950928],[101.5140939081876,12.602147604567056],[101.51388258221199,12.601994862557348],[101.51377567820161,12.601824226649804],[101.51377416993022,12.601669511051387],[101.51377233107884,12.601480899565699],[101.51382315416437,12.60132569194457],[101.51389179802847,12.601170352727928],[101.51394309093287,12.601067062630007],[101.51402962384758,12.600980427611862],[101.51406419371465,12.600928143431741],[101.51423864205125,12.600892640609686],[101.51432517496592,12.600805968712105],[101.51434232380471,12.60073693555567],[101.51437639780175,12.60063384428917],[101.51442822340714,12.600581397852748],[101.51449833781335,12.600580738590171]]],[[[101.69098649689491,12.611711706194829],[101.69107123407734,12.611953665973461],[101.69099325761572,12.61235870929414],[101.69058672323727,12.612902570077676],[101.69015264920715,12.613392535938178],[101.68993752425617,12.613880257556067],[101.68991530263101,12.614338985400604],[101.69010985526366,12.61457980307617],[101.69030211719233,12.614604951866511],[101.69068808374404,12.614735456761391],[101.69090909266014,12.614868734370628],[101.69093979887319,12.615164301420966],[101.69085982455839,12.615381908710358],[101.6905597171849,12.615600623871993],[101.69042433119012,12.615736345943793],[101.69042743486942,12.616033338263076],[101.69040404453607,12.616437832498979],[101.69032381330307,12.616681418331611],[101.69021572171988,12.616843989050107],[101.69002511897955,12.616981415494076],[101.68991871353411,12.617305451026809],[101.68978413961636,12.61757670744705],[101.68929229223538,12.617824440361446],[101.68893647224627,12.617936444313194],[101.68860705913328,12.617939762318217],[101.68838553099096,12.617753426247047],[101.6884637455061,12.617374319296127],[101.68886916866857,12.616723162279454],[101.68892154224625,12.616506980644946],[101.68891985610846,12.616345516013144],[101.68875262214191,12.616130363218346],[101.68866841406718,12.615942642513572],[101.68869292639633,12.615645409893167],[101.68882751289053,12.615375299809502],[101.68896208770661,12.615104043686378],[101.68898684707247,12.614888103511069],[101.68887393063788,12.614592253866691],[101.68875993173339,12.614189143547151],[101.68878497317024,12.613946076063254],[101.6889192641187,12.613647738318974],[101.68888915259036,12.613405263803063],[101.68877736982968,12.613217821623584],[101.68839167726412,12.613113286300033],[101.68698970804122,12.612965917597707],[101.68668650058169,12.612887672511603],[101.68654601125779,12.612592062507771],[101.68651563203152,12.612269404345628],[101.68643061637135,12.61205460491777],[101.68615470422171,12.611894752249412],[101.68590528608473,12.611681569033276],[101.68579069159721,12.611224252205668],[101.68589713836512,12.610900217742874],[101.68633430529476,12.610706105096515],[101.68652463584559,12.610542708187863],[101.68660430473321,12.610244919642019],[101.68670929892529,12.609785394603971],[101.68720170146513,12.609591835154314],[101.68750405732177,12.609643001593666],[101.68772364689974,12.609640792440816],[101.68802458790979,12.609502257479891],[101.68802150129846,12.609206411256121],[101.68790745837651,12.608802190508305],[101.68776560720666,12.60837223499558],[101.68778615077888,12.607697868449904],[101.68802966339113,12.607345331200181],[101.68846685906688,12.60715125267933],[101.6887157184517,12.607311339745408],[101.68879960313294,12.607471977251015],[101.68888860371973,12.608065054969003],[101.68908366569714,12.608358968615995],[101.68947245026391,12.608760459295542],[101.68952987956001,12.609028634576971],[101.68933984635156,12.609220263193635],[101.68903832862306,12.609303447564775],[101.68893080477515,12.609520258578156],[101.68896119747615,12.609789815537104],[101.68904706294258,12.610140148163696],[101.68924329632317,12.610488258015883],[101.68963151944284,12.610835545102937],[101.69002254889951,12.611451555871716],[101.69013377919627,12.611585939758351],[101.69049099337072,12.611608316903155],[101.69079251289581,12.611579302706991],[101.69098649689491,12.611711706194829]]],[[[101.17172545744815,12.646947039339178],[101.17161583423739,12.647316204788307],[101.1713934562888,12.647612848384565],[101.1712841465901,12.64801928673374],[101.17106332362526,12.648500035367309],[101.17106581555184,12.648794847427451],[101.17118012707009,12.649051472114376],[101.17099451716608,12.649274414815364],[101.17061796136527,12.649093329105927],[101.169555661321,12.647738537499583],[101.16925077940176,12.647188630949012],[101.16917291702619,12.646819845725361],[101.16935884223888,12.646634213512876],[101.16954632153698,12.646632687489532],[101.16980950006747,12.646667819331766],[101.17003560961774,12.646812819536773],[101.17044856245889,12.646809455450907],[101.17067219086235,12.646660791385985],[101.17100886146454,12.646547333597654],[101.17134703315156,12.646544576937659],[101.17157252376259,12.646616178212934],[101.17172545744815,12.646947039339178]]],[[[101.65211948026405,13.160832621160601],[101.65168533436872,13.161020049271023],[101.65135699923407,13.161348659547841],[101.65118356060383,13.161614690313939],[101.65092782910706,13.161942586899031],[101.6505162857226,13.162251705522666],[101.6501240668965,13.162479365065137],[101.64841893153655,13.164063231677575],[101.64807004025326,13.164412365522089],[101.64769849256017,13.164578828530633],[101.64724217085372,13.164583537080842],[101.64655545014152,13.164427993055652],[101.64595050127301,13.164109013083234],[101.64509455862252,13.163649194679154],[101.64394554510216,13.162888634227961],[101.64231373203236,13.161645189980662],[101.64093495910673,13.160785366987279],[101.63955922967328,13.160208912048981],[101.63846608687203,13.15987461541085],[101.63751011681468,13.159701497798329],[101.63684370521442,13.159505086122662],[101.63621735937413,13.159125315849355],[101.63558974960424,13.158623594713774],[101.63493773170978,13.157837566601852],[101.63395009424202,13.155671607192483],[101.63315595029319,13.154194806707151],[101.63212494575677,13.152823151850418],[101.62875557802677,13.148659097588755],[101.62865954183466,13.14840597741879],[101.62855442367508,13.148274949807801],[101.62835562560439,13.148165159697372],[101.62817902670101,13.148136475242811],[101.62808504854924,13.148076454906768],[101.62779168662523,13.147794899824467],[101.62760459719594,13.147756146752984],[101.62732493637665,13.147789498136026],[101.62705488753086,13.147750482633453],[101.62680449741677,13.14761076472702],[101.62666694738047,13.147408909301909],[101.62653980432673,13.14715614299827],[101.6265413072082,13.146970924455724],[101.62650655138987,13.146788334460023],[101.62643976614005,13.146633157919009],[101.6262624449912,13.14658978936882],[101.62600164340294,13.146610550323491],[101.62585325788768,13.146685481495577],[101.62569489927616,13.146696130086452],[101.62557239602084,13.146605907910676],[101.62537476306508,13.146388829745193],[101.62515025790591,13.146353861592203],[101.62501969766083,13.146319080635504],[101.62504108205619,13.146164149608921],[101.62510924172835,13.145962448703173],[101.62516355566706,13.1458150641303],[101.62509650631256,13.145688160573656],[101.62488221499817,13.14569035013513],[101.62477632967732,13.14580999131344],[101.62461781745385,13.14580258109916],[101.62444006421532,13.145721953999079],[101.62400253975621,13.145808866353539],[101.62382287849601,13.145545310671583],[101.62370812500666,13.145264181324539],[101.62339018787142,13.145166926292166],[101.62304122741784,13.14480459700534],[101.62282373181283,13.144505311645148],[101.62249623750127,13.144371998776066],[101.62173049918003,13.144261253408761],[101.62153316805821,13.144125501519211],[101.6215307453019,13.143897398915536],[101.62139000265306,13.143771245804459],[101.621266972985,13.143634736082438],[101.62103432819103,13.143647285707335],[101.62068828726213,13.143559304477792],[101.62039998464979,13.143589368124552],[101.62033341769062,13.143507602204973],[101.62047079525037,13.143260053464729],[101.62029123460148,13.143005521945557],[101.62003760965408,13.14283419010671],[101.61981021641127,13.142793621072405],[101.61958841248614,13.142795882392079],[101.61945866341978,13.142730561299548],[101.61943851151298,13.142621234968724],[101.61936320394611,13.142530529287352],[101.61925145262641,13.142531668258869],[101.6189626550424,13.142571874300307],[101.6187376917424,13.142436402282584],[101.61859430984327,13.142118260612387],[101.61840708117514,13.142065995547361],[101.61832265750472,13.1419844110761],[101.61815454049426,13.141939795130966],[101.6178755300552,13.142034110405602],[101.61762466203737,13.142119110905908],[101.6173177077048,13.142131266079137],[101.61680394682075,13.142035995573476],[101.61649652087264,13.142057221425803],[101.61618783818146,13.141959824281413],[101.61528192494667,13.141832427099578],[101.61514040884838,13.14163286149275],[101.6150544508555,13.141459817606442],[101.61472624328159,13.141262151741909],[101.61458402829403,13.14105356482276],[101.61450683426501,13.140781039161183],[101.61438394293754,13.14065355213855],[101.61417776341014,13.140555146675366],[101.61357289539001,13.140616655999317],[101.61337741210269,13.14065476022744],[101.61311579035262,13.14059417994318],[101.61284407153875,13.140450147853894],[101.61260883061361,13.140270739006088],[101.6123358577516,13.140008120404913],[101.61121708871023,13.139964168944914],[101.61091549552327,13.139665686867826],[101.61047565700397,13.139533535724127],[101.60985130901686,13.139548904153903],[101.60934034009675,13.139663624972851],[101.60904106456321,13.139584217946574],[101.60895531497944,13.139430373539692],[101.6089729569933,13.139302605005478],[101.60896191310519,13.139183007893459],[101.60886809126031,13.13908345760435],[101.60861530084776,13.138986667264936],[101.60835586559709,13.138696819148009],[101.60789914414033,13.138710482645507],[101.60760995219589,13.138713416723803],[101.60745986167821,13.13857713601046],[101.60733670085611,13.138423708252324],[101.60736287417024,13.138231427844806],[101.60736122935496,13.138075620409166],[101.6072856010895,13.138004118457244],[101.6071082377198,13.137959625135737],[101.60696210428095,13.137815421788682],[101.6068154417344,13.137563949060702],[101.60651101346438,13.137436041335887],[101.60637111972351,13.137446488248386],[101.60624105984004,13.137512193911416],[101.60574074493921,13.137763417373536],[101.60553576376438,13.137774561490122],[101.60531080226107,13.137695506398481],[101.605105618067,13.137687446835058],[101.60481776820556,13.137763742800308],[101.60360313994026,13.138131769569133],[101.60184331245087,13.138104442508988],[101.60126545317806,13.138156583320937],[101.60083002628514,13.138389084510621],[101.60015679198028,13.139072370409069],[101.59986864477649,13.139174642199549],[101.59958044726703,13.139214820797445],[101.59915131756424,13.139170610255135],[101.59855885976974,13.138933815417749],[101.59662895963751,13.138511744685799],[101.59506336318394,13.138543393214315],[101.59313908470878,13.138821399353999],[101.59179998587767,13.139463908887008],[101.59107821649636,13.139587528176985],[101.59071538515646,13.139766216692285],[101.59052172814415,13.139813314828281],[101.59034283045192,13.139784662639531],[101.59007624730654,13.139636000652441],[101.58986996716786,13.139469819015815],[101.58954703809458,13.139442581333926],[101.58924919806886,13.139499793059466],[101.58891525385357,13.139631896107517],[101.58853819050462,13.139825416753187],[101.58825057690011,13.139813621881625],[101.58794876632085,13.139877644679141],[101.58765549961822,13.140039829101307],[101.58726736183847,13.140059537357081],[101.58683227720367,13.139995050090775],[101.586501585788,13.139886550097954],[101.58620038606314,13.139734901618782],[101.58562571041968,13.13971019125246],[101.58540078754389,13.13974294536864],[101.58500500959266,13.139746926565472],[101.58460343391457,13.139911306810657],[101.5843693203751,13.139838023434599],[101.58391166736543,13.139871969005366],[101.58359888206834,13.140045631616479],[101.58211293563774,13.139485768314771],[101.58096136551208,13.138895413490827],[101.58004718508171,13.138247310739338],[101.57967935551559,13.137839953011165],[101.57944816868734,13.137218887698703],[101.57919123793967,13.136558597953325],[101.57906862419159,13.135519731342152],[101.57917180288851,13.134697706710046],[101.57943922685699,13.134154086168044],[101.58034149472837,13.132836171492496],[101.5830200876493,13.129930677156109],[101.58399291638959,13.128088096781754],[101.58514856127339,13.125496032967085],[101.58682878994374,13.122000925121267],[101.5873130357808,13.120874666359455],[101.58753251486597,13.119937388567388],[101.58763325553515,13.118664782451306],[101.58743358430202,13.117807392381142],[101.58688750562733,13.116653115679172],[101.58500990990252,13.114054257634558],[101.58229158090332,13.111314753428587],[101.58149921921202,13.110350393394523],[101.58067496642983,13.108151977706608],[101.58024118525049,13.106772930783764],[101.57977276413547,13.105768052168928],[101.57868496990341,13.103871521410834],[101.57705450430655,13.10119556923647],[101.57612113226847,13.099521097041675],[101.57525547972807,13.096987683558012],[101.57465514460685,13.094263036916569],[101.57435720127486,13.091311745185431],[101.57419099587932,13.090004533735168],[101.5738719376466,13.088624317704186],[101.57341674871573,13.087057990279966],[101.57283122950849,13.085754957958494],[101.57209250622279,13.084453449986009],[101.57116796372566,13.083564880161457],[101.57003481445319,13.082828550791525],[101.56915414657287,13.082500793643645],[101.56800814240867,13.082363142161588],[101.56674756711324,13.082225478352708],[101.56571387481745,13.081861966077753],[101.56471471376122,13.081161540930076],[101.56354125798029,13.080200843734165],[101.5573092639687,13.076228758450714],[101.55673779171755,13.075940778076689],[101.55608504978096,13.075539549992325],[101.55586220560676,13.075267358645835],[101.55506657764109,13.074747829324245],[101.55419748994302,13.074253853253943],[101.55372399244834,13.074194182400937],[101.55324217475751,13.074110874365289],[101.55310239510268,13.073960902154575],[101.55288155327321,13.073882931724482],[101.55266875136557,13.073804843140675],[101.55244860932373,13.07379118216425],[101.55202074444884,13.073411438742916],[101.55147779640293,13.072930067481304],[101.55123716289114,13.07288389282923],[101.55050997756695,13.072804111613394],[101.5499826790716,13.072721245000693],[101.54963601381354,13.072899704688746],[101.54936892850992,13.072917032980529],[101.54922451803976,13.07254011107668],[101.54882135683522,13.072319353653596],[101.54861096241252,13.072023310502425],[101.54841718592427,13.071945031447029],[101.54824623922065,13.071902681398399],[101.54796522643683,13.071964182507994],[101.54749857051134,13.072011675137679],[101.5472996403883,13.072159329686922],[101.54716113095127,13.072357197197274],[101.54691746652375,13.072468027434766],[101.546672468098,13.07244897966706],[101.54640363197787,13.072240437665879],[101.54622082212258,13.071770193724674],[101.54636853929128,13.071402822870077],[101.54636913756926,13.071067432439914],[101.54605406426312,13.070675241735728],[101.54556903419683,13.070277989159646],[101.54513350309931,13.070047367969295],[101.54443508093222,13.069959402423859],[101.54393038494771,13.070059219562474],[101.54321208036845,13.070396090184834],[101.54271039194349,13.070730789369666],[101.54218279341084,13.070901991158967],[101.54166845131681,13.071188262336353],[101.54122104718618,13.071427578597495],[101.54059427464615,13.071698003978222],[101.54008512571279,13.071761740860245],[101.5395436787517,13.071590879182299],[101.53903039756803,13.071302282617356],[101.53824663185569,13.070868429842346],[101.5377931820632,13.07052051333301],[101.53692023340608,13.070206098241483],[101.53643834295168,13.070004188053328],[101.53559472878015,13.069630752256117],[101.53487417931099,13.069579095701851],[101.53418506458856,13.069615202700724],[101.53331721387066,13.069799901953639],[101.53259905931003,13.069983130994361],[101.53172967067637,13.070020999397508],[101.53086152800603,13.070177457199076],[101.53029580317605,13.070564720457941],[101.52973248313612,13.071187984073681],[101.52881339970094,13.072284526352844],[101.52789038883135,13.072940693014035],[101.52672569521772,13.073392540678499],[101.52558857000183,13.073667926206475],[101.52487037501702,13.073793518495753],[101.52421213898414,13.073976140800468],[101.52355596099163,13.074305546455832],[101.52251397724578,13.075102892334726],[101.52065027127189,13.070595782696289],[101.52082895875834,13.06811060313928],[101.52089892943413,13.066948951372675],[101.521084695645,13.065105137516737],[101.52099761835126,13.064585378537624],[101.52062366407149,13.063947554663532],[101.52000600943161,13.063473603015554],[101.51926364976565,13.062799845043228],[101.51868525150367,13.062165119561465],[101.51814894739759,13.061649736762421],[101.51749175610537,13.061255207772714],[101.51663038852891,13.060942860062008],[101.51613537997643,13.060467702040683],[101.51576432995,13.060111053337032],[101.5149782618556,13.059730205521747],[101.51474938190096,13.059422982984895],[101.51456559737363,13.059136783923508],[101.51454022445844,13.058849043508504],[101.5146061904447,13.058649639024887],[101.51516347021267,13.057371445715212],[101.51516167537874,13.057194127295492],[101.51512691776374,13.057116566362527],[101.51502441100668,13.057062201412556],[101.51473412401587,13.057065025327406],[101.5142771779803,13.057101108778623],[101.51365544409069,13.057075514153841],[101.51300207872332,13.057113505298958],[101.5121854140103,13.057121442361955],[101.51130122024246,13.057002395140771],[101.50878315536448,13.056898094886316],[101.5079343022182,13.056970721254517],[101.50672710032534,13.057207171377231],[101.50558297453844,13.057185510290333],[101.50407634799171,13.056912118209823],[101.50341942799072,13.05659773917057],[101.50286203144175,13.056442747294557],[101.50174914007732,13.056261524419881],[101.50040638240807,13.056018164528778],[101.49907632691692,13.055780299990689],[101.49882550381486,13.055807592432568],[101.49819640284161,13.055740249543206],[101.49784525229538,13.05581706357775],[101.49739736307448,13.056240348926549],[101.49716327738281,13.056735026984098],[101.49698165420205,13.057401985435218],[101.49672108168419,13.057725243839032],[101.49639395029202,13.057728402029745],[101.49578920983265,13.057561453660034],[101.49245018270136,13.055376705260304],[101.49214495223578,13.055034035007688],[101.49223980714328,13.054442485342387],[101.49240953483306,13.053849065044766],[101.49253038339162,13.053380313134319],[101.49257358876352,13.052689858627337],[101.49236861387692,13.052297668490969],[101.49191207118493,13.051858238517589],[101.49170787154441,13.051539463499861],[101.49127610259133,13.051100902913827],[101.49061854209154,13.050663405686445],[101.49026444237623,13.050445436945816],[101.48998405122659,13.050052860822982],[101.48970145561124,13.049440074152484],[101.48917070578858,13.049124438564725],[101.48859001412765,13.048883814267914],[101.48806780997829,13.04815812531824],[101.48748140323552,13.047172186246122],[101.48716915962254,13.046817177592631],[101.4864764992497,13.046438698387522],[101.48597944613162,13.0458641222917],[101.48569345757946,13.045371043220069],[101.4856027412105,13.044765435041475],[101.48542964304175,13.044271307992634],[101.48507366405087,13.043807172645385],[101.48470302455453,13.043314941857355],[101.48441732615819,13.042793658057199],[101.48427044711768,13.042161461987716],[101.48423730377527,13.041665989015256],[101.4844298208255,13.041277894577251],[101.48490095844592,13.040585585964747],[101.48498146186841,13.040225656517823],[101.48492254316555,13.039923537245853],[101.48458124713798,13.039541712287582],[101.48395642124716,13.03885877609453],[101.48119050758905,13.038783675594699],[101.47953953525086,13.038925985307777],[101.47795801436224,13.039102628959855],[101.47540498525677,13.039294179837821],[101.47323647641545,13.038886873795887],[101.47004677982707,13.037838767689024],[101.46859258794349,13.037325199134374],[101.46592972003158,13.036081124122052],[101.45962295384898,13.034381516360531],[101.45888671889662,13.034479992231338],[101.45853843487446,13.034613197408085],[101.4583466966636,13.034851055177725],[101.45815661674273,13.035199590764803],[101.45804121916132,13.035355380106113],[101.45753983526527,13.035671859421583],[101.45730798997192,13.035758771220985],[101.4569671673565,13.03582976724004],[101.4566226679366,13.036289310694468],[101.4563680575373,13.036460002496748],[101.45623614892099,13.036461253979471],[101.45608049603507,13.036385938337009],[101.45565460655551,13.036186690768282],[101.45518923072932,13.035895184938637],[101.45496514238843,13.035888279888649],[101.45481800553141,13.035922427940665],[101.45471380904328,13.036043136746516],[101.45455069744558,13.036321394181062],[101.45452382524216,13.036459431015471],[101.4546285050239,13.036797249734555],[101.45463548403535,13.036976784687766],[101.45455851548348,13.037114149033366],[101.45437496631476,13.037249155621771],[101.45409276595814,13.03725183098576],[101.45379587096009,13.037284028993479],[101.4536020783022,13.037371688488046],[101.45346801283088,13.037621432636767],[101.45314055894352,13.037996099146342],[101.45298797560093,13.038293463422589],[101.45298966712859,13.038465128765763],[101.45304905295542,13.03858880398259],[101.45317632356991,13.038645183225981],[101.45347375037058,13.038670601227235],[101.45361050809279,13.038755127176977],[101.45367125576557,13.038955581265062],[101.45365326969696,13.039118402724354],[101.45351886286583,13.039329736415475],[101.45319860717885,13.039446830930903],[101.45286833258147,13.039478197258511],[101.45236396897364,13.039731450387492],[101.45205419213444,13.03991620610997],[101.45177198818456,13.03991887969482],[101.45159787132629,13.040015418404893],[101.4515022339862,13.040189116400795],[101.45130811074823,13.040247429359628],[101.4510641399952,13.040211325070269],[101.45084990976622,13.04021335366677],[101.45074355103323,13.040291188573875],[101.45080290002909,13.040414864628165],[101.45094072854312,13.040546826524841],[101.45095238328562,13.040737568523339],[101.45086637049548,13.040892004900948],[101.45072026670105,13.040912558604326],[101.4505062143385,13.040932682608863],[101.45048832618627,13.041048058452946],[101.45060572251916,13.041151977705129],[101.45079200076975,13.041236036354343],[101.45089347805748,13.041655194984777],[101.45075934611084,13.041894798022046],[101.45048927211225,13.04213676283729],[101.45050101578798,13.042336570955852],[101.45033686304284,13.042509806997534],[101.45027283472265,13.042911325024699],[101.45009560071036,13.043159219662986],[101.44985283190312,13.043425795626755],[101.4494996592492,13.043589532162899],[101.44922594887031,13.043926420502094],[101.44907681505845,13.04393460390189],[101.44900679228036,13.044018831381777],[101.44893039775197,13.04421495891099],[101.44873709916743,13.044411045153332],[101.44855029091082,13.044511070395346],[101.44849438785239,13.044622291184828],[101.44852375018579,13.044740588253543],[101.44838449784199,13.044985865286955],[101.44829930072214,13.04499344481019],[101.4481567003573,13.044959783708958],[101.44790884079738,13.044997137869569],[101.44777507985494,13.045102323529024],[101.44775489291386,13.045214316793967],[101.44782762231591,13.045408996783344],[101.44778648127253,13.045555087624418],[101.44778743708,13.045652226224176],[101.44787410743692,13.045798218906985],[101.44788908864091,13.045916651933329],[101.44778343688205,13.045951551212083],[101.44764748764354,13.045949433399482],[101.4474710719965,13.045989516062955],[101.44738660251203,13.046067107616775],[101.44743051575637,13.046198849465821],[101.44742490847236,13.046331022682722],[101.44731917945838,13.046415624776101],[101.44710026810846,13.046529497219298],[101.44700028022743,13.046495433768639],[101.4469781313658,13.046412040253736],[101.44699138331289,13.046293340550616],[101.44694068599149,13.046231682527122],[101.44682697814116,13.046211329670173],[101.44669846156334,13.046143634989974],[101.44658472496691,13.046116473625418],[101.44653623750115,13.046221961603109],[101.44650209792708,13.04638153155541],[101.44656039140249,13.046513137592251],[101.44673211425051,13.046636862167659],[101.44671831792439,13.046700240588867],[101.44660151178459,13.046944194238668],[101.44650156792106,13.047029851523453],[101.44640212262247,13.04705111006767],[101.44635882023252,13.046981499092487],[101.44636477246959,13.046884295380488],[101.44629262697246,13.046752857565487],[101.44618559719795,13.046705276941966],[101.44605782352689,13.046713257220421],[101.44600211450454,13.046790613138178],[101.4460243289432,13.046880741494322],[101.44605045464662,13.047019424404587],[101.44606482499623,13.047075763220775],[101.44603751800821,13.047166359664775],[101.44593151051647,13.047222688821108],[101.44571156520567,13.047231541582136],[101.44562008167547,13.047302462548151],[101.44559286002742,13.047463078451253],[101.44555905732156,13.047595554660134],[101.44545270487677,13.047616877914873],[101.44512449820121,13.047452848253542],[101.44491112676167,13.047427738323361],[101.44482672105755,13.04751210025761],[101.4447651693926,13.047755495653156],[101.44476708999069,13.047950882490646],[101.4448265872086,13.048201053517872],[101.4448075806538,13.04843727312328],[101.444666803869,13.048585452836376],[101.44445376390779,13.048594202284489],[101.44419079378646,13.048561712583938],[101.44400004551903,13.04866854545223],[101.44396709261947,13.048891314910975],[101.44407288092225,13.049050710742206],[101.44423881322999,13.049111280290985],[101.44431816591059,13.049215560203706],[101.44433334474397,13.049354310063363],[101.44387046174266,13.049901931502477],[101.44353012421749,13.049967284221095],[101.44329152538984,13.050248508378935],[101.44313570541726,13.050333544938322],[101.44295817136766,13.050321677521669],[101.4428031787435,13.050198902538938],[101.44267884382333,13.049973066105562],[101.44256028507044,13.049747175208685],[101.44231557680055,13.049698636034416],[101.4422531789226,13.049913837444324],[101.4421774769953,13.050065879903384],[101.44201051162501,13.050130704884713],[101.44190656486853,13.050043604735102],[101.44198245634036,13.049853145576018],[101.44183903222041,13.049678301840277],[101.4416195675083,13.049617125099791],[101.44128658449036,13.049847278802584],[101.44101672608744,13.04987465853606],[101.44086164542836,13.0498004758772],[101.44075865897091,13.049814992293486],[101.44061782918551,13.04990440195264],[101.44058427980461,13.050005270333187],[101.44063217348398,13.050188899984137],[101.44060293421981,13.050321295972088],[101.44055881526126,13.050460642913484],[101.44048236952887,13.050537046410858],[101.44042668476105,13.050555632933927],[101.44021086631068,13.050400677523546],[101.43997839578985,13.050364492455909],[101.43979653186061,13.050496071869318],[101.43976165656632,13.05058111271911],[101.43985305295995,13.050681876685177],[101.43998926989639,13.050768709700662],[101.43999075481155,13.050920023541018],[101.43985008402794,13.051021866381067],[101.43943743841061,13.051000925843667],[101.43930977253737,13.051077775480678],[101.43924036600357,13.05116765724282],[101.43914313325554,13.051179898291128],[101.43897562350621,13.051131775950914],[101.4386912734811,13.051032793894692],[101.43836868936091,13.050972587112842],[101.43794424527064,13.050976587247012],[101.43742963637696,13.051070665203479],[101.43723639348796,13.051100723516079],[101.43679857617808,13.051038195955995],[101.43664990140529,13.051028308074706],[101.43647461494052,13.051188098077917],[101.43637769570451,13.051405844760804],[101.43617251151048,13.051511698902615],[101.43603081754578,13.051513032569458],[101.43591409405103,13.05141246934242],[101.43560322755536,13.051253889761936],[101.43553980919124,13.051249971892608],[101.43538242615008,13.051353116760449],[101.43523096570161,13.051355653704483],[101.43515580456014,13.051270537861679],[101.43517563756495,13.050940565909547],[101.43506905604976,13.050588061114523],[101.43471568486814,13.049203336560488],[101.43420238392152,13.048841076087646],[101.43373588699785,13.048555205192024],[101.43343195190293,13.047750532831772],[101.43318136685443,13.047158823089269],[101.43290201954717,13.04686441777066],[101.43251424019519,13.046556338242],[101.4321586429883,13.046416233864866],[101.43176112769531,13.046347692117079],[101.43142524222066,13.046339560429693],[101.43104602471168,13.046258410690614],[101.43080030583708,13.046105984333936],[101.43041030135817,13.04556979856895],[101.42951177407163,13.044273746119062],[101.42921408675953,13.043808970176295],[101.42900485655343,13.043620042080816],[101.42830563039418,13.04332731281491],[101.42687533818868,13.043196170656509],[101.42643604584505,13.043155102133676],[101.42573973651552,13.043219251569429],[101.42570123921402,13.042991451948753],[101.42557600508026,13.042729491008249],[101.42521887983906,13.042373665595541],[101.42491257678506,13.042329089367087],[101.42456732637361,13.041948318293866],[101.42432230818491,13.041867046344034],[101.42405276059905,13.041809727930451],[101.42401172286195,13.041735537601149],[101.42420179290131,13.041380248097846],[101.42420672105899,13.041293267386319],[101.4241569525956,13.041210130285256],[101.42383645526179,13.040890116333555],[101.42374902403182,13.040722655132239],[101.42353991060672,13.040545044722894],[101.42336668218228,13.040319651924888],[101.42299909156803,13.040190934086434],[101.42267779922518,13.03984720310663],[101.42241039142635,13.039710809945998],[101.42227116243878,13.039491871509361],[101.42218546405901,13.039444081202708],[101.42189195750622,13.039410705521057],[101.42161045514058,13.039365893342632],[101.42113969481257,13.039286729662555],[101.42102861633106,13.039179330893129],[101.42092744536882,13.039139604188531],[101.420802761004,13.03917015578749],[101.42059587450251,13.039279380129592],[101.42032728541906,13.039258167300428],[101.42011877386523,13.039200273306763],[101.42004516411419,13.039153515624566],[101.41981074963911,13.038916257095396],[101.41967644970752,13.038905114633575],[101.41948143174754,13.038930623624113],[101.41930944389652,13.038836228618912],[101.41915039537882,13.038826426890008],[101.41822409218369,13.03899096286062],[101.41801662357388,13.039040346909534],[101.41772478788754,13.039175194919363],[101.4174705916116,13.039392185547037],[101.41730198232433,13.039645607668316],[101.4171319797501,13.039755594932245],[101.41698556334191,13.039744563652439],[101.41648299905957,13.039593373371213],[101.41604459874307,13.039705902097703],[101.41563018883448,13.039793335820404],[101.41497087302668,13.039810811709401],[101.41412793528656,13.039783626020293],[101.41329803389786,13.039851244552874],[101.41190994813766,13.040330647297949],[101.40959320110477,13.041980857871378],[101.40596063148807,13.042534187559266],[101.40236182684797,13.043072463612713],[101.39617397155786,13.042120124624274],[101.3755418595743,13.040619487451844],[101.37463601910305,13.041182361027518],[101.37400249662196,13.04179695345562],[101.37366823889461,13.042260834408287],[101.37312777738541,13.042726604794629],[101.37275308019892,13.042876897017385],[101.37215193659394,13.042956946065136],[101.37131634168296,13.04303799449626],[101.36996347796676,13.043179181584014],[101.36918453261421,13.043278913277664],[101.36828466324469,13.043563875754556],[101.36727150104642,13.0438126019938],[101.36622996915318,13.044043485712312],[101.36540466624042,13.044235120277655],[101.36471116863771,13.044480915016774],[101.36422671888309,13.044964258262338],[101.36376357626867,13.045687935910729],[101.36296744614475,13.047802808287045],[101.36202984932989,13.050183265123902],[101.36144254786511,13.05172356631997],[101.36011143775184,13.05355419251387],[101.35913838622936,13.054633787184983],[101.35739655828333,13.056346165118654],[101.35689404251004,13.056866896160848],[101.3562775323238,13.057278004597061],[101.35567717204977,13.057449503618408],[101.35483173789144,13.057530634806596],[101.35359158579396,13.057597257010578],[101.35274667445516,13.057733706809966],[101.35190381756343,13.058091496558207],[101.35147614223308,13.05861157723418],[101.35099565674378,13.059519528079537],[101.34959925078743,13.061947068210026],[101.34910342836132,13.063242549310289],[101.34864278126679,13.064241808368127],[101.34815974276547,13.064817719953147],[101.34726512584537,13.06567409911707],[101.34612507212167,13.06640279668999],[101.34438931678696,13.067801057266163],[101.3438129990232,13.068507679818756],[101.3434062229979,13.069229715171872],[101.3431115441437,13.069932672449383],[101.34279341027739,13.071078604952927],[101.34245542184671,13.072133224726773],[101.34203048458131,13.072948026670151],[101.34139826645405,13.07365404296457],[101.34005527791774,13.074864594669299],[101.33961642215537,13.075181462646796],[101.3391299601745,13.075462563588852],[101.3386802994759,13.075614606943709],[101.33821950326102,13.075618779058448],[101.3372400494455,13.075424344260831],[101.33652445777834,13.075357426734106],[101.33549168984902,13.075495494262929],[101.33479737657605,13.075667841652544],[101.3341800893471,13.076005486012882],[101.33382694004933,13.076432234208262],[101.33359831341964,13.077116526942325],[101.33343433225272,13.077689499051901],[101.33322542005027,13.078447043608042],[101.33309750803862,13.078872865315999],[101.3327284495772,13.079631857878653],[101.33228292741708,13.080225471702555],[101.33175081574842,13.080918132087563],[101.3307313240207,13.082230763356407],[101.33035879446899,13.08262156018959],[101.33000282446126,13.08275353541055],[101.32945868435093,13.082842018767744],[101.32831140098583,13.082879501072673],[101.32780405676787,13.082902138152583],[101.32729667751563,13.082981254603663],[101.32680970080011,13.083150530771361],[101.32619168324081,13.083470105841117],[101.32543365965127,13.083978440485225],[101.32521142094154,13.084179230617742],[101.32496831706274,13.08436555257753],[101.32464949059536,13.084461026547803],[101.32429178773739,13.084408917227952],[101.3240459682515,13.084245097508546],[101.32376148168247,13.084008195542916],[101.32342073362723,13.08373452955137],[101.32315571804199,13.08355282009315],[101.32281492327432,13.083334484892561],[101.32226696801902,13.083080780348865],[101.32153140949809,13.08284793463206],[101.32062525012489,13.082487855898613],[101.31731771163928,13.080692310627221],[101.31588092820753,13.079894207559004],[101.31436925312887,13.07909680191721],[101.31132356456544,13.077695250536676],[101.30708157696169,13.076073951278506],[101.30668015669212,13.075838070490411],[101.30617851408128,13.075482241141538],[101.30567128035609,13.075081268694014],[101.30529003804446,13.074477011773389],[101.30492826941158,13.074046499318403],[101.30459663566319,13.073754659261784],[101.30435876896244,13.073452914375883],[101.30418830106089,13.073334738685915],[101.30397185378982,13.073290330799805],[101.30370877587066,13.073310775929059],[101.30325706341992,13.073305736618288],[101.3024836265367,13.07302690130502],[101.30197564900649,13.072976059242768],[101.3012487924657,13.072687735558537],[101.3005767080044,13.072214825359641],[101.3003911385246,13.07195780173797],[101.29974089210788,13.070793420449464],[101.2995122367321,13.070490477509745],[101.29882375083032,13.069864069847791],[101.29827451547573,13.069340351678587],[101.29789670832176,13.069104244816526],[101.29789576778563,13.069002616818365],[101.29810219165479,13.068274493952504],[101.29825156711347,13.067856373658266],[101.29819428244613,13.067765389277954],[101.29810001234191,13.067728956489074],[101.29732952911934,13.067762901505343],[101.29708488822307,13.067784285148093],[101.29693405030712,13.067730293568589],[101.29663104227355,13.06754774102135],[101.29555210722683,13.066932712980179],[101.29522360141226,13.066793320202029],[101.29501393013338,13.066795182319813],[101.29467826833925,13.066878330939854],[101.29442416279313,13.066933663289742],[101.29426950973213,13.066907943676105],[101.29417767675729,13.066820670055581],[101.29331501201355,13.06598119399399],[101.29315760831113,13.065714881253333],[101.29273593821846,13.065343615242487],[101.29236898810298,13.065035117723841],[101.29232214724912,13.064893221196698],[101.29231204928702,13.064731790565052],[101.29231904536644,13.063554778603484],[101.29225113722252,13.062565896849962],[101.29222366943613,13.062084982227201],[101.29242890483413,13.061664109845575],[101.29230835002467,13.060898212800955],[101.29231549791942,13.060674521334585],[101.29238628875704,13.060478469872423],[101.29260089088854,13.060074466279941],[101.29274364756023,13.05975241593597],[101.29286711291118,13.059332269397682],[101.29300131492643,13.059081468203265],[101.29302632851551,13.058858729807625],[101.29288780560377,13.058645324859693],[101.29267635835554,13.058388558387584],[101.29212116896724,13.05784114827423],[101.29167308481195,13.057604540367379],[101.2905205624721,13.056437763645375],[101.29025667517087,13.056368926270171],[101.29010015181746,13.056200907618264],[101.28988052181533,13.05605939280693],[101.28966204794494,13.056043265710374],[101.28955186688042,13.055901929327904],[101.28946862269798,13.055742255259815],[101.28945789681347,13.055581975522744],[101.28961961153092,13.055374977821186],[101.28980773042953,13.055034428801347],[101.28998751206397,13.054854401152239],[101.29014568562256,13.054701619555809],[101.29027084429782,13.05446896233974],[101.29031480964447,13.054299131814734],[101.29028574465345,13.054148045819074],[101.29015713105761,13.054005724739394],[101.28991982490564,13.053883575533824],[101.28986348257102,13.053705638539425],[101.28986627722986,13.053509042483798],[101.28992237791766,13.053160667465891],[101.29003792012783,13.052884050547087],[101.29020925939521,13.052722122883212],[101.29051750550518,13.0526030647914],[101.29130465876447,13.052195102463076],[101.29187155589587,13.052011607318979],[101.29211124168505,13.051831048027232],[101.29219992247158,13.051642757015429],[101.29220785998542,13.051500374985544],[101.2921252338439,13.051411871642394],[101.29198404473237,13.051404054286019],[101.29057838882355,13.051835594215111],[101.28753402617346,13.053093712401317],[101.2871754690177,13.053194003662165],[101.28670336301339,13.053287413945958],[101.28645824062014,13.053316710649243],[101.28627559515655,13.053247151319384],[101.28611015602392,13.053110816306212],[101.28588941480581,13.052786318842491],[101.28575217468827,13.052707324853758],[101.28562492922657,13.05271751807958],[101.28495148651261,13.053151553261207],[101.28436796426023,13.053531717261537],[101.28417781606741,13.053586471533665],[101.28397818076689,13.053615328025181],[101.28336915444528,13.053664786162356],[101.28327056793613,13.053844094469813],[101.2831620289919,13.053881213635981],[101.28292562205354,13.053918314419443],[101.28279096908402,13.054125070063412],[101.28250041978515,13.054289155678854],[101.28191071173376,13.054810571882371],[101.28132068747536,13.054985183586915],[101.28100479939725,13.055210488632246],[101.28073668192937,13.055560771093043],[101.28035655083374,13.055948163161931],[101.27959430606063,13.056124290599017],[101.27942270807844,13.056259084661511],[101.27843163635134,13.056294949457266],[101.27821999416869,13.056081067994064],[101.27805353814321,13.055771925337384],[101.27779731526799,13.055595708389411],[101.2766900311875,13.055210127217448],[101.27593703097702,13.055076661854851],[101.2751732321185,13.055083382598692],[101.27480162783152,13.055203019684443],[101.27455784931793,13.055445745934135],[101.27439670862395,13.055774724764365],[101.27426551147333,13.056042443997647],[101.27401138257105,13.056350810108915],[101.27354214129419,13.056754783037555],[101.27320935770224,13.056966681838295],[101.2729662825695,13.056968818808496],[101.27272190757454,13.056890759878348],[101.2723981394748,13.056953455725067],[101.27203821777812,13.057533830628602],[101.27199115414207,13.057931833531198],[101.2718571614343,13.058777899209334],[101.27129937950808,13.059896511867297],[101.27075838889114,13.060646772640176],[101.2705575363734,13.06085751037625],[101.27022414192707,13.06099934709202],[101.26948505302704,13.061762636104929],[101.2686915828147,13.06344246462521],[101.26823766140666,13.064960010301506],[101.26716482502241,13.067466859013935],[101.26637264479081,13.069547634314779],[101.26527309250997,13.071021169935223],[101.26507588535567,13.071446473312228],[101.26485170359,13.072068551651469],[101.26452660508529,13.072554863290959],[101.26409912828261,13.072869222012789],[101.26366991413818,13.073059344035725],[101.26306397532622,13.073263449805546],[101.26281208592394,13.073439617393193],[101.26252470767803,13.073827290296878],[101.26238766339323,13.074089431768719],[101.26214130222318,13.074114166225872],[101.26194409956042,13.07409331689958],[101.26184381523535,13.074217299793954],[101.26173485767623,13.0747774061151],[101.26162861662256,13.075573521059944],[101.26135981284175,13.076740447973734],[101.26116951463028,13.077353196649081],[101.26091716798551,13.077479658579577],[101.26060112988876,13.077507261878733],[101.26023893904767,13.077462981621274],[101.25916205754969,13.077009300371845],[101.25813351080389,13.076423018485094],[101.25720745015391,13.076269590469053],[101.25697900408558,13.076172207529199],[101.25660114123603,13.075990259742641],[101.25640565435549,13.075842841992309],[101.25615149850374,13.075770518683882],[101.25589869910806,13.075785163077077],[101.25562135504386,13.075949110919783],[101.25509834600398,13.076152475780168],[101.25380959235467,13.076597482776528],[101.25301561549249,13.077098017670094],[101.25234881761665,13.077517270327114],[101.25212281137263,13.077755311675165],[101.25209938510665,13.077965601671057],[101.25204140873652,13.078562499056664],[101.25190371227482,13.078750098404575],[101.25166389173839,13.078864005814143],[101.25132303858024,13.078949443774377],[101.25075377528636,13.079070738816734],[101.25040125301268,13.07927260920942],[101.25006043668547,13.079424668590901],[101.2498191878277,13.079377099512385],[101.24918458108007,13.079221104300871],[101.24861291299621,13.079014850055877],[101.24780179717669,13.079021913152717],[101.24736036055451,13.079199680523757],[101.24678062200611,13.079502941772867],[101.24656866092158,13.079508191834496],[101.24282458881855,13.078448445380511],[101.24218375135614,13.078175005097473],[101.24125542335835,13.077453384428969],[101.24057411679239,13.076590668116097],[101.2399587196188,13.075240541743849],[101.23962917355513,13.074026844401955],[101.23947872730461,13.073124541871076],[101.23934987116361,13.072568755345049],[101.23918652600393,13.072153363689166],[101.23843221874468,13.071047279388237],[101.23717787057073,13.069563764904613],[101.23614051045368,13.068565165299153],[101.23524675322135,13.067773148363067],[101.23432004937762,13.067225443158421],[101.23371747206144,13.067230653228824],[101.23318825656125,13.067513087182734],[101.23248476520099,13.068144954126497],[101.23150062936621,13.069092120162766],[101.23002146611434,13.070216372124124],[101.22872792085128,13.071288197108265],[101.22700167957377,13.072554664658028],[101.22461167313283,13.073878770955785],[101.21919890133779,13.077227080286006],[101.21732977852275,13.078372726030587],[101.21681776037038,13.078586065797275],[101.21632255868012,13.078746220347115],[101.21392833464888,13.079417392878041],[101.21397385228435,13.079288230782049],[101.21404300549324,13.079095608401229],[101.21402383724171,13.078948938892301],[101.21396973979698,13.078827404911614],[101.21386256359708,13.078698405259056],[101.21371971978878,13.078638630479608],[101.21334756483455,13.078641821653234],[101.21328471959562,13.078572329834451],[101.21330087579598,13.078381310795635],[101.21326475633505,13.0782686535591],[101.21310446904059,13.078192076639359],[101.21247470600898,13.078188441827299],[101.21220874270111,13.078146673860479],[101.21203846883564,13.077983198236826],[101.21180974967946,13.077142497497361],[101.21172033047777,13.077065348840602],[101.21156097114299,13.077092697555681],[101.21145516397556,13.077180549430601],[101.21128742695247,13.077233954430087],[101.21074647226814,13.077238585902071],[101.21053209202054,13.07704050880206],[101.21049585488029,13.076918820752557],[101.2105379732907,13.076666542891676],[101.21036700772247,13.076425157036898],[101.2103014477747,13.075982919176743],[101.21021117427519,13.075809725859619],[101.21003989699153,13.075533327694162],[101.2099677137652,13.075385963047298],[101.20967656708666,13.075492390551034],[101.20960605921833,13.075596891205649],[101.20960753784529,13.075762924354606],[101.20967207101869,13.076022173569976],[101.20971220235568,13.076517743887575],[101.20966156522142,13.07684800979362],[101.2095386963518,13.076962027459023],[101.20948700639204,13.077110452562129],[101.20942547898161,13.077188893607067],[101.20941795738771,13.077310956031061],[101.20948096073018,13.077466282187316],[101.20957085244574,13.077596580134598],[101.20962532897947,13.077761012407448],[101.20972458383524,13.077908144631218],[101.20989460257917,13.078106602541116],[101.20995856622065,13.078306004431971],[101.20999441079714,13.078383648833722],[101.21009257958967,13.078408792366947],[101.21027875633065,13.078416229987216],[101.2103322977182,13.078475624189519],[101.21047616740253,13.07871838793319],[101.21058522647128,13.078995318912012],[101.21057972788341,13.079412217190363],[101.21050253924432,13.079673790095766],[101.2103629356593,13.079909949843467],[101.21015161956511,13.080119593996219],[101.20995897944569,13.080289545009213],[101.2097372725386,13.080367137161065],[101.20959568816838,13.080385264684828],[101.20946352443052,13.080490331145834],[101.20935801819871,13.080544312057935],[101.20927855143205,13.080613912696876],[101.20927059954515,13.080691930874577],[101.209049328321,13.080754824552191],[101.20892464395619,13.080660987158325],[101.20882719112092,13.080652790100363],[101.208586280928,13.080515899717497],[101.20841301028277,13.080533224849271],[101.2082041753354,13.080695393273539],[101.2080534317425,13.080914695066895],[101.20772635874083,13.080998811934178],[101.20742430202317,13.081241986195961],[101.20726177792365,13.081427521122377],[101.20710018358044,13.081658205174113],[101.20692548191894,13.081773776369619],[101.20658689341364,13.081857990944039],[101.20637673884113,13.081939996110615],[101.20609744633109,13.082149107411897],[101.20580751417482,13.08246109753172],[101.20536717349728,13.082958480156348],[101.20504117308401,13.083167952842674],[101.20462018750759,13.083251758317344],[101.20428641037891,13.08323203063469],[101.20400802696398,13.083543919634616],[101.20375059226141,13.083557407696661],[101.20327950943822,13.0839059576887],[101.20261981094808,13.084164616472821],[101.20232413226894,13.084476653041628],[101.20186211344698,13.084549477792388],[101.20162963573964,13.084711881572803],[101.20131610663748,13.085025178310493],[101.2009134377097,13.085165306278361],[101.20055282790351,13.085432700508751],[101.19992397486527,13.085793879175737],[101.19963325668313,13.086014371666378],[101.19927085563626,13.086143974732002],[101.19900170061422,13.086134942244025],[101.1984055516422,13.08622023156199],[101.19827720933756,13.086301535288591],[101.19799861481849,13.086590805540409],[101.19769746090772,13.086937898770023],[101.19742997046387,13.087180807303524],[101.19706864380208,13.087367993226984],[101.19674201995804,13.087508579228439],[101.196140215193,13.087996034643901],[101.19580120178455,13.088166114098913],[101.19533877243252,13.088193738076139],[101.19492472185004,13.088149844728958],[101.19403372963214,13.087799346030787],[101.19331353320086,13.087543370254952],[101.19272886110492,13.087428634747313],[101.19175473429902,13.087318280223908],[101.19002628855581,13.087260666116727],[101.18927212592536,13.087267065740457],[101.18862658398577,13.087177674864273],[101.18808968968654,13.086991306906031],[101.18775900276245,13.086732047348667],[101.18741555886305,13.086400606450637],[101.18677898031336,13.085953018433328],[101.18592387129945,13.085554768476795],[101.18466700694439,13.085136154228687],[101.18254275360555,13.084295647625014],[101.18172544569877,13.08406418292131],[101.18077489697416,13.083881332712904],[101.17999465175942,13.083673312250212],[101.17945777003659,13.083486925017542],[101.17901660740057,13.083180022554767],[101.17823259554983,13.082542768247871],[101.17747220220453,13.081834133140475],[101.17663553021353,13.080909268284184],[101.17595819420109,13.079819266536115],[101.17511731629794,13.078275395546958],[101.17449119323985,13.076254181335557],[101.17384820880385,13.074216153505914],[101.17315773672703,13.072475603489709],[101.17305519942725,13.072020072866227],[101.17297998079356,13.071782366373933],[101.17296639916476,13.071615321627167],[101.17306189097779,13.071399869613405],[101.17338575879054,13.070884303958879],[101.17362720976925,13.070162740719487],[101.1736688538692,13.06985624082481],[101.17365287553524,13.069148132802983],[101.17364570787758,13.068592415200809],[101.17359235962779,13.068092458962679],[101.17356596442981,13.067841905554948],[101.17364995870548,13.067697729380146],[101.17397992158745,13.067874586981281],[101.17432163892491,13.068014033402019],[101.17455928643669,13.068178082663467],[101.17482199335163,13.068176981850018],[101.17513753288338,13.068090746488364],[101.17540331473155,13.067850170417502],[101.1754621624675,13.067658751929311],[101.17536281508528,13.06743368750392],[101.17510560496157,13.067208804009471],[101.17498302445115,13.067090092421445],[101.17496975813106,13.066959172012526],[101.17508986288451,13.066790964552995],[101.17512405815413,13.066552338590752],[101.17505092810347,13.066294256378562],[101.17495429992162,13.066047700160762],[101.17491336010087,13.065848127353094],[101.17486505139983,13.065725385463438],[101.1747781573624,13.065671889592299],[101.17465258636044,13.065672946663959],[101.17438566904173,13.065783646018955],[101.17415044877785,13.065831930891033],[101.17394579458981,13.065817846819872],[101.17383506914621,13.065741972208844],[101.17374747082958,13.0656037557135],[101.17363334077105,13.065203696530473],[101.17371884421644,13.065033560114195],[101.17410315247814,13.064906068857951],[101.17434639110425,13.064850905815707],[101.17443193048221,13.064749690846146],[101.17448555900638,13.064626091723735],[101.17453951361898,13.06447087824424],[101.17451129214599,13.063946985870968],[101.17451748243663,13.063731173637265],[101.17458699227667,13.063575830085361],[101.17475837825647,13.063412855848673],[101.17489511352083,13.062841269080028],[101.17486235914893,13.062718396185321],[101.17476684308139,13.062602862443352],[101.17460026668165,13.062396425420165],[101.17446456807313,13.062228113343908],[101.17437659785396,13.062051514219709],[101.17433589518846,13.061874518561268],[101.17437315820474,13.061658445494537],[101.17470197214145,13.060984673819133],[101.17498363979712,13.060381368602936],[101.17512982713488,13.060040120295442],[101.17517547322943,13.059854476530763],[101.17528042340406,13.05927523681032],[101.1754857252774,13.058441008359829],[101.17562511955497,13.058177770415361],[101.17578879619303,13.058053244787791],[101.17603917912056,13.057896378513719],[101.17617174710034,13.057772152899259],[101.17620965959857,13.057626106032979],[101.17625330873823,13.057216835863509],[101.17627082229301,13.057043866529645],[101.17648969681197,13.056975360107387],[101.17731127261465,13.056980880175958],[101.17749315810349,13.056961249278437],[101.17768010200568,13.056730368874675],[101.17779995163764,13.056339667557733],[101.17787459714616,13.055917698520279],[101.17786343378212,13.055363163152366],[101.1779130908544,13.055114228010282],[101.17802898969572,13.054992362009076],[101.1782176763296,13.05496482532506],[101.17866739092713,13.055069452806736],[101.17901278686564,13.055104965111182],[101.17930635809712,13.055210944557496],[101.17947643792651,13.055356348780871],[101.17978285147329,13.055411361677029],[101.18015467944073,13.055503132944112],[101.18038526439777,13.055457141428265],[101.18053401822229,13.055340660061516],[101.18073498033449,13.05526212281443],[101.1809430409341,13.055273953239807],[101.18134677167055,13.055327033067295],[101.18145727792522,13.055313663350535],[101.18154106469009,13.055211314723236],[101.18157217424667,13.05501335733938],[101.18164960812588,13.054974282500989],[101.18176724071569,13.054985727022276],[101.1818748876328,13.055042413186396],[101.18206405576366,13.055130060259877],[101.18216913439741,13.055225189376129],[101.18226098803352,13.055319320846282],[101.18245095117339,13.055432944160881],[101.18297154105022,13.055473707860981],[101.18316015581885,13.055433731746916],[101.18331631086299,13.055438039842532],[101.18372684094783,13.055543027663077],[101.18380574357249,13.055606729335953],[101.18398823272921,13.055656046184263],[101.18417790930651,13.055736912807806],[101.18434176830255,13.055895913932074],[101.18452146100377,13.056353007465814],[101.18458725990337,13.056429256875466],[101.18477598246984,13.056466084247662],[101.18494545054651,13.056477088528643],[101.18611214111502,13.056684097558115],[101.18750558263089,13.056864345271951],[101.18861049785399,13.056727333183966],[101.18986982628783,13.056397014980913],[101.19094588403071,13.055929290013648],[101.19168931898007,13.055564912918356],[101.19233687763746,13.055177620009571],[101.19266525139966,13.055243719540456],[101.19285377633678,13.055322332051642],[101.19306553889365,13.05542447236018],[101.19326614886627,13.055571865549123],[101.1934656431313,13.055592753193492],[101.19373486103545,13.05554416441178],[101.1940737998837,13.055438500142813],[101.19439997816335,13.055251622534767],[101.19462127993025,13.055065598004919],[101.19461976447236,13.054893938061079],[101.19458218345247,13.054618610352355],[101.19461478780568,13.054330287984557],[101.1946586175067,13.054009111378905],[101.19489163150827,13.053845603144337],[101.19537288236216,13.053934165997893],[101.19565448264416,13.053988260354897],[101.19595881748938,13.053940480726002],[101.19633228128896,13.053764489998327],[101.19698088289041,13.053295857816606],[101.19718331284979,13.053128054975943],[101.19727427984873,13.052860704504644],[101.19742670598612,13.052767946887924],[101.19755436377451,13.052807504258009],[101.19769873382047,13.052781441007308],[101.19815300287648,13.052295247070685],[101.19832315726603,13.052251974789984],[101.19846618433063,13.052142344877479],[101.19888044242389,13.05188805170414],[101.19890368453525,13.051647261201527],[101.19894416801185,13.051405176176889],[101.19907848321479,13.051219924974612],[101.19966027890518,13.0506908553385],[101.19976915471763,13.050497863225793],[101.19971735965498,13.050306272894661],[101.19966368891001,13.050098893599834],[101.19966251032034,13.049965615376879],[101.1998754649416,13.049097409670487],[101.20008497632038,13.048753356774354],[101.20052495407857,13.048150945822476],[101.20093544194258,13.047731784200069],[101.20128217277762,13.047266823104746],[101.20152313776777,13.046962032799495],[101.20132351324702,13.046144790159573],[101.20112135547713,13.045565902487834],[101.2007896238124,13.0452467736794],[101.20026254450597,13.045122482197943],[101.19955634472514,13.045128484728988],[101.19863469570153,13.045007542320263],[101.19487885836324,13.043910962968443],[101.19408826814968,13.043692877132463],[101.19339535265526,13.043441202432721],[101.19286632310634,13.043026607181051],[101.1922031274748,13.042355599166862],[101.19114135294497,13.041236126494354],[101.19061176733888,13.040821530171995],[101.1901475503394,13.040310362216982],[101.18994571236976,13.039828622779893],[101.18984269087804,13.039314398490488],[101.18960436423994,13.038349482169],[101.18933773707705,13.037965379372171],[101.18881071256786,13.037776691857918],[101.18805496261427,13.037847485136496],[101.18720242008715,13.038047829690132],[101.18605606558003,13.038508237179567],[101.18530346332321,13.038869264818221],[101.1843561009229,13.039489519100663],[101.18360627985017,13.04017247280586],[101.18308602863823,13.040820731162475],[101.18243219345193,13.041213676376596],[101.18164475273177,13.041349087670584],[101.18082301343571,13.041387659703672],[101.17950826433871,13.041367084161156],[101.17819346583435,13.041345391931284],[101.17681471806156,13.041518521024347],[101.17568307975543,13.041753973385925],[101.17456923617678,13.042181267338751],[101.17329572783613,13.043127292837919],[101.17226987693451,13.044198862546557],[101.17155397175537,13.04501027798449],[101.17085253484218,13.04562839030087],[101.17029799852907,13.046052124536745],[101.16970864082062,13.046314617535881],[101.16901966713368,13.046449204292326],[101.16805358384283,13.046844737062573],[101.16677524166765,13.04724176916365],[101.1656738397557,13.047186582924665],[101.16457075170591,13.047002668378102],[101.16361741371234,13.046946233281473],[101.16233626250528,13.047021348805329],[101.16138347517897,13.047093677907975],[101.16013405426433,13.046975333833092],[101.15927779810183,13.046820982640954],[101.15829165273574,13.046764802164573],[101.15677950065169,13.046777409233657],[101.1550389492117,13.046887928027978],[101.15346619408362,13.046751922930538],[101.15243526410737,13.046450976425298],[101.15121066454238,13.046002537982728],[101.14945191053978,13.045343877395013],[101.1491651997421,13.045299951924585],[101.14821417491039,13.045174554303104],[101.14755655422351,13.04520825563119],[101.14672695197376,13.04527162391695],[101.14515390758815,13.045368248050933],[101.14323657937834,13.045355889447276],[101.14046309471902,13.04560363723863],[101.13776114560072,13.045794279948097],[101.13581379838905,13.045642047584224],[101.13369291822407,13.045211095433864],[101.13097164364906,13.044896856410249],[101.13017058446916,13.044930583155011],[101.12902837928034,13.045221264465093],[101.12811350894384,13.045284127796664],[101.12751244708556,13.04526197384085],[101.12662577576417,13.045324600001448],[101.12588425332805,13.045583733271913],[101.12520072792329,13.04595421247989],[101.12454539165218,13.046323349561781],[101.12388922982932,13.046525290483178],[101.12308885516566,13.046644831071713],[101.12217302003856,13.046595856350251],[101.12092553140016,13.046297702188337],[101.11946423204598,13.046056593819564],[101.1165417276608,13.045660304551205],[101.11533743541112,13.045361768579136],[101.11229948583383,13.044796874205794],[101.10914650788273,13.044121090128613],[101.10702559268346,13.043745250585779],[101.10470478885871,13.043372126901106],[101.10381692187966,13.043294614139334],[101.10301586000485,13.043329366764885],[101.10198679672774,13.043449589755715],[101.1003856503451,13.043630900785709],[101.09961240929462,13.043553590261872],[101.09900921034429,13.043278304181163],[101.09820377636898,13.042723403530351],[101.09743307934737,13.042056354715498],[101.09678887499926,13.041220000181081],[101.0962679841868,13.040522680306976],[101.0958920446303,13.040077267010469],[101.09557374457566,13.039630239132576],[101.09533479450674,13.038482177672584],[101.09474931392705,13.036887313469512],[101.09407365686587,13.034844718958123],[101.09377946130527,13.033837171334735],[101.09348136885298,13.032437684163668],[101.09327312409873,13.031513023829028],[101.09306898913695,13.031009729037658],[101.09257613294787,13.030283962275295],[101.09176874962841,13.029561844666189],[101.09079051213178,13.028868198370844],[101.08981406228254,13.028454712075886],[101.08863717044566,13.02804398719803],[101.08766294033353,13.027827033881762],[101.0868015826385,13.027469097077459],[101.08588054985918,13.026859699244655],[101.08498616919599,13.025997036490685],[101.08432366975879,13.025440929574076],[101.08210442137523,13.023550764987911],[101.08149754202719,13.022826996352208],[101.08091617752814,13.021708790194042],[101.08047837189629,13.020674125615152],[101.08015395161966,13.019554964500035],[101.07998802470185,13.018518116865446],[101.07951754734314,13.016950553840449],[101.07907722463192,13.015607478274816],[101.07858207055237,13.014601548609798],[101.07803272560329,13.01393264554126],[101.07719719177776,13.013209583144532],[101.07621966574681,13.012657080678869],[101.07521622960815,13.012383816205164],[101.07412710317453,13.012197111769924],[101.07315124801003,13.011840034638444],[101.07220249052607,13.011286136595372],[101.07126276650061,13.010565030550957],[101.07059153364223,13.009853031206696],[101.0703221926689,13.009463167033108],[101.07018491751708,13.009029346710072],[101.07014316472099,13.008578921047471],[101.07031101044026,13.008115570435338],[101.07068146847692,13.007639274670115],[101.07077153356728,13.007524468815616],[101.07105610367964,13.007043195149006],[101.07128758785025,13.006615464210229],[101.07146454518141,13.006354228029515],[101.07160674579595,13.006276282677623],[101.07177867615482,13.006309928030326],[101.07213041060601,13.00648898617492],[101.07286190155534,13.006620960019095],[101.07322573182181,13.006874509321836],[101.07354846326574,13.006961179147005],[101.0740048280913,13.006911224155296],[101.07520179727481,13.006836135851248],[101.07579304683522,13.006936461606701],[101.0765212005433,13.006735186864555],[101.07691960606675,13.006507193512272],[101.07771811223461,13.006177717697827],[101.07887001204195,13.005396946112292],[101.07962613928794,13.005097158978787],[101.07988298379736,13.005023917828613],[101.08016940084592,13.005106353727149],[101.08093311616115,13.005717047932514],[101.08107631031237,13.005758838635046],[101.08124560411586,13.00547618889391],[101.08137252348909,13.005223233347573],[101.08189844486714,13.004882382513781],[101.08308085774974,13.004241424443769],[101.08336547277786,13.004112615210627],[101.08347730225091,13.00377508540705],[101.08387573472385,13.003547046445586],[101.08481097705435,13.003315880775],[101.08522879966266,13.002792880396736],[101.08562723752546,13.002565987152581],[101.0859249562786,13.002212267748392],[101.08697786533492,13.001516993905382],[101.08716096265108,13.001234230796186],[101.08733213483184,13.001177513056449],[101.08750376874664,13.001176133603588],[101.08949962408532,13.001173627655826],[101.09081866982436,12.999178166593383],[101.09202830166008,12.997390358172266],[101.09332234189483,12.995784840503815],[101.09389966667008,12.993605599012577],[101.09408534215108,12.993149943352304],[101.09418515216568,12.992551576836037],[101.09402325868346,12.991723706023077],[101.09414359699895,12.990962448070176],[101.09433420423088,12.990131772666247],[101.09449310452652,12.988886728156713],[101.09427489925244,12.988072859218631],[101.09416955022583,12.986428903809347],[101.09464670296539,12.984531761314384],[101.09464392986612,12.984200779624267],[101.09450048688153,12.983925198285821],[101.09352113637229,12.983075666171468],[101.09304183126926,12.982236763204469],[101.09295600802366,12.982030752026271],[101.09299573781374,12.981753657417286],[101.09338306621143,12.980894266591489],[101.09365984793023,12.980311391581257],[101.09368240552534,12.979633395620386],[101.09370920945679,12.979467122057143],[101.09387586850157,12.979148360720901],[101.09444060518467,12.978425316053169],[101.09498158142857,12.977412176715246],[101.0952576283255,12.976746834249509],[101.09553565780426,12.976246422129933],[101.09588348368563,12.975760143715014],[101.09641318247942,12.975050964833592],[101.09728379821178,12.974684698806659],[101.09876999796727,12.974575580825103],[101.09982655777689,12.974539920422478],[101.10031822998643,12.974383442476741],[101.10100791963063,12.974281851774135],[101.10265149973232,12.973646137072324],[101.10305576855966,12.973159394870295],[101.10317743189016,12.972833034964882],[101.10321965630175,12.972651977681041],[101.10317493457366,12.972535958997252],[101.10278223784383,12.972135837073878],[101.10260388722563,12.971541977249935],[101.10246115391016,12.971278794948255],[101.10247916243667,12.970821122586665],[101.10261891514205,12.970725120699338],[101.10275871725476,12.970639259350332],[101.10274678403451,12.970521864481638],[101.10257391673284,12.970513081639712],[101.10198789357071,12.970337101714918],[101.10151856336063,12.969863006911435],[101.10148350930162,12.969598954438005],[101.1014506138942,12.969524668099996],[101.10127717256904,12.969514777843253],[101.10110381299059,12.969442737754392],[101.10099374870701,12.969231261359276],[101.10110059792018,12.969059825607266],[101.10163080965201,12.969035222474515],[101.1017592085505,12.968895224868996],[101.10174675610405,12.968715720307829],[101.10153957585344,12.968526461008482],[101.10120216503947,12.96826373860497],[101.10077854829755,12.968086406340806],[101.1007618638878,12.968023280079112],[101.10084691817551,12.967863310421519],[101.10086764141082,12.967724182309359],[101.10071482360792,12.967630541071102],[101.10054248900718,12.96768501492609],[101.1003799074155,12.967664856966167],[101.09989741508988,12.966925418412819],[101.09984178691592,12.966746261718612],[101.09991636774573,12.966575086877159],[101.10015751599221,12.966350595950049],[101.1001673902738,12.966222883220638],[101.10006934634706,12.966138943595427],[101.09965863839578,12.966195339303189],[101.09952810959174,12.966153451778073],[101.09950599037448,12.96605875595381],[101.09961293391078,12.965898610826349],[101.09969718240968,12.965642626324854],[101.09968562109196,12.965569278999],[101.0995338076056,12.965527600592225],[101.09929596336276,12.965529519497387],[101.09924113199443,12.96544523034844],[101.09927255775803,12.965348955008574],[101.09940122076124,12.965168313352329],[101.09941083003982,12.965008952023449],[101.09931159404869,12.964850469509525],[101.09920361655153,12.964819690780198],[101.09915011199493,12.964893563576076],[101.09902074830578,12.964990627840864],[101.09884690184043,12.96492765749313],[101.09877728510087,12.964799401275828],[101.09882904243428,12.964652137960496],[101.09892482530145,12.964538389878054],[101.09888867619608,12.96441782224648],[101.09868509729148,12.964315520137172],[101.09868416034863,12.964203700445859],[101.09873490438237,12.963935548509792],[101.09866311821138,12.963823190265117],[101.09834514155027,12.963747795672967],[101.09808781913713,12.963551053007738],[101.09778443830277,12.963086938211836],[101.09774792897299,12.96292343305289],[101.09775526641221,12.962767495815532],[101.0976662325878,12.962655238592641],[101.09732191462759,12.962598156626289],[101.09720776839937,12.962651010299304],[101.09708429047201,12.962626019595891],[101.09698661485454,12.962513867360043],[101.09686989764796,12.962264018728801],[101.09662954171561,12.962033229605725],[101.09641681436813,12.961869996012091],[101.0963104789913,12.961827949306942],[101.09614365735148,12.961846246584198],[101.09599305209915,12.961813551175828],[101.09554708167971,12.961168717671676],[101.09548494071994,12.961108214189938],[101.09531687311681,12.961049710172679],[101.09502560965727,12.961000082115108],[101.09488489485624,12.961044116183247],[101.09478027885487,12.961139869682038],[101.09474534247515,12.961227140246177],[101.09464361725239,12.96166853331378],[101.0945116583304,12.961730598419814],[101.09439678536515,12.961696504940278],[101.0940971343358,12.961672928830263],[101.0940434186751,12.961586371895306],[101.09393593255641,12.961406482126717],[101.09383912740641,12.961398228596694],[101.0936767021216,12.96146842298745],[101.09359697484349,12.961435193518783],[101.09336423662474,12.96101344466099],[101.09337286853631,12.960944448604325],[101.0934508027771,12.96083084677511],[101.09347555944801,12.960622798249977],[101.09342149524096,12.960494451396064],[101.0928294982822,12.960291360157667],[101.09277571794277,12.96019688096106],[101.09261381996902,12.95977459774209],[101.09254276412834,12.959749183040204],[101.09245533020344,12.959827806564887],[101.09243042171722,12.960017792084496],[101.0923515154993,12.96008735130081],[101.09212244959345,12.960037219677835],[101.09209484436474,12.959899627952499],[101.09200555901202,12.959761383953346],[101.09178442972168,12.959694271482524],[101.09153709837113,12.959662351425663],[101.09149273417252,12.95959267128077],[101.09150865231935,12.95942874274286],[101.09160529487426,12.959350009662813],[101.09170977073842,12.959237342070736],[101.09168311592731,12.959150566305528],[101.09147983795829,12.95908331097406],[101.09139898958273,12.958920160363554],[101.09099227015133,12.957730481771863],[101.09088948581484,12.957557327486606],[101.0909763457163,12.957409784123104],[101.09099261330776,12.957219867524371],[101.09069716998722,12.956668687655528],[101.09077457601863,12.956487348974745],[101.09111477520324,12.956051927771137],[101.09109604802453,12.955879245060082],[101.09090929456517,12.955724866959955],[101.09069730114128,12.955648610225776],[101.0905898572434,12.955468718793744],[101.09060604937638,12.95526977045837],[101.09074567901256,12.95509581867848],[101.09101877674043,12.954557028751756],[101.09100027593713,12.95447921948398],[101.09084984585628,12.954394585167526],[101.09084055368298,12.9543167014356],[101.09096189811157,12.954090923919468],[101.09096009788776,12.953875165768945],[101.09089792189366,12.953805629330123],[101.09050911307239,12.953661903352801],[101.09041955822509,12.953558678471795],[101.0904187012323,12.953455889524804],[101.09055857341362,12.953306773163661],[101.09072210452456,12.952821981976086],[101.09068602638614,12.952709295672463],[101.09062714541253,12.952555000527104],[101.09060867335533,12.952408302520139],[101.09070200741505,12.952000885421734],[101.09069199928443,12.951837165499279],[101.0905230612138,12.951673573286644],[101.09027384519781,12.951346825395071],[101.0900396831493,12.95075224974679],[101.08994583615157,12.950061673329465],[101.08967684102964,12.949571282455677],[101.08952658522198,12.949511482660251],[101.08930747085279,12.949617146523531],[101.0891943361276,12.949790922658016],[101.0891507831077,12.949886146447918],[101.08907173765091,12.949938751559568],[101.08897436386737,12.949861574688185],[101.08887782731364,12.949404855735583],[101.08892051435765,12.949205695946528],[101.08890884344547,12.947804991143471],[101.08904623986986,12.946878686710283],[101.08930033733114,12.946686864044404],[101.08943574758042,12.946002334693651],[101.08982147518029,12.945714543596852],[101.08980218475784,12.945541866853205],[101.08947497880553,12.94538861172181],[101.08948279235187,12.945293636601896],[101.0895619105722,12.945250062005123],[101.09023053112976,12.945114810162238],[101.09010667501163,12.944554367129202],[101.09033246925324,12.944145850709562],[101.09038361752889,12.94392970486127],[101.09050571115242,12.94378976405655],[101.09077722065882,12.94354582984195],[101.09102329167303,12.943500916314871],[101.09125124007467,12.943351131250132],[101.09152576792044,12.942432758876754],[101.09149834325316,12.942321150862107],[101.09127786973296,12.94233080406431],[101.0909832124383,12.942351231976012],[101.09084974614328,12.942231440674911],[101.09072444194095,12.941981655748881],[101.09069550361238,12.9416881955466],[101.09064057073444,12.94145476262009],[101.09048114133108,12.941326148495071],[101.09021611855933,12.941311319309499],[101.09006568937677,12.941225534493606],[101.08993156641331,12.940958903078599],[101.08969273941355,12.940355330511514],[101.08936800113327,12.939459824914293],[101.08921107623291,12.938802475968778],[101.0892195850753,12.938509825371883],[101.08936516425361,12.938153961804439],[101.08963877671611,12.937818504999955],[101.08970148990274,12.937672266718264],[101.08954245036819,12.936411704793924],[101.08965741226669,12.936181463437551],[101.08964499215955,12.936004215148085],[101.089183897704,12.935537939041501],[101.08911394768944,12.934746631196621],[101.08904862938854,12.934579948559097],[101.08919165196156,12.933912311603326],[101.08911590961004,12.933735532733872],[101.08869008480917,12.933633887804003],[101.08861474759789,12.933510225120026],[101.08864374880851,12.933185797207923],[101.0889332075526,12.932818602843639],[101.0889416768691,12.932589214438231],[101.08884452946104,12.932402427331366],[101.08813773948705,12.931824065998883],[101.0872734344196,12.931414132252238],[101.08705577711784,12.930790024557231],[101.08710659032189,12.930528685108602],[101.08723206430581,12.930246388536245],[101.08721978613251,12.929391318485306],[101.0886908043597,12.924791951263078],[101.0887301110433,12.924395109559724],[101.08863970099982,12.923770022074798],[101.08811726239014,12.922294332923808],[101.08802133489422,12.919687801504391],[101.08831205577131,12.918851778490358],[101.08868276713287,12.917451418985468],[101.08868820643193,12.916857176702509],[101.08869386491988,12.916221103636445],[101.08834352914562,12.915014038783813],[101.08764207516441,12.913685510851382],[101.08607165835102,12.91150760076569],[101.08529661168681,12.910325387382755],[101.08358352264338,12.908858030821355],[101.08289991818691,12.90842630564125],[101.08206704517123,12.907973149915914],[101.08155556151642,12.90781116459782],[101.08130087835359,12.907650539006534],[101.08096422841268,12.907256690955963],[101.08030054319931,12.905682667277787],[101.08019543132791,12.905433858883086],[101.07998073756826,12.90370149237839],[101.0806670854796,12.901751882501358],[101.08204575330237,12.900388669111145],[101.0824400265755,12.89835776097547],[101.08080447741244,12.895247220557787],[101.07957760061821,12.894213160860438],[101.07714807279633,12.892489348129629],[101.07569276610343,12.890491183096881],[101.07466438734259,12.888034382792998],[101.07418274122998,12.885830810519984],[101.07457832245015,12.883456448513998],[101.07525197447161,12.881713659600521],[101.07575503192906,12.879530528697179],[101.07571136122982,12.879116279505558],[101.07557782217127,12.878702741587336],[101.07520950931153,12.878370134278851],[101.07436005878557,12.877850436829005],[101.07272596040168,12.876779979392184],[101.07151472058162,12.875736707855074],[101.07079236729535,12.874849961903843],[101.07046161389596,12.874182668137999],[101.07026042900154,12.873451088348451],[101.07015134567828,12.872016148365759],[101.07026681242994,12.870229174658459],[101.07022221826263,12.868794835394318],[101.06998149312267,12.867169998450136],[101.06961039279059,12.865514538671524],[101.06922485114202,12.862796157767027],[101.06897338125295,12.861547573970734],[101.06837844680321,12.859406983020492],[101.06814048757604,12.858189941420488],[101.06790222561659,12.856931072161547],[101.06754095734529,12.855835863872933],[101.0667587933291,12.853891045304845],[101.06602942420047,12.851710854934582],[101.06368124242081,12.838026120542789],[101.06333292426267,12.83414046690184],[101.06285388416269,12.833204307759949],[101.05914767604889,12.829847676829653],[101.05854805419003,12.829017544940575],[101.05831076151279,12.82787047766573],[101.05821407044884,12.827229565460168],[101.05787220129612,12.826248266484086],[101.0573339855751,12.825536254880046],[101.05644797810868,12.825021269065115],[101.05513550444429,12.82437520102299],[101.05432784624034,12.824082109291352],[101.05311973615071,12.823242015919821],[101.05252865996511,12.822470509032369],[101.05238501306297,12.82165149446443],[101.05228806597918,12.820981186361474],[101.0520246449036,12.820296408010922],[101.05139492049952,12.819511649005786],[101.05061586734915,12.81905455216492],[101.04981176108383,12.818344591782994],[101.04945696876743,12.817676290391589],[101.04957360243066,12.817078907963596],[101.05002433841267,12.816373828851354],[101.05091441524732,12.815546719184963],[101.05117816330969,12.815275800319181],[101.0512378312075,12.81511153026743],[101.0512304614289,12.815053987196984],[101.05122120249327,12.814977247023723],[101.05100739626913,12.814874967049535],[101.05059655985877,12.814818309500472],[101.05030964604185,12.815000157220688],[101.04985407892025,12.815107653361204],[101.04962557356309,12.815034842668076],[101.04938048350921,12.814767887757325],[101.04867541919887,12.814058298078271],[101.04830834691255,12.813792291655476],[101.04771393797725,12.813602571827968],[101.04742356564651,12.813426365935948],[101.04705778154425,12.813249561649917],[101.0466604809486,12.813014292208068],[101.04566910289601,12.812634529765541],[101.04488229548811,12.812133382091195],[101.04407576916141,12.81197473008527],[101.04315036428159,12.812206727951933],[101.04240786807171,12.812494902793722],[101.04141974461535,12.812518376451061],[101.03987753939349,12.811634488118241],[101.03943620248428,12.811579159534487],[101.0391175934092,12.811685576211284],[101.0385963711184,12.812077084816766],[101.03812703731505,12.812260333406272],[101.03783845981825,12.81230665708695],[101.0368807218764,12.812314070241527],[101.03640718934743,12.812049980306826],[101.03605327558336,12.811485595651696],[101.03588460341405,12.811337789277836],[101.035427448071,12.811177518010302],[101.03511982539186,12.810716720905095],[101.03484475676026,12.810509841430646],[101.03434158611513,12.810349923522521],[101.03405074306717,12.810113809578853],[101.03388132529614,12.809802164237226],[101.03371117719482,12.809474753882919],[101.03324016713516,12.809448999821457],[101.03282138512613,12.809407034386835],[101.03234830085647,12.80912712419865],[101.03213414249275,12.808979666825515],[101.03213246803305,12.808770673106819],[101.03211522127791,12.808487281138543],[101.03164889952571,12.807252683145606],[101.0316167254655,12.806970516700709],[101.03155186800029,12.806493145577555],[101.03140262728887,12.805897816188512],[101.03101563396278,12.805006062037982],[101.0307531246772,12.804500820649722],[101.03029350884862,12.804026492375597],[101.03019886504522,12.803639747977028],[101.02973305084117,12.802390480678326],[101.02954793950215,12.802063143915323],[101.02925746386515,12.801871071998203],[101.02858777071911,12.801757622270351],[101.02819197929317,12.801640915575998],[101.02779467420594,12.801405610769995],[101.02694086146099,12.801083420032906],[101.02663649697138,12.801027012543809],[101.02646962412757,12.801102888861143],[101.0261866269653,12.80177610293498],[101.02605070826954,12.80191160119616],[101.0258229305478,12.801928011897267],[101.02565462309445,12.801824247963934],[101.02535430910847,12.801335134127291],[101.02454576516561,12.800923333210598],[101.02430221482412,12.800910545532151],[101.02402812086461,12.800823400438466],[101.02388997704193,12.800675313627705],[101.02366037933339,12.800468106175691],[101.02353820575981,12.800378644810884],[101.02323419340978,12.800366320503695],[101.02248889265958,12.800297451013133],[101.02238206320935,12.800254218248496],[101.02236533478215,12.800105235840523],[101.02224173917546,12.799837317292527],[101.02198226170395,12.799704855859115],[101.0214807547387,12.799679348705451],[101.02070312182482,12.799387054305539],[101.02014128849666,12.799450111828028],[101.01982047136262,12.799274067737034],[101.01960430526424,12.79887244077049],[101.01892461656405,12.798444937091251],[101.01735442792275,12.797860479995297],[101.01713280186405,12.797710805885671],[101.01694180476331,12.797580073435411],[101.0166785426895,12.796970906697716],[101.01649088732161,12.796315961133041],[101.01628387056437,12.795108767290522],[101.01588295335137,12.794411399567478],[101.01587035268288,12.793769772395285],[101.01577446381451,12.793218072691737],[101.01564911289977,12.792727604489288],[101.01490588995283,12.790018539458689],[101.01397237867586,12.787992183670308],[101.01380902812629,12.78684221481881],[101.01401018876619,12.784992469404733],[101.01449444717967,12.783716688167106],[101.01653937478737,12.780822506533637],[101.01856168730781,12.778928293541487],[101.02098847975967,12.777455763776958],[101.02219045076265,12.777204823091974],[101.02289736290747,12.776866124303131],[101.02313917231396,12.776227102667018],[101.02318762833872,12.775661861672731],[101.02311549990961,12.775347235416024],[101.02291942283593,12.7752255771852],[101.02276503657457,12.775062952610728],[101.02252589785941,12.774804950104832],[101.02176923970906,12.774318211532096],[101.02135078468679,12.774238938482474],[101.020876198434,12.774120558890644],[101.01759887568124,12.773857550364598],[101.0168450094948,12.773645270281175],[101.01632702563062,12.773347597245102],[101.0158781949753,12.772995161526039],[101.01561355668252,12.772136307389228],[101.01535874146735,12.771645715013777],[101.01490975899675,12.771197251178066],[101.01468450284601,12.770952682230842],[101.01411002752687,12.77057406724718],[101.01381446023881,12.770166262838357],[101.01371682504555,12.76931967935597],[101.01367400235596,12.769141537027505],[101.01329588438489,12.768925229935165],[101.01307718952894,12.768780043580245],[101.01239569521505,12.767892745583115],[101.01188626600734,12.766204301183157],[101.01199342154601,12.765489497890092],[101.01217595202519,12.765211316634183],[101.01233684927575,12.764815800707034],[101.01229245992428,12.764515616843656],[101.01227364381234,12.763886510541218],[101.01234974998154,12.762956160360289],[101.01235070309406,12.762203740324523],[101.0126670529062,12.761454581617366],[101.01315086216204,12.760925595030384],[101.01365091475481,12.760481182676711],[101.0139797969635,12.760301318661391],[101.01430156631176,12.760237857983139],[101.01471821392366,12.76023468113762],[101.01517177870051,12.759883243453665],[101.0152338855243,12.759805955571904],[101.01521724872526,12.759667112430598],[101.01473922282321,12.758891247777804],[101.01463349830082,12.758475183599677],[101.01449785179457,12.758205090131776],[101.01422914772681,12.758068169232699],[101.01396172555492,12.758017121982112],[101.01366840675001,12.757748229210588],[101.0130887768978,12.756927934828092],[101.01268677811319,12.756159371442857],[101.01257529359317,12.755815683732694],[101.01255158166293,12.755220487214846],[101.01261126123883,12.754687919918018],[101.01272342847848,12.754316504445312],[101.01272411568969,12.75404085524692],[101.01259450316721,12.753803476935886],[101.01245208426208,12.753553756916773],[101.01201989938899,12.752968443361613],[101.01192946598934,12.752739797562418],[101.01199372248162,12.752495279110098],[101.01214980206728,12.75236419032605],[101.01277489385943,12.752019375104558],[101.01283127482161,12.751799756387463],[101.01274727246107,12.751654688123841],[101.01262283692959,12.75156638265236],[101.01123459396426,12.751536263791847],[101.01100276573888,12.751473650790741],[101.01081989659481,12.751345104094804],[101.01067834815717,12.751200473651036],[101.01058626724729,12.751054282681444],[101.01044523534095,12.750975170563754],[101.0097920783827,12.750898768389872],[101.00955974440582,12.750848559932709],[101.00939747542783,12.75070182729149],[101.00929272737416,12.750407765962809],[101.00923772622423,12.750219497631656],[101.00910392755254,12.750038638886192],[101.00897668478581,12.749885939089951],[101.00885608865387,12.749839433983425],[101.0083329574431,12.749689741944911],[101.00797375978854,12.749529806555071],[101.00791240305801,12.749410516452468],[101.00793156861459,12.749291723956702],[101.0081356451859,12.748895919421315],[101.0082227143948,12.748703202530274],[101.00825446085696,12.748491693396296],[101.00813971545244,12.748393168045716],[101.00777621756261,12.748342806638059],[101.00769504399693,12.748264349049098],[101.00765383468158,12.748146052804834],[101.00764396938312,12.747769901660158],[101.00777527612821,12.747347515130423],[101.00778600650429,12.747101144494108],[101.0077645843797,12.746866346147801],[101.00759257856237,12.746359266807241],[101.00757129298171,12.746213684615091],[101.00765022704741,12.745936292637436],[101.00772834274787,12.745698480028963],[101.00769954186156,12.745474991873751],[101.00748733284199,12.744981804246683],[101.00729125037839,12.744778797989449],[101.00714209590527,12.744620636398606],[101.00708703277161,12.7444956330168],[101.0069350126727,12.743896889374339],[101.00663603358319,12.743490206427342],[101.00635905782826,12.743320575607251],[101.0061364804537,12.743191215174949],[101.00577031366916,12.742800847502481],[101.00556781184456,12.742663448635193],[101.00536978812163,12.742289871485672],[101.00526495203303,12.741763067757324],[101.00508519195816,12.741150982837821],[101.00468718528668,12.740955168834306],[101.00453751338395,12.740725857670679],[101.00445500941331,12.740482414981276],[101.00404855857819,12.740090090087554],[101.00366960876715,12.739756307043075],[101.00335075714696,12.739310232178548],[101.00313763004915,12.738698398062258],[101.0028690283893,12.737908477017728],[101.0029379525278,12.7372346118094],[101.00306126786012,12.736739987805862],[101.00304398607067,12.736224958476312],[101.00306473984868,12.736082461741173],[101.00321670694699,12.735946857221542],[101.0035462494174,12.735997484833318],[101.00372720604821,12.735956578810278],[101.00382415223366,12.735480221399046],[101.00376213613971,12.735276195500802],[101.00360727017801,12.735191520617274],[101.00351745212431,12.734895083385595],[101.00358205806123,12.734545502293262],[101.00351290036079,12.734315543062051],[101.00333609035332,12.7340728503937],[101.00307152841727,12.733724649092245],[101.00248227401508,12.733135983733453],[101.00185205284268,12.732679821510104],[101.00154671098605,12.732411000854666],[101.00150180779822,12.732114222148599],[101.00140057844551,12.73175682564975],[101.0011863742677,12.731515560537771],[101.00086040439716,12.731405041771591],[101.0001203893341,12.731551860943071],[100.99979088908452,12.731505780947652],[100.99961662490254,12.731365868189243],[100.99947186498778,12.731251720014255],[100.99941763010082,12.731159507332109],[100.99940006624037,12.731050061793026],[100.99931290540329,12.73093773691223],[100.99913583308776,12.730887098651575],[100.9990200842651,12.730875534154563],[100.99895806457788,12.730819548242353],[100.99887080223118,12.730699300373022],[100.99876737020938,12.730642480249168],[100.99857401233604,12.730640533261983],[100.99840888761378,12.730641779263669],[100.99832597041808,12.730561073916537],[100.99815989887151,12.730369159731151],[100.99806513379558,12.730321267471068],[100.99795442811489,12.730366156881361],[100.99780638845102,12.730415879582941],[100.99753059308239,12.730394231378702],[100.99711017883446,12.730348832882083],[100.99664214758828,12.730468715528664],[100.99651833818255,12.730458357584739],[100.99636943972929,12.730398472344969],[100.99630051109921,12.730341352482082],[100.99598065516253,12.730351686772501],[100.99591821057217,12.73031373011508],[100.9959010734115,12.730258516040251],[100.9958499035763,12.730186601821206],[100.9957875030034,12.730154309988915],[100.9955401869242,12.730167464882589],[100.9953764941165,12.730134826059366],[100.99529695728127,12.730047281545376],[100.99530208127163,12.729964763956762],[100.99536886921638,12.72989762513204],[100.99547536718823,12.729825634578232],[100.99559857382441,12.729763697923211],[100.99571583630836,12.729602408441133],[100.99568680186003,12.729491901984755],[100.99553435685799,12.72942186269351],[100.99548883742595,12.729344278988256],[100.99552143099939,12.729244600076203],[100.99554869127502,12.729123525168573],[100.99545247901312,12.729034997167167],[100.99484712051283,12.728664475531378],[100.99454834264597,12.728572955013588],[100.99427040210043,12.728276781679275],[100.99402665592616,12.728085450218005],[100.99382381723336,12.728047440646995],[100.99357697905788,12.728121597772171],[100.99341914506246,12.728100203481905],[100.99329456849549,12.727991526838506],[100.9932188081777,12.727648666645848],[100.99320549963677,12.727417172116695],[100.99307001662393,12.727307467347204],[100.9926984671342,12.727332844230055],[100.99242940463861,12.727434303542752],[100.99213178290353,12.727563075294547],[100.99193410143872,12.727451577795257],[100.99185339679363,12.727209300031435],[100.99166086087875,12.727017541910255],[100.99141173559261,12.726875964439552],[100.99121919069459,12.726683095863327],[100.99103112749155,12.726397534296698],[100.99066719841038,12.725920162635637],[100.99062027850478,12.725662895169794],[100.99081540156766,12.725446789280451],[100.99090354785658,12.725163705235717],[100.99086715890105,12.724854420070288],[100.99098451391147,12.724699907031528],[100.99122148858507,12.7248359495571],[100.99128936169471,12.724835439578502],[100.99129378949073,12.724735971824112],[100.99126424479935,12.724564459408684],[100.99136799033322,12.72414454380406],[100.99137216390599,12.72394005313425],[100.99124127577585,12.723761381172567],[100.99120470536063,12.723423889346211],[100.99124773106948,12.723109490848033],[100.99112137853321,12.722772636947502],[100.99131679893841,12.722594918410621],[100.99132596265264,12.72236777077975],[100.9917640530504,12.722249236375552],[100.99198944664339,12.722302923118697],[100.99210184115681,12.722252361121676],[100.99218503503356,12.722074374084455],[100.99219483295836,12.721928554500307],[100.99236247206511,12.721732978017117],[100.99275706154525,12.72186331854288],[100.99285230991484,12.721828728967726],[100.99285123463144,12.721690876223644],[100.99276537096161,12.721454300063945],[100.99268510020278,12.721267363180663],[100.99295828596551,12.720221393337042],[100.99299483482115,12.719888979163274],[100.99283472269819,12.719574998648298],[100.99289578837458,12.719436715307555],[100.9930127921437,12.719314929445487],[100.99337253597396,12.719256879116225],[100.99361915496048,12.719083289738988],[100.99359515107777,12.71821584405391],[100.99382019702276,12.717491121732575],[100.99423063188617,12.716700590476339],[100.99430116760229,12.716374695605309],[100.99428772700898,12.716053947597823],[100.99435810372329,12.715707693205017],[100.99436771300191,12.715542698623381],[100.99421810937109,12.715096441849001],[100.99423881733505,12.71487483615328],[100.99435022010837,12.714697784199263],[100.99461934907929,12.714606505757853],[100.99474219728764,12.714494855350267],[100.99475779743088,12.714285725723022],[100.99468272881583,12.714103266655492],[100.99450204527287,12.714027810278893],[100.99430030252465,12.714128762281273],[100.99417660001845,12.714126286765225],[100.99411863981803,12.713927891381751],[100.99399918813974,12.71373562198829],[100.99363200176737,12.71357342412178],[100.99345678537118,12.713464014812804],[100.99297724760454,12.713284595887371],[100.9928293813155,12.713065440477109],[100.99287252380535,12.712843664760793],[100.99293350054853,12.712694092842492],[100.99302105754262,12.712408716209621],[100.99297420590898,12.712154892036436],[100.99282745712416,12.712151478864776],[100.99258648854079,12.712241396425549],[100.99232368011621,12.71248063020842],[100.99210475798651,12.712520701402482],[100.99196303797066,12.712422331201548],[100.99192209455666,12.712191043611902],[100.9919150329002,12.711285041779311],[100.99179637623097,12.710526735588221],[100.99160897867952,12.71025701165996],[100.99123679587751,12.710193134477731],[100.99090479202326,12.710189999943855],[100.99079744065186,12.710146714980501],[100.99075111722759,12.709965185326238],[100.99071623205184,12.709843430850112],[100.99059751519546,12.709744923785228],[100.99025479713482,12.709770078966281],[100.9901471816587,12.709692923024908],[100.99007333475248,12.709594078524418],[100.99003765816096,12.709370636549776],[100.98985064778344,12.709222924736249],[100.98966541337522,12.708562292716179],[100.98970885769897,12.708378940960317],[100.98988256851874,12.708222858940816],[100.99033591410667,12.707921189306242],[100.99050193444927,12.707591209198428],[100.99057251777607,12.707270940833931],[100.99058332361062,12.707181605138182],[100.99044687221389,12.707023333352328],[100.99001579676019,12.706562267661797],[100.98986065591399,12.706148811408729],[100.98986984927264,12.705925031651116],[100.9899924450544,12.705708325334701],[100.99015435829951,12.705591867915571],[100.99019311162087,12.705469597821009],[100.99009037040351,12.705277162535721],[100.98940472766965,12.704712905983449],[100.98921893001776,12.704643110484186],[100.98900465397473,12.704610843445083],[100.98886936679462,12.704601713925507],[100.98878914544312,12.704424917708289],[100.98862395604213,12.704120002921128],[100.98821307561433,12.704111791770865],[100.98738442378219,12.703946266492192],[100.98678103349066,12.703741771826039],[100.9863270195562,12.703292160776709],[100.98626816283711,12.702899451518233],[100.98638516391127,12.702777669119381],[100.98650267433021,12.702721444784002],[100.98696531029482,12.702878387230921],[100.98791480709224,12.703412428638041],[100.988269016402,12.703387193081927],[100.98843114614112,12.703221054779188],[100.98846314772483,12.702972227009337],[100.98828669075523,12.702774716770287],[100.98752421781006,12.702390685878395],[100.98717229291603,12.701967410563023],[100.98670252073485,12.701634232876394],[100.98673900940338,12.701225003049421],[100.98709053364878,12.700849544751142],[100.98712800237928,12.700634624460614],[100.98695186610826,12.700555721837652],[100.98681311053286,12.700614399515029],[100.98619110265709,12.700978295807156],[100.98607772359013,12.700901217819268],[100.9859173437692,12.700471952896629],[100.98591408108808,12.700051728422435],[100.98601465017909,12.699299696606817],[100.98612000549392,12.699086489128621],[100.98620375542784,12.699053099667918],[100.98642391813094,12.699101169588277],[100.98685501604253,12.699489981498884],[100.98703483001633,12.699532688140795],[100.98716400685588,12.699493294937941],[100.98730408475137,12.699381556389818],[100.98770394913886,12.698715390979181],[100.98773603875745,12.698477890788757],[100.98764983103288,12.698262749407558],[100.98745685494355,12.698015643183229],[100.98638111161102,12.697220441745724],[100.98622851299709,12.697127812709263],[100.98590428945148,12.696643317403462],[100.98568943309677,12.696535346782326],[100.98531977276409,12.695982259206417],[100.98501935816678,12.695747282986927],[100.98496670611134,12.695487835266409],[100.98486302795114,12.695173386419706],[100.98489033404084,12.695062493408292],[100.98498545125638,12.695012063577426],[100.98519928353167,12.694983329655264],[100.9853215828694,12.694806200745372],[100.98533674373645,12.694607254826039],[100.98526742703419,12.694347931261678],[100.98527129158653,12.694107236173453],[100.98529859048969,12.693990679669968],[100.98525278718999,12.693870151455402],[100.98517368603764,12.693836833171224],[100.98507306394606,12.693921175683721],[100.98497221547898,12.693971647796067],[100.98484226339336,12.693905984007992],[100.98470684955079,12.693879860633396],[100.98450861292714,12.693692689630097],[100.98445621958652,12.693461484902159],[100.98437015289745,12.693268922219497],[100.98436895364657,12.693114150723048],[100.98437943159605,12.693055322333599],[100.98445011373754,12.692674082000476],[100.98447984707514,12.692205004854967],[100.98454651195067,12.692049726172245],[100.98466363250081,12.691943788521588],[100.98486553065752,12.691864316193664],[100.98501722646461,12.691836083197122],[100.98507906289551,12.691797194465238],[100.98507811696953,12.691675184152393],[100.98509926151468,12.691508955819168],[100.98515421685047,12.691326666191085],[100.98525510214847,12.691276194430355],[100.98535685072744,12.691342106909193],[100.98543671275283,12.691473669781914],[100.98552127566211,12.691545337309924],[100.9856568260486,12.691594041385942],[100.98589321142741,12.691580981771214],[100.98604451736566,12.691507551879472],[100.98607182525195,12.691392104542167],[100.98602549733614,12.691281725186531],[100.98580619881236,12.691266446592781],[100.98575513408002,12.691211447503729],[100.98575445136039,12.691123345349766],[100.98598384874461,12.690953300946427],[100.98612852691272,12.690769193330091],[100.98631317202607,12.690614180187566],[100.98643511922421,12.6903918152423],[100.98626859313012,12.689912914136981],[100.98619426832013,12.689824215599996],[100.98603216014058,12.68991468265636],[100.98589811533053,12.690064837619735],[100.9858248280747,12.690037139010396],[100.9857897389814,12.689888248636098],[100.98593895004839,12.689544811194112],[100.98608513469121,12.689477082403062],[100.98630467935338,12.689519494511897],[100.9865797390018,12.689451911192192],[100.98674938045335,12.689516168673663],[100.98685671835,12.68963171852144],[100.98708728893396,12.689613074554869],[100.98719920464532,12.689507138518763],[100.98748558755791,12.689416888658256],[100.98752998319756,12.689351031768643],[100.98749519773483,12.689246229652237],[100.98724643716467,12.689068471015903],[100.98707714156451,12.688975966961857],[100.98699158422022,12.688848925774279],[100.98696171074545,12.688628844877044],[100.98698802419676,12.688390277481266],[100.98726777215268,12.688183687155293],[100.98743595384182,12.688132748537798],[100.98765315749438,12.687805718935159],[100.98773408941328,12.687409705470179],[100.98778172437784,12.687022974030487],[100.9877132251425,12.686868743844904],[100.98772941547885,12.686807613506042],[100.98780786535261,12.686757309990943],[100.98799452089561,12.686866638773353],[100.98805242360388,12.687059374566646],[100.98813793603242,12.687180751715964],[100.98832285962354,12.687139829942994],[100.98851693884401,12.686719239901304],[100.98845941612312,12.686570518480691],[100.98841769836135,12.686310988662193],[100.9882424433376,12.686193688918292],[100.98822539331353,12.686144099535872],[100.98837037511218,12.685999562521532],[100.9885669660222,12.685975472426883],[100.98863396956261,12.685864244132603],[100.98858755630685,12.685738095306229],[100.98838988023192,12.685617557924196],[100.98815725160763,12.685370747906008],[100.98804982477775,12.685316170838243],[100.98792032095145,12.6853126232189],[100.98785344407349,12.685367357160859],[100.98787768331481,12.685599919756074],[100.98773779226887,12.685661974973241],[100.98761869003525,12.685584901984576],[100.98760514344075,12.685248346271937],[100.98753044672823,12.68503874387539],[100.9877512643032,12.684507265019754],[100.98784055863908,12.684445588122045],[100.98795909852733,12.684450327645489],[100.98806105641374,12.684543336392764],[100.98820242878159,12.684672217520108],[100.98840555942689,12.68474751346594],[100.98871501017766,12.684739533057273],[100.98875398178964,12.684645470083916],[100.98888281547272,12.684567689540151],[100.98905145889597,12.684576607692287],[100.98914200548333,12.684680991940587],[100.98926751719652,12.684840495812919],[100.98934080265573,12.684868193235095],[100.98943014639892,12.684817806079666],[100.9894677840127,12.684552018796616],[100.98961848268981,12.684396111453585],[100.98962244605684,12.684241302134096],[100.98954835301221,12.684109696961221],[100.98935542633021,12.683862590136595],[100.98930952511417,12.68372962635779],[100.98928008732231,12.683570550346142],[100.9892111452175,12.683432094925926],[100.98920724113928,12.682929396204385],[100.98923476462124,12.682846709944162],[100.98936961971171,12.682801646499437],[100.98975155372612,12.682718564942586],[100.99018704439943,12.682273584433837],[100.99029171250308,12.681303476763135],[100.99022958501806,12.681231604778702],[100.99012233335962,12.681199645892754],[100.99007084102924,12.681089342745942],[100.99010898439452,12.680961375646188],[100.99036655294603,12.680788860006452],[100.99052841229224,12.680594478836726],[100.99054357495592,12.68040115972156],[100.99034913371437,12.679954084056687],[100.99024701772446,12.67984527113871],[100.99024038995427,12.679734630864832],[100.99030188053379,12.6796516911617],[100.99052975257864,12.679359638653876],[100.99045914769228,12.678934255818167],[100.99047508380542,12.678840365982273],[100.99057527740061,12.678701791427335],[100.99093337731389,12.678439266776236],[100.99092180341979,12.678356873532435],[100.99089145293959,12.67808030488295],[100.99113411215237,12.677474066446431],[100.99139581025922,12.677095911425756],[100.99161431736727,12.67700613043047],[100.99183463637721,12.677076816063009],[100.99198661784857,12.677091484646127],[100.99212094742457,12.677052052036238],[100.99240551484196,12.676730216751185],[100.9925483748199,12.676308861928671],[100.99243289369517,12.675887221572459],[100.99211928464297,12.675358560595985],[100.99199788092558,12.67491208782385],[100.99201928508384,12.674779767925976],[100.9921527980913,12.674635278799467],[100.99212849596792,12.674394832381752],[100.99204329705141,12.674240691830791],[100.99185123275208,12.674176605779461],[100.99172168311169,12.674166284980636],[100.99161473328724,12.674172713569282],[100.991552864517,12.674129122739441],[100.99142788011487,12.67396398900107],[100.99130234324886,12.673727669049567],[100.99124434891245,12.673517980045116],[100.99094822377062,12.673094285976084],[100.99063628019495,12.672779177560276],[100.99046515292994,12.672449427074682],[100.99044454827229,12.671946816230886],[100.99042013116454,12.671764010400125],[100.99035103904109,12.671532932122542],[100.99011767020498,12.671188951073344],[100.99003776416218,12.671046097971887],[100.99001956429451,12.67085302840691],[100.98997350048336,12.670698592982946],[100.98975745655585,12.670434741043605],[100.98931137744026,12.670256162074752],[100.98921500707492,12.670143898850917],[100.98913411827515,12.669879034924023],[100.98925549683969,12.669579859760191],[100.9894348230283,12.669484746468788],[100.98967717142395,12.669504405953111],[100.98984124691397,12.66966924809693],[100.98993863866383,12.669840255023189],[100.99007369318025,12.669894588250752],[100.99023054441875,12.669794016598667],[100.99027447203615,12.669600482447191],[100.99022225476533,12.669396412428242],[100.99015088002277,12.668943898394991],[100.99016505274297,12.668622942460955],[100.9902309333893,12.668362608182001],[100.99020578505291,12.668012551700761],[100.99024953480385,12.66786877304256],[100.99043458236251,12.667767954309097],[100.99095161580914,12.667752793501618],[100.99115448504467,12.667800992035149],[100.99130104069171,12.667782940702477],[100.99144070536221,12.667688123856696],[100.99145104586943,12.667538931187989],[100.9914979469104,12.667058397226352],[100.99166836181138,12.666558909946239],[100.99184022479662,12.666245805788236],[100.99203333563322,12.665775542323095],[100.99209840330421,12.665415779038144],[100.99214830471824,12.665321633554456],[100.99234385268423,12.665165390153266],[100.99253948688849,12.665024953576545],[100.99275687200073,12.664719430658373],[100.99279465873484,12.664550819166886],[100.99274834070046,12.664363623101323],[100.9926233994175,12.664198489171088],[100.99246496444916,12.664094612766103],[100.99222344070691,12.66410771235455],[100.99208774479335,12.664043203930367],[100.99204705111097,12.663910200884791],[100.99198971883291,12.663717460723781],[100.9918415776594,12.663531027445789],[100.99174936469718,12.663210867538512],[100.99186975601326,12.662785165006753],[100.99201939557666,12.662499363411523],[100.99218699785244,12.662376091851398],[100.99236644980519,12.662297932886954],[100.99252368013273,12.66224703729902],[100.99275303080456,12.662079249805666],[100.99289778083788,12.661901914828412],[100.99309225891035,12.661535555024122],[100.99311181253915,12.661164842137369],[100.99298055160813,12.660928564661409],[100.9926188090264,12.660718892299263],[100.99226763512394,12.660389380391095],[100.9920283679497,12.660027378001653],[100.99199805969033,12.659750807868477],[100.99208102898828,12.659545727276736],[100.99221449079172,12.659395575360206],[100.99245628313024,12.659349711926897],[100.99273715667516,12.659292264956489],[100.99288239718861,12.659178193113364],[100.99303256855467,12.658961280473896],[100.99313771276543,12.658723234850278],[100.9931526589351,12.658497191527621],[100.99312385984543,12.658347143295188],[100.99302123091745,12.658243998121822],[100.99283502992202,12.658117710284511],[100.99264771771055,12.65792594390048],[100.99253375653528,12.657766353939069],[100.99242466063561,12.657422590091691],[100.99235828232261,12.656875157689685],[100.99236223490988,12.656495527660482],[100.99249402944017,12.656504722012038],[100.99255306672065,12.656402624372969],[100.99266004169793,12.65632271147895],[100.99285439580292,12.656314483010542],[100.99318383227211,12.656365139624548],[100.99458417554433,12.656829134282759],[100.99562633086839,12.657176046387276],[100.99636399683698,12.65742247088982],[100.99916205221595,12.658087224495489],[101.00296865514757,12.65884716202936],[101.0051989878434,12.659369262632966],[101.00724269374234,12.659787689103975],[101.00991209150803,12.660184420389754],[101.01203572680598,12.660525351259063],[101.01446346069226,12.660982610552436],[101.01739049797638,12.661219165819604],[101.01882729578114,12.661412728245091],[101.02003876826488,12.661702946710994],[101.02148359880492,12.66189643164004],[101.02261385819708,12.66209911232515],[101.0238865014601,12.662343645914275],[101.02441139336881,12.662448082218368],[101.02477171391746,12.662474733820643],[101.02549212324946,12.662498607020787],[101.0257397079249,12.66252837445642],[101.02604757853911,12.662539580081207],[101.02648234427197,12.662521573075786],[101.02661772218191,12.662549934656491],[101.02697873802664,12.662664646564822],[101.02729431528761,12.66270633216539],[101.02776193330878,12.662771661299661],[101.02843545058292,12.662829792882402],[101.02931077887723,12.662873946582474],[101.0298161189538,12.662908517880378],[101.03016143763722,12.66293072312671],[101.03074175649728,12.662988450622828],[101.03133273656316,12.663087852250028],[101.03155779418621,12.663100830061639],[101.03185794018728,12.66308384242426],[101.03199323994377,12.663097505631386],[101.03220376013063,12.663169342413441],[101.03242889680547,12.663196979962603],[101.03331450901312,12.663235413794217],[101.03377966924364,12.663275910816308],[101.03417409702705,12.663324870966759],[101.03470429258918,12.663375050268794],[101.03578760692292,12.663532830330437],[101.03667388298561,12.663654836595709],[101.03728649717846,12.663720185645634],[101.03751874940863,12.663703710780092],[101.03774295273386,12.663613889131911],[101.03783933118406,12.663506943991107],[101.03787622589113,12.663372246461565],[101.03791657731534,12.663307524870614],[101.03800664869395,12.663279737458067],[101.03807792731681,12.663273527710677],[101.03818673755222,12.663284021613977],[101.0382883334176,12.663326148851025],[101.03834925446522,12.663392352537201],[101.03835807412469,12.663491680384043],[101.03834781626243,12.663571979305203],[101.03836272649953,12.663711943392459],[101.03840134327694,12.663794125761566],[101.0385248472555,12.663917451853255],[101.0386898453153,12.663977194111213],[101.03891680646846,12.66401610199085],[101.03915703573837,12.664059460535114],[101.03935227917549,12.664087356543899],[101.03998584926728,12.664260967673203],[101.04100463402089,12.664552524757298],[101.04171857907609,12.664773009469853],[101.04277860099282,12.665257443591363],[101.04337738472357,12.665469737208923],[101.0440187755482,12.665535997308215],[101.04438167336343,12.665455247630462],[101.0446937651611,12.665347790534701],[101.04519091080563,12.665219697207078],[101.04556268756913,12.66523605277645],[101.04625033264777,12.665122299993149],[101.04666083757978,12.665021968360655],[101.04670822460935,12.665045332100277],[101.04669655639211,12.665099654955887],[101.04491595536182,12.665724523849049],[101.04492088980767,12.66583746651912],[101.04496961532701,12.666392890467167],[101.04508980542042,12.666752379796696],[101.04567577827687,12.667447156408237],[101.04625429152321,12.668141987218796],[101.04668826404374,12.668600714922803],[101.04710986137289,12.668883290497105],[101.04734951122941,12.668924386986607],[101.04753500255582,12.66895797935207],[101.04769585399228,12.669003051380884],[101.04790691496488,12.669136987811552],[101.04809697152956,12.669237214404179],[101.04853957955488,12.669412309350014],[101.04873634743305,12.669484201321474],[101.04892536105365,12.669524539591281],[101.04913217748658,12.669561371208728],[101.04946384177768,12.669600609531317],[101.04971373153015,12.669630334944939],[101.04994527948116,12.669666938672208],[101.05021300169032,12.669696525600267],[101.05057306172756,12.669760383150628],[101.05099780226189,12.669855392042612],[101.05137561211082,12.669908968898206],[101.05162901697101,12.669944292105026],[101.05230539178608,12.669928929845526],[101.05308483211034,12.669997432474371],[101.05456723109387,12.670060577403058],[101.05513575417595,12.670008726291385],[101.05570381911721,12.669970465263303],[101.05621727457404,12.669939361247541],[101.05652378154564,12.669930216461088],[101.05679634387755,12.669914560592931],[101.05701322054333,12.669912883084541],[101.05724091023021,12.669900941573227],[101.05736470616118,12.669913532527445],[101.05751663642859,12.669922537083893],[101.05766180238183,12.669948548979271],[101.05792422003927,12.670031215762528],[101.05817984733149,12.670127521685412],[101.05853932166715,12.67026370647012],[101.05879918092265,12.670389334468046],[101.05898903446804,12.670459050841583],[101.05916561810008,12.67052883292898],[101.05936928593792,12.670605216334346],[101.05957690636301,12.670671389207715],[101.05977024537174,12.670747852326217],[101.05991917975761,12.670811073319115],[101.06006811504183,12.670874331106667],[101.06030298226781,12.670967427196681],[101.0604241218805,12.671010540032562],[101.06066213141337,12.671062928196413],[101.06080034530464,12.671082180015709],[101.06087624216639,12.671078186091558],[101.06096296282895,12.671060596873406],[101.06105580730683,12.671016936272652],[101.06120771152308,12.671018016919907],[101.06128266425543,12.671112350486561],[101.06130311889443,12.671222876186288],[101.061325919933,12.671339085527382],[101.0613596705365,12.671457429813275],[101.06138111511899,12.671695624811976],[101.06142896298429,12.671851137646179],[101.06175329253108,12.672122039903691],[101.0620558648817,12.672260918654372],[101.06223654033987,12.672267402506366],[101.0624447850941,12.672265787240182],[101.06257807172608,12.672314468711235],[101.06267928041756,12.672382575427688],[101.0627817916662,12.672542216714435],[101.06283367386543,12.672697698356824],[101.06279661117341,12.672809817597331],[101.06270789355598,12.673080516380269],[101.06278423238881,12.673271975132808],[101.063236305064,12.673548658556221],[101.06361207573721,12.673633845656045],[101.06439633552297,12.674084155035645],[101.06502822217192,12.674330046104835],[101.06603508268844,12.674557215618609],[101.06677115953731,12.674670100912568],[101.06830284548722,12.674849091336677],[101.07008883371427,12.674893938835352],[101.07037975761064,12.674803569859712],[101.07049871880876,12.674786837165369],[101.07054947541893,12.67480676442648],[101.07074743625981,12.674885441904134],[101.07077885753181,12.674854693440073],[101.07104926660199,12.674931657494156],[101.07161954229717,12.674956606652529],[101.07208285738811,12.675055795023612],[101.0731270078704,12.675203538070148],[101.07427780993646,12.675304134756265],[101.07700853838155,12.675297509877511],[101.07882365088847,12.675312679000372],[101.07927005519416,12.675311445873763],[101.07978886011851,12.675302870954823],[101.08024906164869,12.675301529151778],[101.08047397015142,12.675299769295085],[101.08140377947107,12.675248438968262],[101.081583588055,12.675217676525271],[101.08252951764244,12.675313067255594],[101.08359556994965,12.675251593213995],[101.08403979763744,12.675196176117019],[101.08507901996208,12.675159782649159],[101.0861285612344,12.675122156925005],[101.08726758908205,12.674981063258283],[101.08782229697333,12.674932656617422],[101.08813693010499,12.674856742519806],[101.08843674911928,12.674869083448256],[101.08860170855151,12.674853091336679],[101.08863116251304,12.674794113240749],[101.08873365310045,12.6744544109216],[101.08901622266464,12.674186699583396],[101.08910630751797,12.674156637277026],[101.08916816910168,12.674405798220654],[101.08922916920106,12.674479872835589],[101.08924473341168,12.674553192826904],[101.08923084455907,12.674685454998425],[101.08929199737202,12.674847668023737],[101.08962311458914,12.674962559323113],[101.09032812410223,12.675001067629461],[101.09055327515007,12.674955247319168],[101.0907018645829,12.674836584763044],[101.09088118178833,12.674745924794081],[101.09092676589913,12.674760261346515],[101.09097295367778,12.674922590888611],[101.09112390478148,12.675024164897975],[101.09134929118795,12.675081138560333],[101.0921891270454,12.675074531204245],[101.0928355223845,12.67518808497972],[101.09294008987683,12.675172565280207],[101.09314954106847,12.675111058777039],[101.09343391714469,12.674991326180134],[101.0934494445244,12.67506461009088],[101.09345065365675,12.675212596777932],[101.09340651313863,12.675301083052636],[101.09322730732431,12.675405292312897],[101.09303390094195,12.675598861494517],[101.0930203741104,12.675775208856733],[101.09314263751551,12.676098445867371],[101.09341529686549,12.676376448737331],[101.09400246537959,12.676637313825964],[101.09468382314955,12.676733595341487],[101.09483258865218,12.676848805682608],[101.09495928793817,12.676934798858966],[101.09522006796682,12.677027620168953],[101.09739827232505,12.677692784521682],[101.09793225248949,12.677847856364563],[101.09828514846235,12.677951237248607],[101.09944696746706,12.678273072743652],[101.09962701410451,12.678271651202701],[101.09988229824029,12.678328380496097],[101.10016836853914,12.678415369653306],[101.10081415931205,12.678527758941353],[101.10139988423347,12.678611230115743],[101.10518224073728,12.678817395262902],[101.10600840423609,12.678898987318757],[101.10867836075386,12.678848425452786],[101.10909791890732,12.678801046700102],[101.1093669993692,12.678710809695803],[101.10944571334767,12.678701115714524],[101.10945858440905,12.678725889221484],[101.10963766625589,12.678749306042173],[101.10967943881491,12.678721877888949],[101.11027464814913,12.678766830751512],[101.11150525924,12.678715263615995],[101.11316062254328,12.678542822702488],[101.1144086564591,12.678369096852101],[101.11512811088194,12.678275270785974],[101.11654063081785,12.678165746379923],[101.11693370933166,12.678117418345009],[101.1176065366997,12.678020551908482],[101.11901291036243,12.678002569660014],[101.12030578817721,12.677900753195313],[101.12205132526704,12.677716247887281],[101.12375616508122,12.677480086542127],[101.12539465982012,12.677290752754812],[101.1269858995818,12.677022719246697],[101.12824309451685,12.676638749398734],[101.1292397295105,12.676257971767679],[101.130516397226,12.675795879245475],[101.13261224853053,12.674787247332016],[101.13252629233426,12.66832400071041],[101.13248692815851,12.665321702794557],[101.13951191358045,12.658323538786114],[101.14642226139573,12.6514199680351],[101.14648922181699,12.651308711513092],[101.14766569953051,12.646930841247553],[101.14773279200412,12.646907719521796],[101.1477776457846,12.64690735839546],[101.14789015887563,12.64695164808175],[101.14793635294248,12.647039374577485],[101.14671519482332,12.651505706836408],[101.14446231082061,12.653798966072895],[101.14456626206864,12.653914508452104],[101.14325047092592,12.655254700865797],[101.1400651437431,12.65844446596628],[101.14180592155854,12.660193860021248],[101.1387578937821,12.663230044574888],[101.13710700139396,12.661641486916295],[101.13518206086043,12.663544569677056],[101.13571075533774,12.664036238691907],[101.13570556936364,12.6676963782516],[101.13594425981945,12.667694462334541],[101.13595495695786,12.668978817694736],[101.13573701668679,12.668987341116235],[101.13575649575537,12.669737290663619],[101.13913720291924,12.669742879732823],[101.13914972902757,12.672902404650344],[101.13885002320102,12.672898040900899],[101.13878903927129,12.673794370474511],[101.13917621315876,12.673799139994694],[101.13947433525546,12.673401367663878],[101.14125981323947,12.673393768146353],[101.1413147470157,12.673426084718372],[101.14133549989539,12.673500469873977],[101.14133611344475,12.67357390583572],[101.14131659664687,12.673647503039092],[101.14125999649578,12.673690861697857],[101.1402124737379,12.673689153539325],[101.14005594768956,12.673684749487634],[101.13993381993002,12.673732040672704],[101.13980519016451,12.673826838617707],[101.13964247382553,12.673975030231267],[101.13950767173566,12.674156866024351],[101.13944285289803,12.674525629252368],[101.13945163752318,12.674746991402749],[101.13949385834155,12.674913818761183],[101.13954292162742,12.675073853728923],[101.13961175683268,12.675186237479956],[101.13968705541645,12.675246634413671],[101.13979678193344,12.675298870085447],[101.13998753828572,12.675271348659862],[101.14013029585573,12.675215971006232],[101.1402718829209,12.675088307703644],[101.14043470436278,12.6749525531923],[101.1409180429014,12.674902353382494],[101.14171472459091,12.674828159696663],[101.14264132872167,12.674813918678282],[101.14345243016808,12.674814154436415],[101.14423373988646,12.674759288515343],[101.14543707902361,12.674612878253592],[101.14609271443372,12.674528520579454],[101.14673733290519,12.674434069083633],[101.1471736212825,12.674393269714603],[101.14767609393665,12.674292080204784],[101.14850536380975,12.674126061381084],[101.14978564724424,12.673895464651414],[101.1508548104173,12.673668791482408],[101.1511556894436,12.673601949796046],[101.15134098314063,12.673539446414283],[101.15142346016181,12.673498135067536],[101.1514850720139,12.67343663429517],[101.15150384590501,12.673274942723475],[101.15137544880314,12.6596128829213],[101.15132038656782,12.658188828001343],[101.15132346689093,12.658147011943177],[101.15135378952333,12.65812640761248],[101.15807709282508,12.658096893842826],[101.15802897726185,12.647474332239623],[101.16029255031812,12.647455984958489],[101.16041525389775,12.662037692943443],[101.15805381208617,12.662056854291606],[101.15796394372684,12.670700085557693],[101.15811838119218,12.670801626192784],[101.15897747782762,12.671176474118944],[101.15988466846676,12.671456056438263],[101.16134227484675,12.671724350845432],[101.16264166454903,12.67178718947047],[101.16336197865961,12.67173502319355],[101.16429980993476,12.671620082234915],[101.16598452928324,12.671399629737854],[101.16858498135083,12.670904002909024],[101.17147257181421,12.670560732679384],[101.17429725235989,12.670126481350605],[101.17436622321075,12.670115775630405],[101.17639041949835,12.669846177137853],[101.17789075154992,12.669526627277337],[101.17877978274556,12.669292291860636],[101.17923396286838,12.669128144493019],[101.17939020415081,12.669099767868087],[101.17947841422013,12.669126140942316],[101.17951978523222,12.669185693544245],[101.17955550494287,12.669329984178862],[101.18098831512607,12.669121684225118],[101.18106240906904,12.669039716549332],[101.18115742926652,12.668984746840946],[101.18129300570416,12.668964423848109],[101.18152444765394,12.668988510293008],[101.18179011182282,12.669047332849129],[101.18213760442924,12.669117883964343],[101.18273748500293,12.669246291729326],[101.18396329280196,12.669449697524875],[101.18556196073274,12.66953713582274],[101.18927547664137,12.669525766610793],[101.19201653661048,12.669610495799695],[101.19317905630113,12.669541057902766],[101.195005668142,12.669244708872423],[101.19791468252654,12.668993632233789],[101.19994632225459,12.668790463590883],[101.2016930514088,12.668702571038169],[101.20299790107138,12.668598005829185],[101.20450616345025,12.668405911647355],[101.20577549103155,12.668120884120651],[101.20661723311403,12.66794670505219],[101.20739124042744,12.667786669990802],[101.20781928855864,12.667730037389044],[101.20817900094787,12.667687482296172],[101.20853243052001,12.66765067845428],[101.20869567955992,12.66763577619226],[101.20893373400855,12.667627024848777],[101.20913108219837,12.667632159963633],[101.20936857160669,12.667623413878713],[101.20969515861978,12.667608264456476],[101.20997397681936,12.667592399850793],[101.21026612152617,12.667583198887385],[101.21067383629091,12.66757303645886],[101.2111021655948,12.667549118158449],[101.21150393530897,12.667579683449684],[101.21183008394426,12.667583745791664],[101.21269908540403,12.66769962987664],[101.21303185013133,12.66767087621966],[101.21340000668421,12.667606849867607],[101.21469121722585,12.667588180624508],[101.21490838225084,12.66756153481546],[101.21512354043948,12.667564259696194],[101.21579853364567,12.667529247299044],[101.21692169814369,12.667437419052373],[101.21720244412789,12.667444110745663],[101.21787529125882,12.66736169554096],[101.2180742177886,12.667353263215828],[101.21817410865157,12.667330961068732],[101.21835922807544,12.667316980813522],[101.21850138377421,12.667325974067881],[101.21959391302612,12.667218585247321],[101.21971456665023,12.667204030910895],[101.21986491408609,12.667162096257249],[101.22051393969234,12.667119406096131],[101.22099308040363,12.667052147254246],[101.22171892364479,12.666978311504426],[101.22187212502827,12.666935241809041],[101.22192449321606,12.666940468088811],[101.22214686846972,12.66691488447124],[101.2227747378527,12.666819248696608],[101.22299404176638,12.666769999987979],[101.22349290139648,12.666720635578137],[101.22391037096691,12.666705855965048],[101.22399100195017,12.666718728418253],[101.22448402342923,12.66666152763811],[101.22470543479061,12.666659676570704],[101.22497837082169,12.666622340573785],[101.22513893749218,12.666567918127019],[101.22536766293658,12.666544572932409],[101.22565237767768,12.666478895936535],[101.22587635013589,12.666503005404071],[101.22633396900962,12.666475487410851],[101.22645937112831,12.666408884862546],[101.22657752743595,12.66637176969515],[101.22690969837687,12.666336230385683],[101.22705365340117,12.666292088679088],[101.22725826447005,12.666270054633962],[101.22752227484047,12.666203438008738],[101.22787785587772,12.666150786786311],[101.22811823157301,12.666079851839328],[101.22843235625817,12.666019627147621],[101.22927698462766,12.665982050031923],[101.2298764798241,12.665931830049589],[101.23100703206704,12.66576874015264],[101.23132841693634,12.665750239930844],[101.23209890734545,12.665653386322182],[101.23333487419204,12.665440803626868],[101.23368101932552,12.665361091643858],[101.23425714305321,12.665268159156678],[101.2346042062649,12.665229081435358],[101.23487055135675,12.665166991441113],[101.23512568457556,12.665137716006223],[101.23577280665171,12.665008020407768],[101.2363668382946,12.664928480951719],[101.23655057790619,12.664890810770611],[101.23657177724854,12.664883858702154],[101.23668536921622,12.664846739806906],[101.23690840383328,12.664832428990541],[101.23737305292241,12.664756232294028],[101.23818654927743,12.664577679146737],[101.23847832028508,12.664526662185908],[101.23880198597689,12.664446022622469],[101.23904990302901,12.664376163494328],[101.24013469239642,12.664180627775341],[101.24166683379218,12.663767856434763],[101.24258446824481,12.663592930275342],[101.242863057374,12.663552197535067],[101.24304474164019,12.663542745757402],[101.24348561052713,12.663441903401655],[101.24601890095084,12.662871535426207],[101.24795766386164,12.662457555071786],[101.25114370700175,12.661751744140185],[101.25357753505891,12.661321102013259],[101.25582965010373,12.660897641848745],[101.25793913873262,12.660476484353836],[101.26259931366066,12.659451892528304],[101.26293606870451,12.659353051306075],[101.26311623751283,12.659300662489064],[101.26341542770642,12.659250666445756],[101.26440700249007,12.658989242776215],[101.26463845432133,12.658947706446039],[101.26493975196257,12.658871743764204],[101.26591094576905,12.658582209237336],[101.26603157873194,12.658566487812886],[101.26614109234822,12.658529393416103],[101.26691203999978,12.658357931898749],[101.2685850021978,12.657879414952667],[101.2688457085646,12.657834293627623],[101.26925666085764,12.657733629570425],[101.26980153309489,12.657564087893853],[101.27000827676429,12.657525015127492],[101.27023410873514,12.657440659687413],[101.2705439116255,12.657351035672043],[101.27066856634589,12.657334130041246],[101.27109197108537,12.657209667471456],[101.27132050878187,12.657167076440111],[101.27216580280297,12.656887628332033],[101.27246666835455,12.656827429517204],[101.27327590939004,12.656567494268963],[101.27421679942877,12.656301917679482],[101.27478143729724,12.656088150941928],[101.27516352761849,12.655980951969896],[101.27547880304553,12.655858518689612],[101.27636265455526,12.655579875519583],[101.27641960145606,12.655519537910692],[101.27644018545247,12.655439152311466],[101.27653110124746,12.654538095264515],[101.27731725019026,12.65368194937345],[101.27736216056455,12.653688339036204],[101.27737844522403,12.653709667711718],[101.27737414409047,12.65380686505973],[101.27662855138779,12.654628760665993],[101.27654711102245,12.655433722450143],[101.27715514380735,12.655378813792796],[101.27784935287575,12.655316391839964],[101.27785233887577,12.655262142279016],[101.27800413170088,12.6551264473303],[101.27813358701816,12.655068856540744],[101.27836041342402,12.655025127464951],[101.27857881183593,12.6550085635121],[101.27947622341487,12.654835949669849],[101.27964490097408,12.654789349162611],[101.27989307404606,12.654755577002668],[101.28020642258683,12.654807118307705],[101.28042939611844,12.654783740482843],[101.28091125692839,12.65464295986359],[101.281123132673,12.654537210882076],[101.28120497458529,12.654686746853443],[101.28135486927025,12.654791616650384],[101.28146406937446,12.654847163520948],[101.2816184358729,12.654874081494677],[101.28184061529382,12.654829279558085],[101.28198376812254,12.654820130723827],[101.28235943908277,12.654703945408439],[101.28239490367189,12.654682210999489],[101.28243640763465,12.65462763086558],[101.28244617591506,12.654433226239863],[101.28246318731158,12.654404840091395],[101.28256008947957,12.654370141425797],[101.28266470458263,12.654363618552965],[101.28270288927042,12.654389237612806],[101.28264545099114,12.654462017325535],[101.28263834082567,12.654501645381757],[101.28267938664762,12.654590533266665],[101.28274907076087,12.654665590052305],[101.2828998359133,12.654741100839431],[101.28312545857669,12.654757266005214],[101.2833318150722,12.65474305892549],[101.28430787954413,12.65462061102739],[101.28459080843446,12.654549264427537],[101.28524991044323,12.654418243444569],[101.28562109162371,12.654314529590787],[101.28591234969332,12.654209205573299],[101.28653846736151,12.654056997763307],[101.28706609014871,12.653887571094243],[101.28786469153798,12.653663812021279],[101.28961836916091,12.653087357687095],[101.29016150675133,12.652853390195993],[101.29040981636723,12.652772193870884],[101.29098970493429,12.652529987858925],[101.29137096161897,12.652394532495363],[101.29211142314473,12.652102381271186],[101.29249150932459,12.651962457269109],[101.2926567705908,12.651918099208398],[101.29309003703545,12.651748327530052],[101.2933448082332,12.651618512055208],[101.29392835833333,12.651398846899877],[101.29429124986036,12.651266952176861],[101.29493895045154,12.651021933781511],[101.29598505027802,12.650628868704471],[101.29684174481838,12.650278074408181],[101.29717553182851,12.650108043945364],[101.29750951107809,12.649959443156778],[101.29791577686028,12.649793265621057],[101.29828778538912,12.649648887678342],[101.29854641485099,12.649567558857216],[101.29945699752864,12.649199376604127],[101.29998764943495,12.648983598455715],[101.30050449782858,12.648766755160594],[101.30096335997069,12.64856514112167],[101.30112010520797,12.648407889107968],[101.30123417867266,12.648237495398581],[101.30124714136221,12.648081484330016],[101.30121690496804,12.647912300872434],[101.30108450946486,12.647644656336896],[101.30092382691167,12.647362487607113],[101.30070431997872,12.646997289354038],[101.30057223708926,12.646701363789781],[101.30049745234182,12.646376702862202],[101.30046312322324,12.645754625647605],[101.30054496154226,12.64525916724744],[101.30058825854232,12.644954952983644],[101.30055517808201,12.644602801915141],[101.30049740113786,12.644123279221768],[101.30063842945094,12.643751561081167],[101.30105847449127,12.643644001933405],[101.30161834500055,12.643678695921144],[101.30187968647625,12.643833447475259],[101.30249918535742,12.644225687680848],[101.30300716648092,12.644694581405918],[101.30343031430226,12.645256850589538],[101.30398626546193,12.645812270253469],[101.30453273759871,12.64607977295988],[101.30530486024664,12.646241389736467],[101.30597981392697,12.646150826538729],[101.30850565013044,12.645114614941731],[101.30989598706871,12.644442922257932],[101.31145440418655,12.643338271097589],[101.31183239908844,12.643098925029712],[101.31216430322972,12.642977455894085],[101.31252003518392,12.643016156607377],[101.31293008197515,12.643205729712184],[101.3135082565566,12.643226692872691],[101.31408526063328,12.643117788901932],[101.31479449312651,12.642938777964837],[101.31682106635635,12.642223144933972],[101.31850114590635,12.641478829548666],[101.31975331836068,12.64092236789636],[101.32494992944719,12.638566064707552],[101.33652052046247,12.633339112816437],[101.33843303370234,12.632556567154101],[101.34118165658791,12.63139388454133],[101.34881067819002,12.628125756816504],[101.36091594736075,12.622441392001544],[101.36149377878579,12.622181010640128],[101.36216821054489,12.621605767757137],[101.36300573683374,12.62138265014349],[101.36344416948961,12.621221726825175],[101.36575504513384,12.620258126484915],[101.36875868805043,12.618717977504737],[101.36902087124756,12.618591404515696],[101.37291968624309,12.616601614866726],[101.38184589847171,12.612188274903614],[101.3823898616139,12.611877340420323],[101.38270919293448,12.611648575771547],[101.38297501610515,12.611420326383785],[101.38312776383941,12.611209998874241],[101.3832339321296,12.61100349248014],[101.38329432676446,12.610818823120624],[101.38335457587226,12.610618388928359],[101.38343222983868,12.610433602697325],[101.38357791681482,12.610270749135195],[101.38368474806167,12.610192997653989],[101.38391105524131,12.610166143353604],[101.38424083576525,12.610138365941877],[101.38437375408796,12.610208314413619],[101.38459458873088,12.610274110195183],[101.38477305972332,12.610298498479912],[101.38495109054128,12.610275442696773],[101.38521228199835,12.61016581548793],[101.38550478243799,12.610023152681936],[101.38595201229546,12.609819224427332],[101.38715440640495,12.60926749267556],[101.38810585254653,12.608812820776016],[101.38864249531748,12.608518855927336],[101.38960923078523,12.608039246293082],[101.39043148840918,12.607543937497788],[101.39234549375075,12.60653173019382],[101.39549948230656,12.604749379755345],[101.39674484463271,12.603997294145083],[101.3976454676888,12.603523841658676],[101.39892735102282,12.602806432695463],[101.39919539842212,12.602633480284389],[101.40094753543437,12.60159895271223],[101.40217487216601,12.600828910502525],[101.40352125992733,12.600004719540964],[101.40430142339537,12.599502983158466],[101.40474259411624,12.599210997701084],[101.40541529122856,12.598774623663598],[101.4064761422903,12.598099811927172],[101.40801866641412,12.59709763085614],[101.40946502139521,12.596083911200608],[101.41053674027525,12.59534459029533],[101.41157845722141,12.594593138998826],[101.41229822695294,12.594027567297905],[101.41285733479251,12.593563963690128],[101.41335699931309,12.593134761127937],[101.41364164218896,12.592832889701786],[101.41402710029423,12.592428440611464],[101.41440596386698,12.59193145080782],[101.41464206897145,12.591540784805622],[101.41495602746828,12.591114403621749],[101.41513848338734,12.590764896277726],[101.41531378332684,12.590327332193874],[101.41536352124746,12.589868324654896],[101.41535422637922,12.589491163087855],[101.41527890893084,12.589121368905671],[101.41521629905051,12.588881367204156],[101.4150891829462,12.588693910595721],[101.41489591400611,12.588560124027357],[101.41456578583411,12.588486269996254],[101.41428335730544,12.588412022296348],[101.41392282834762,12.588286517087592],[101.41358016418586,12.588101003736366],[101.4132440999465,12.587762909848019],[101.41312114034706,12.587342730469551],[101.41304529918087,12.58698086054245],[101.41305177423745,12.586686014097891],[101.41314210253418,12.586384786491958],[101.41328877226728,12.586209515456979],[101.41348805452991,12.586059750091833],[101.41356984254325,12.586013821783517],[101.41365625777863,12.586035655835415],[101.41371586548932,12.586075755648555],[101.41380763827708,12.586114454443438],[101.41387577459305,12.586083343733957],[101.41393371233562,12.586009430249154],[101.41394192383562,12.585839922576579],[101.41393127430793,12.585684167177257],[101.41397578583027,12.585588871882162],[101.41408077463244,12.585561943112538],[101.41414024939246,12.585591902738452],[101.41418623594848,12.585650222824336],[101.41423217489383,12.585707433833754],[101.41430080707983,12.585729391530608],[101.41439208309924,12.585715021053296],[101.41469549537464,12.585511206725283],[101.41476530525199,12.585356983652247],[101.41487788032678,12.585279171134365],[101.41502513396479,12.585227027537243],[101.41512919570563,12.585226088557885],[101.41518599797764,12.585276391019494],[101.41525191365824,12.585314174627618],[101.41541669791904,12.585291258627986],[101.41547456199974,12.585145026832528],[101.41552335938431,12.585076820602573],[101.41557066736208,12.585034608585742],[101.41562678781285,12.585008120754223],[101.41569230643809,12.585007528960004],[101.41580718479324,12.585055049593761],[101.41600425450535,12.584918886059876],[101.41603877137182,12.584858692230046],[101.41613401614812,12.584837512997387],[101.41623452235707,12.584887421005499],[101.41636566650706,12.585018400438921],[101.41654806583225,12.584969306063858],[101.41691354899886,12.584581985597183],[101.41713830299136,12.584456822194928],[101.41723445596445,12.584468389824012],[101.41732577420466,12.584458534456566],[101.41741226220357,12.584423851731312],[101.41750674431019,12.584321367621873],[101.41754944482892,12.584213689694044],[101.41756020664602,12.584135648001588],[101.41770283935023,12.583896051072715],[101.417803749801,12.583558567990671],[101.41791468724701,12.583310188238803],[101.41799541614667,12.583151351321842],[101.41806904386397,12.583095318956245],[101.41815044919504,12.58300875677415],[101.41826358751349,12.582995298829871],[101.41838965887709,12.583011110818404],[101.41850387607222,12.583112856360311],[101.41856646529132,12.583350598842973],[101.41859115279195,12.583653082867135],[101.41862903205254,12.583952042056968],[101.41861373374327,12.584161140828851],[101.41859795483528,12.584379273301138],[101.41863451177576,12.584537051240511],[101.4187009044618,12.584690080695546],[101.41871169143171,12.584920408944214],[101.41876158026935,12.585153751189727],[101.41906904035342,12.585446869605164],[101.41932358966727,12.585734839529069],[101.4194512187096,12.58591666356153],[101.41952023896782,12.586104643852362],[101.41949129614767,12.586453912061204],[101.41960185270803,12.586840334565503],[101.41979236112526,12.587045314759154],[101.42000627963881,12.587170990659642],[101.42016806981474,12.58725875956422],[101.42031172839496,12.587309421084411],[101.42027869913862,12.587467828463392],[101.4202143339502,12.587591542926813],[101.42020683211923,12.588386738550913],[101.42027003129444,12.588809711200566],[101.42040122934334,12.589251277459017],[101.42058414160657,12.589441631210066],[101.42086833532483,12.589643503119497],[101.42138363861618,12.589907644469008],[101.42186941787742,12.590085077586741],[101.42233030482215,12.590119321189402],[101.42284013827177,12.590105673370944],[101.42335814549212,12.590043355600768],[101.42373138471292,12.589989159704926],[101.42398857148042,12.590071544616091],[101.42413291098364,12.590194479301546],[101.42416112257516,12.590446077819191],[101.42415517842292,12.590731886295895],[101.42409343811175,12.591074678075177],[101.42384086958309,12.591299472054976],[101.42338591151923,12.59146736385069],[101.42313707189733,12.591539642452654],[101.4228308299288,12.591746860637016],[101.42261555495914,12.591966799693306],[101.42240958653588,12.592258937179905],[101.42233175829628,12.592541991655159],[101.42228005126852,12.592789798748628],[101.42226164478836,12.593157068870861],[101.4222831414731,12.593608657125927],[101.4223016261067,12.594168675850641],[101.42230733759529,12.594351602054711],[101.42237925042872,12.594598325552589],[101.42265719905909,12.595053216420702],[101.4230136775133,12.595480302933771],[101.42319137595457,12.59579268632759],[101.42341631050847,12.596235657301436],[101.42350483049657,12.596721649427732],[101.42353550976014,12.59692692418343],[101.42355437887271,12.597098443548571],[101.42356057814648,12.597268930057854],[101.42350565245505,12.597482902012532],[101.4232601967868,12.598036318708015],[101.42324300393059,12.598167489558694],[101.42323985084394,12.598321110535847],[101.42332987461184,12.598598166172426],[101.42341812780028,12.598750958423995],[101.4234889231295,12.598882442762115],[101.42356335843226,12.598972146884986],[101.42371668378328,12.599072386089682],[101.42380466208724,12.599195831950311],[101.42381921479485,12.599336892947852],[101.42382349706382,12.599548070942831],[101.42413688962205,12.599920214499083],[101.42472754898934,12.600425337554462],[101.42487422770557,12.600616014395621],[101.42496258959018,12.600780129497934],[101.42498562149575,12.600905273537775],[101.4249830568056,12.601061183632023],[101.42498019746807,12.601366171597896],[101.42496452366298,12.60165884191362],[101.42493686633202,12.601835261354061],[101.42486993555514,12.601990607181106],[101.42474953166268,12.602149843591409],[101.42458255012271,12.602248472858001],[101.42441642737217,12.602314377637951],[101.42426897700309,12.602346211386909],[101.42418260488684,12.602397809719672],[101.42405688206959,12.602480260777739],[101.42394953878303,12.60261791322036],[101.42386993637074,12.602896469456645],[101.42384002965831,12.603446821901809],[101.42404401639807,12.60428980102601],[101.42444083639506,12.604909634888459],[101.42477238749842,12.605316624142695],[101.42500150640491,12.605590120859954],[101.42511630840329,12.605688488433904],[101.42521830581558,12.6057756829235],[101.42530240249923,12.605850569064328],[101.42532765953176,12.605967809286819],[101.42526274367607,12.606097156131691],[101.42516242072345,12.606191813486877],[101.42507391421007,12.60625697735197],[101.4250084458905,12.606327631717685],[101.42498605448371,12.606450930311418],[101.42495872413953,12.607090453038754],[101.42495693289884,12.608489855407583],[101.42502185324611,12.609033684081204],[101.42510989622878,12.609467715776042],[101.42529067409487,12.609677290799297],[101.42533386150048,12.609805619736802],[101.4252599831532,12.610203889104474],[101.42489531206361,12.611107358033099],[101.42471969232386,12.611201588365157],[101.42442801114774,12.611248278346551],[101.42408457892641,12.611473900592557],[101.42389049251939,12.611503900145834],[101.42378767943683,12.611634702049333],[101.42366944677238,12.611660646242342],[101.42355615124875,12.611598423130143],[101.42324372797272,12.611575278046645],[101.42299559173168,12.611724348232508],[101.42290791436329,12.611941985621321],[101.42285748473991,12.612265504178835],[101.42299462963601,12.612908050810839],[101.42329432019122,12.614081067023863],[101.42421944120339,12.615725093558225],[101.42493522960157,12.616811906388699],[101.42592272154225,12.618174080861605],[101.42636150993098,12.618669320880331],[101.42661854398492,12.618852219071741],[101.42699583730257,12.618860076184589],[101.42747591046513,12.618793571673434],[101.42804474885587,12.618932994878845],[101.42809670741188,12.619075935866915],[101.42807753377048,12.619236511641796],[101.42811222221515,12.619438344299811],[101.42835749911868,12.619533263213942],[101.4284586413348,12.619528975694442],[101.42852716751963,12.619478648397381],[101.42857333194209,12.619311053719482],[101.42862770427128,12.619102748908432],[101.42867780960289,12.619049183309077],[101.42877323404225,12.619046057297307],[101.42923689318796,12.619492507668655],[101.42936730071943,12.619726259374808],[101.42969314931739,12.620068891391776],[101.42992637082976,12.619864583676044],[101.43010776404184,12.620074147558759],[101.4293485142519,12.620842316445421],[101.42946572373522,12.620955314027844],[101.42959957989909,12.620939438634521],[101.42995654524016,12.621108988836557],[101.4301321488102,12.621072378148734],[101.43053743722538,12.621366838769008],[101.4306546053862,12.621475358409121],[101.43076678699889,12.621359123743597],[101.43113142754572,12.621730786785045],[101.43153593801989,12.621336276712704],[101.43206993255735,12.621863390147972],[101.43265202559012,12.622487215601357],[101.43255997162969,12.622787352350707],[101.43300633551122,12.62304531279681],[101.43340656730963,12.623107170213247],[101.43390850366958,12.623407552560133],[101.43347960393551,12.624080084202326],[101.43369831855435,12.624162804407122],[101.43393173589945,12.623915558881865],[101.43525188746457,12.624817247259582],[101.43603632332015,12.625436919221317],[101.43611580895143,12.625632716027152],[101.43658717833722,12.626162645864049],[101.43651346797489,12.626576718365119],[101.43725972363421,12.62686468326179],[101.43744414866035,12.626422508614256],[101.43751358933015,12.626349593807696],[101.4375838169241,12.626355725559767],[101.43774900902004,12.626433267885609],[101.43783607463568,12.626458453204378],[101.43809173426722,12.62655437759263],[101.43824250930115,12.626569950213991],[101.43833613261836,12.626555548716896],[101.43845605411552,12.626528472602782],[101.43862803657666,12.626654509575397],[101.43885955218835,12.626691918914075],[101.43894524697485,12.626878626285476],[101.43903778063564,12.627114974709915],[101.43943362596056,12.627381303076357],[101.439824614993,12.627437572078746],[101.44029640209538,12.627466010312689],[101.44126706140428,12.627649134510905],[101.44140437518367,12.62739376902255],[101.44211485633514,12.627608620443153],[101.44209009068109,12.627846041133767],[101.44292635304031,12.627984090179968],[101.44367274165032,12.627924144022373],[101.44633141353151,12.629048436751305],[101.44678029539077,12.629386545400161],[101.44711856319752,12.62952574281092],[101.44774303066053,12.629401398176695],[101.44819508536941,12.629712384123129],[101.44833692396287,12.629810452279369],[101.44969073450338,12.63043617279429],[101.45050035283128,12.630794645964015],[101.45109876465949,12.630894179338808],[101.45225987309682,12.631026953266067],[101.45312693239893,12.631077711318879],[101.45470418898493,12.631134366077184],[101.45510105479599,12.631083267924733],[101.45525679392014,12.631010702447245],[101.45557384262159,12.630853010106865],[101.45629233854203,12.631061009943954],[101.45688518351042,12.631362761799455],[101.45888605683827,12.631698941558456],[101.46069455774469,12.632000758403922],[101.46317407591381,12.632061432036418],[101.46827165402841,12.632711172921157],[101.47414742470741,12.632963888493194],[101.47878799839596,12.632436307056325],[101.48250837653504,12.632555280350148],[101.48587590900694,12.632335274470304],[101.48718697141798,12.632215761106592],[101.48914729389563,12.631869944120345],[101.49102048338396,12.631310354091488],[101.49214786906553,12.630872893463474],[101.49316865167235,12.630471433967127],[101.4939896453667,12.630161103747369],[101.49468857867518,12.629893658008534],[101.49534348465328,12.629593908280246],[101.49591319530815,12.62928362959032],[101.49616715083559,12.629085849246124],[101.49669631692844,12.628686758976919],[101.49705184766,12.628467710503827],[101.49717060134731,12.628441729445022],[101.49732143387342,12.628459524090685],[101.49751131167334,12.628648633761843],[101.49771512863153,12.628973100698092],[101.4977028450683,12.629248815309882],[101.49760227507899,12.62960662657348],[101.49740676394394,12.630141523631295],[101.49797821553382,12.630484047904098],[101.49835313280757,12.630483903268972],[101.49899992699865,12.630536574995824],[101.49992245637125,12.630791093203484],[101.50152271791332,12.631090063130193],[101.5033142199996,12.631361247956949],[101.50474396692771,12.631443820295557],[101.50842369989346,12.631409230712032],[101.51108405072588,12.631210255488465],[101.51192531310798,12.631037462519894],[101.51206073503538,12.631009059746171],[101.51523070641673,12.630883180950123],[101.5169132051298,12.630771308893561],[101.51891021390533,12.630829243519816],[101.52030045831711,12.630816108037473],[101.52206038102793,12.63068430174048],[101.52558292858185,12.630574137167446],[101.52787182694263,12.630437244847649],[101.52908345393661,12.63021459251091],[101.53017777083592,12.630049485582502],[101.5322129211801,12.629953379300389],[101.53522433362561,12.629617571545705],[101.53878362946116,12.629334135533984],[101.5417967073832,12.629169880073881],[101.54445543675654,12.628818163075765],[101.54787593479591,12.628343905330823],[101.54971497842197,12.628190811660897],[101.55123856695793,12.627888255739686],[101.55280202272618,12.627662136038222],[101.55375926569631,12.627480151412215],[101.55544543582394,12.62681690389917],[101.55590036334506,12.626539251154645],[101.55647795312332,12.626338320850667],[101.5567044938649,12.626394879357411],[101.55688667220454,12.626560291945482],[101.55729873661188,12.627118731766531],[101.55747714112901,12.627310158373165],[101.55773694199399,12.627471421483586],[101.55802811652032,12.62761206718095],[101.55833529273676,12.627740123273641],[101.55866399348572,12.62783859015606],[101.55912657824634,12.627925633340842],[101.55948476888949,12.627980925707659],[101.55962730457561,12.628089097167514],[101.55979844621363,12.628243326074934],[101.55996814425902,12.628483350505647],[101.56035285676262,12.6289506023502],[101.56070927952123,12.629403433596085],[101.56094494445122,12.629683530640458],[101.56115933547861,12.629908469556415],[101.56141066612879,12.630089016619694],[101.56173974596683,12.630221372837633],[101.56205677849857,12.63030188821774],[101.56255213919064,12.630330988825415],[101.56283759594018,12.630358738624635],[101.56298214924244,12.630321231645725],[101.56311513134548,12.630166376361942],[101.56338605425205,12.630119697721399],[101.56350586076486,12.630140009781526],[101.56371887377661,12.630222670172287],[101.5637830431323,12.630316900478139],[101.56396656804652,12.630442771663793],[101.56430998409816,12.63051625770772],[101.56476110635575,12.630549184546709],[101.56519097806699,12.630582314747146],[101.56554842041349,12.630679385026363],[101.56593692919745,12.630947829238778],[101.56614388486925,12.631231564126622],[101.56633680795797,12.63160806026973],[101.56650717884152,12.631914721157456],[101.56670760016789,12.632291107599796],[101.56692773412492,12.633147276983545],[101.56684026516571,12.633890132612594],[101.56630260999343,12.635094648255711],[101.56599479776973,12.63565551941843],[101.56592737112283,12.636156457394787],[101.56574667590174,12.636661890241802],[101.56557705780642,12.637178503407229],[101.56543847470753,12.637584131770753],[101.56537615049145,12.637905466843586],[101.56527506217421,12.638318653417816],[101.56518830108743,12.638789321600131],[101.56521264812656,12.639499424481604],[101.56546797807641,12.640249120596069],[101.56579659348546,12.640680744939409],[101.56600836233054,12.640871805514275],[101.56611512081382,12.641083119285033],[101.56613582698115,12.641198121334263],[101.56611793972721,12.641365413285326],[101.56601529822282,12.641566310740433],[101.56586625334417,12.641728131976789],[101.56520053075172,12.642660588762704],[101.56431008830276,12.644298811260928],[101.56411183730607,12.644718557946598],[101.56407879098171,12.644862312836677],[101.56406542225365,12.644965208348383],[101.56408841373502,12.645135513082668],[101.56416671718341,12.645319976222829],[101.56429485557048,12.64554007785863],[101.56473017825884,12.646059933736204],[101.56495063021944,12.646372883855658],[101.56521018494607,12.646563520318809],[101.56708721383393,12.647905159013726],[101.56844089771197,12.648832843418703],[101.56902885943848,12.649089177065182],[101.57088798400441,12.649960012888112],[101.57280849943685,12.650694724206103],[101.57463230583907,12.651250801690608],[101.57690937877746,12.651764102841332],[101.5784156765408,12.652021661524577],[101.57919311362197,12.652137250286554],[101.58187724016507,12.652355178456929],[101.58511635756875,12.652464923434842],[101.58796101035816,12.652409050863772],[101.58952149809272,12.652337406511611],[101.59030678465285,12.652319590739978],[101.59104040101613,12.652249210278431],[101.59164086190151,12.652035578633424],[101.59182223624894,12.651945702916358],[101.59196062531174,12.651872083672504],[101.5921480956267,12.651814935659264],[101.59234983478161,12.651805051330566],[101.59247660413618,12.651830942363288],[101.59261323968754,12.651923347708401],[101.5926726865998,12.652059393208262],[101.59376164325182,12.651986690819102],[101.59457388106709,12.652189967509651],[101.59548850975678,12.652393353601003],[101.59761925881348,12.652707990231814],[101.598684400229,12.652784520967725],[101.59998066199748,12.652797842891486],[101.6005338948551,12.652803762772345],[101.60167328831707,12.652718064726118],[101.60306491343945,12.652555403754652],[101.60620189778525,12.652126055599428],[101.60932444710275,12.651524037172921],[101.61220676445538,12.650935664531351],[101.61944699969412,12.6491604208863],[101.62271871516285,12.648307229221302],[101.62626652154596,12.647190357691946],[101.62798244836736,12.646526368080103],[101.62974740254208,12.645712791774871],[101.63091932939037,12.645104964386194],[101.63164938483187,12.644637008423054],[101.63306904457765,12.643516246570606],[101.63392366760299,12.642860736639085],[101.63460344703302,12.642481343470216],[101.63505807002524,12.642351512765538],[101.63551403240558,12.642297305152963],[101.63619839504017,12.642365062256422],[101.63838034806807,12.642692415739091],[101.64032290995421,12.643107934915218],[101.64110818393792,12.643149848102613],[101.64170290818187,12.643056990797158],[101.64225899588547,12.642952119686061],[101.6428399830921,12.642809699559074],[101.64354712430735,12.642579067507727],[101.64424029851654,12.642272934820252],[101.64477073482722,12.642081353753962],[101.64522526888624,12.641940183960168],[101.64555430380852,12.641899654626833],[101.64590869457798,12.641921001817906],[101.64631505737822,12.642016321728789],[101.64695104303982,12.642246017271026],[101.64804570848548,12.642795271804374],[101.64845424970028,12.643101749219959],[101.64872404162789,12.643448015568634],[101.64894532093687,12.644055643545832],[101.64899925219325,12.644378080164302],[101.64901383364698,12.644564249575565],[101.64896836631718,12.645062703538636],[101.64893322961314,12.645166961091322],[101.64885646138559,12.645250169709154],[101.64876268804971,12.645303055770801],[101.64864232907301,12.64533925891025],[101.64854051312038,12.645335756313898],[101.64843439962745,12.64530291552666],[101.64818701797125,12.64517889499513],[101.64771145075814,12.644895655930632],[101.6473341807967,12.644665650727278],[101.64714856819776,12.644509413961666],[101.64707316091784,12.644388197060653],[101.64706028356825,12.644253925951169],[101.64704261280832,12.644100534149636],[101.64694818100733,12.643976101941496],[101.64628742879336,12.643969123883862],[101.6458218490496,12.644205247013913],[101.64577020041231,12.644272404065223],[101.64573963074321,12.644319000356559],[101.6457035427233,12.644386003108881],[101.64565722738388,12.644411292718662],[101.64558932283325,12.644407452646044],[101.64552971152928,12.644367377746203],[101.64546931240284,12.644367977291981],[101.64540239330405,12.644401389696267],[101.64520111678151,12.644509553329693],[101.6449792427878,12.644571593129211],[101.64481233940128,12.644724560408422],[101.64472185569598,12.645097017797701],[101.6446933278975,12.64562013437234],[101.6449573140134,12.6460173066599],[101.64528938613964,12.646212759003763],[101.6460959151613,12.646641767372074],[101.6465462864273,12.647160161602093],[101.64748477976083,12.648286861631847],[101.64851936947353,12.649248894288002],[101.650099422515,12.650141105871365],[101.65064240649352,12.650492568254897],[101.65132382445063,12.651109118074592],[101.65178487399039,12.651601416719782],[101.6521178552117,12.65199674430578],[101.65241319253103,12.652366469549174],[101.65287634862017,12.653058603259312],[101.65319977086854,12.653699063852482],[101.65336232281582,12.654350156471804],[101.65369427995772,12.654922777680465],[101.6545577163543,12.656514366877653],[101.65543571354334,12.659511732244781],[101.65557882504956,12.660726511477042],[101.65604336274758,12.661553018687778],[101.65643636131136,12.661741071374104],[101.6570920631968,12.662147819402351],[101.65738894292348,12.662497204674116],[101.65788202997958,12.662972218490847],[101.65821666859259,12.663801128694548],[101.65841546845986,12.664118705806354],[101.65881075323603,12.664530345069535],[101.65972598200034,12.664840797417568],[101.66061000149502,12.665248617667372],[101.6611689925536,12.665754602049796],[101.66117503641883,12.665785032582022],[101.66129443868977,12.665931778338718],[101.66133369147444,12.665944929543636],[101.66192398343077,12.666420071034832],[101.66276632648618,12.667132137419868],[101.66361071141222,12.667873485704527],[101.66424951329222,12.668700482468937],[101.66471861802516,12.669628570666895],[101.66523789546336,12.670571953726986],[101.66556609585071,12.671166012968717],[101.6663061648127,12.672933801908794],[101.66681053650539,12.673435801687543],[101.66752763913883,12.673828355714084],[101.66789217098953,12.674374643913543],[101.66810952286411,12.674651357690809],[101.6687073588722,12.675677531716168],[101.66883417763414,12.676148275592325],[101.66884772333032,12.676620156189312],[101.66881514592654,12.676861043097336],[101.66878766017378,12.67714927992456],[101.66889546968596,12.677397749955061],[101.66903761909654,12.677628962263165],[101.66923114585313,12.677712829871382],[101.66952886999616,12.67775272600208],[101.67012708239837,12.678047109858916],[101.6704187572863,12.678276819406699],[101.67052643833941,12.678567065995983],[101.67128884570755,12.679496699293843],[101.67207979973881,12.680622529911735],[101.67238801261111,12.681613156723197],[101.6724623976082,12.681796462921467],[101.67249852784893,12.68200842462587],[101.6724529060089,12.682154565963771],[101.67236595358099,12.682254794446079],[101.67203778732959,12.682490736645851],[101.67191795566394,12.682690687625135],[101.67188730424814,12.682949576106916],[101.67194445237156,12.683247137023756],[101.67210852426834,12.683483752251263],[101.67231363030895,12.683687205396632],[101.67259195802838,12.683850402136326],[101.67318868012553,12.684108638279294],[101.67462002246155,12.6847706860964],[101.67614166344998,12.685709561905698],[101.6783101579183,12.687352216625008],[101.67918461933836,12.687935113721549],[101.68006590885288,12.688511166730098],[101.68097773300225,12.689037248392792],[101.68288226021927,12.690070451657578],[101.68456812312309,12.690922907599541],[101.68860711393049,12.692864982674378],[101.68879003697349,12.692978319064105],[101.69100844543226,12.69383213939329],[101.69111043655634,12.693904481929366],[101.69115699354258,12.693959366509633],[101.691357845162,12.694028448957148],[101.69195079792821,12.694139882255785],[101.69320682685006,12.694311228548651],[101.69394871220555,12.694478722262426],[101.69438883099922,12.694549887668],[101.69471823243413,12.694539771886189],[101.69508193513983,12.694726938760748],[101.69547155693645,12.694863000843728],[101.69718536103885,12.695142572050571],[101.69843289459304,12.695326373283374],[101.69928578027661,12.695440807523466],[101.70084996547688,12.695438435235054],[101.70153568726251,12.69545854140827],[101.70182044242777,12.695631812159561],[101.70206058006953,12.695826960920765],[101.70218996082664,12.695987159763622],[101.70224178014378,12.696158249793893],[101.70226436738331,12.696334189431287],[101.70224744581832,12.696694580318733],[101.70217728739459,12.697238455937519],[101.70205072375424,12.697723071921466],[101.70185920832554,12.698156360398482],[101.70237437237806,12.698256127755373],[101.70321515505981,12.698419216999991],[101.70332210847752,12.698365066005158],[101.70357149427514,12.698290259583674],[101.70393924928109,12.698207437223875],[101.7042632509428,12.698174791663677],[101.70491857823077,12.698153422017226],[101.70567050046293,12.69818190669956],[101.70634174499945,12.698247326636441],[101.70696940327835,12.698378683502177],[101.70813334320545,12.698703304469777],[101.70907150146736,12.698939903570855],[101.7101426427307,12.699188682707112],[101.71111419137172,12.69942829947],[101.71184461332585,12.699543941212232],[101.71226914275609,12.699608500233838],[101.71259212213502,12.69953289495686],[101.71296817398095,12.699529049580415],[101.71338086181912,12.699560980750361],[101.71412877397185,12.69991469287524],[101.71453530745198,12.700020060215357],[101.71535520071009,12.700220583688033],[101.71638920651789,12.700439226127926],[101.71793493672898,12.700915706256865],[101.71909614398096,12.701414212116566],[101.7204714026972,12.702193952492191],[101.72183009198804,12.703200823905089],[101.72297602698191,12.704096941593811],[101.7230927594598,12.704419843801912],[101.72340680688988,12.704478708120241],[101.7235442814677,12.704102392325691],[101.72368315023085,12.703860454203978],[101.72382989003249,12.703653438281735],[101.72390403158616,12.70359395421038],[101.72412584898602,12.703415509799612],[101.72442302246179,12.703295013218614],[101.7249005605786,12.703261874939988],[101.72624347455472,12.703218731637637],[101.72821231126461,12.703139764968597],[101.72982501177842,12.703211234664376],[101.73225843200042,12.703287820332804],[101.73587203638483,12.703485455487694],[101.74247026455464,12.703681534135915],[101.74387081443938,12.703700903544414],[101.74718720672044,12.703749010267888],[101.74930549973743,12.703668338435214],[101.75249625184622,12.70337212641005],[101.75517734208364,12.702905048622535],[101.75802969163841,12.702052242000196],[101.75859246011277,12.701390325038259],[101.75981981211579,12.700394036101413],[101.76045993541756,12.69992331078187],[101.76095081261805,12.69974204023185],[101.76742794519262,12.697532504400005],[101.78010690904647,12.692745569535987],[101.78266569275965,12.691835743167239],[101.78304773457191,12.691699609355741],[101.78374285183705,12.693061996702891],[101.78482799873396,12.694494805158572],[101.78595732297993,12.69586165394028],[101.7872248566256,12.696879241003973],[101.78894213181829,12.698110060514626],[101.78970575011542,12.69868581969239],[101.79017355408783,12.699397887856387],[101.79047979425977,12.700164747880727],[101.79059482802349,12.700801530370416],[101.79052130271411,12.701492206592658],[101.79023128791282,12.702212281810406],[101.78988548324085,12.702720636809389],[101.78945715753021,12.703150828593779],[101.78873211917958,12.703636087922552],[101.78795246236133,12.704068861559392],[101.78738957890261,12.704553523236523],[101.7869092272623,12.705169444456251],[101.78611354719436,12.706611857444573],[101.7853201722034,12.708266478982043],[101.78513651613514,12.708826223424602],[101.7850614996224,12.709384788879674],[101.78506354867957,12.709994530967066],[101.78529382461613,12.710648162000309],[101.78587951989316,12.71125513633263],[101.78655207237669,12.71159808789648],[101.78812163309563,12.712140505889943],[101.78956382977528,12.712922533774274],[101.79065324995798,12.713574992682242],[101.79177058528816,12.714360388106027],[101.7932450449612,12.715619683664926],[101.7954619864711,12.717932512720314],[101.7976473252493,12.719875281326143],[101.79849447069822,12.720663492858179],[101.79882370774141,12.72105746626656],[101.79899023563215,12.721454304445272],[101.79921836998508,12.722540388767293],[101.79943059158107,12.724584157571798],[101.79932543748883,12.728472906025463],[101.79943071285362,12.730413908935763],[101.79925814558923,12.731092089306198],[101.79894081841005,12.731733432989879],[101.79837964624195,12.732376169126926],[101.79735989220615,12.733157064787223],[101.79545057966364,12.734212643368769],[101.79502278845059,12.734642846629262],[101.7948382412536,12.735068222082827],[101.79481794381975,12.735733508779358],[101.79493012363578,12.736050744579352],[101.79512251851513,12.736341159129799],[101.79566712215613,12.736653825604904],[101.79645383344429,12.736857815345953],[101.79770030788475,12.737030930797388],[101.79943270441862,12.737145840425041],[101.80008430818972,12.737351211551216],[101.80087421748031,12.737794504401242],[101.80166443309642,12.738316859999319],[101.80268087953534,12.739278256941075],[101.80284456156322,12.739623171870452],[101.80295070649723,12.740069187478777],[101.80301171378311,12.741013622504671],[101.80296739539857,12.741586586572355],[101.80282188539053,12.742160586755814],[101.80233482782663,12.742691920437169],[101.80142523060087,12.743657962093991],[101.8004638958046,12.744783722137717],[101.79963823626065,12.745959990649004],[101.79929272893102,12.7465485412307],[101.79906273865875,12.747287196670291],[101.79898840756054,12.747537509029904],[101.79896205368507,12.748332727170741],[101.79917326647299,12.7491265023944],[101.7995359873201,12.749843082336405],[101.79987015701253,12.750262966760117],[101.80043316354043,12.750778659720504],[101.8013248815971,12.751217459779125],[101.80206231759698,12.751433230906807],[101.80300274230837,12.751697647081318],[101.80368928874741,12.75188908863516],[101.80419815830471,12.752190785706981],[101.804400029512,12.7524494894265],[101.80454043259763,12.753136782401443],[101.80454831800922,12.753852566837562],[101.80470172241196,12.754566805474935],[101.80502563154721,12.755097454264067],[101.80558865334649,12.755663932781903],[101.80624279216335,12.756046553035302],[101.80686776807282,12.756235233200908],[101.80766328374905,12.756240358639358],[101.80858992291409,12.756087099223452],[101.80954055877532,12.755765344829038],[101.81039760365866,12.755352010840616],[101.81096228644289,12.754818688580764],[101.81117852620312,12.754036146811783],[101.81116961222055,12.75322891611702],[101.81093054986218,12.751944250684398],[101.81083034189393,12.751307374002758],[101.81097163700667,12.750875642974147],[101.81133827001683,12.750482213564686],[101.81191912067955,12.750267136424583],[101.81264717377631,12.750155531507184],[101.81372300514371,12.750339399791613],[101.81496044253242,12.750729329154257],[101.81610687609125,12.751315541569779],[101.81659993170631,12.751693081416537],[101.81907155098915,12.753579470242414],[101.81942504703662,12.753821816543653],[101.81956845139362,12.754095817941039],[101.81958183000313,12.754371170940962],[101.81940530027005,12.754737755250556],[101.81910710181653,12.755026607233455],[101.81808175486975,12.755717293530294],[101.81756485976369,12.756146224907884],[101.81732053597273,12.756729199701697],[101.81721786841723,12.757380666233122],[101.81720656581432,12.758177933402967],[101.81732769285061,12.75919400713765],[101.81809402765316,12.762070728222509],[101.81835874409941,12.762443888061741],[101.81923423229385,12.763385271336105],[101.81994320337733,12.764507948211927],[101.8201145695942,12.764814356871794],[101.82014014013875,12.765046695965234],[101.82005807993585,12.765220321315727],[101.8198833162906,12.765331742614602],[101.81911218358607,12.765504809686529],[101.81864711049214,12.765682561203525],[101.81808419738904,12.766011499348634],[101.81771933855153,12.766252483658588],[101.81753710900793,12.766367350236479],[101.81717219986483,12.76660382137799],[101.81699154686453,12.766860969289517],[101.81693236136203,12.767071607991147],[101.81693577496013,12.767379812187778],[101.8170861780915,12.767821937179892],[101.81725777158213,12.768097895520807],[101.81740052286395,12.768573993564647],[101.81732286350764,12.769145016015134],[101.81733923350706,12.769948795795829],[101.81744398156077,12.770420748180758],[101.81773357774712,12.770963023624777],[101.81782018252703,12.771202630379857],[101.81782934803788,12.771352710939857],[101.81784320994102,12.773279958290651],[101.81808260916759,12.773442231826831],[101.8182217869512,12.773598842257199],[101.81828483970099,12.773733660033894],[101.81830121868354,12.773861094993494],[101.81822678158416,12.774049290536928],[101.8181606844439,12.774313096972987],[101.81796732836719,12.774822161552308],[101.81796857972037,12.774935032033609],[101.81811632563516,12.775136727137328],[101.81861193336393,12.775633879802788],[101.81865362237963,12.775919104622618],[101.81851238745404,12.77630451606432],[101.81812768034034,12.776833643060973],[101.8180105633835,12.777320432856808],[101.81809986400758,12.777799358122918],[101.81837909273723,12.77808204428241],[101.81858673741684,12.778184828021129],[101.81886265765131,12.778220285089748],[101.81917475843214,12.778044200785779],[101.81999907499474,12.777840033985616],[101.82014506829638,12.777883649051017],[101.82019997063162,12.778010634246966],[101.82019076918816,12.778580962557767],[101.82029395057999,12.778910667119039],[101.82070718279724,12.779552102528275],[101.82117901751032,12.780707788447016],[101.82125163192799,12.781031085376634],[101.82122383445984,12.781270729891641],[101.82105823093553,12.781535601079373],[101.81976237520557,12.782737315308564],[101.81962790369576,12.783008587135692],[101.81962230629321,12.783231085480647],[101.81970323551715,12.783627663267959],[101.81986843659624,12.784001917877102],[101.81999226845983,12.784120284954023],[101.82010866227287,12.784291788557214],[101.82015015635417,12.784558958823043],[101.81993973767696,12.78560561775633],[101.81989813669615,12.786676481657175],[101.81993975654157,12.787005734126975],[101.82006677562782,12.787410847329646],[101.82031083172082,12.787994262497195],[101.82095721538182,12.789012587777108],[101.82129095298461,12.789384998248103],[101.82152436314321,12.789735913967005],[101.82161858384011,12.789930259652262],[101.82190663761911,12.790384445712268],[101.82193980521602,12.790624620980381],[101.82197155527142,12.790737164650427],[101.82215120395519,12.791013027877247],[101.82221353625613,12.791133162107943],[101.82217589145583,12.791215999644598],[101.82191774618592,12.791383630792264],[101.82152932723348,12.791579704473794],[101.8212950537939,12.7918227431897],[101.82111416543501,12.79211034914038],[101.82098037035661,12.792442588750765],[101.82093397237216,12.793081059509591],[101.82097652377053,12.793493845605054],[101.82102551159795,12.793759824389122],[101.8211207878153,12.794052353948725],[101.82112746589112,12.794652961230877],[101.82106903587179,12.794931375495548],[101.82093423557853,12.795173312468673],[101.82060849657506,12.795470386867347],[101.82017683092823,12.795917590825848],[101.81976842176576,12.796384893907076],[101.81947508229962,12.796853259589639],[101.81896729431392,12.797279854925575],[101.81876220174803,12.797462716567541],[101.81873345116736,12.797619973479081],[101.81864282822318,12.798418087782657],[101.81868815361915,12.799029567155845],[101.8186758727509,12.799322175575915],[101.81860114369906,12.799481035271933],[101.81785448469613,12.800518783064794],[101.81774925873871,12.800678005542588],[101.81772025483313,12.800812659940666],[101.81775492890476,12.80118831079095],[101.81783207891633,12.801247312042197],[101.81803145280712,12.801275665995474],[101.81863554558116,12.801178886041894],[101.81882505686845,12.801045842781219],[101.81911994323349,12.799990360079875],[101.8191791395158,12.799831629475522],[101.819301149596,12.799785185243222],[101.8194474456299,12.799851362950003],[101.81967202085768,12.800081535021414],[101.81982678620808,12.800237973876722],[101.82047405650626,12.800607025878559],[101.82074307947597,12.800694496039016],[101.82093437212247,12.800721786603747],[101.82160029414091,12.80069996308727],[101.82182995023993,12.800712191019352],[101.82194575206319,12.800778695226738],[101.82204727875828,12.80095827287999],[101.8221042732698,12.801272670995409],[101.8219862346415,12.801675929604736],[101.82175266997265,12.801986670465412],[101.82150981941874,12.802184627154942],[101.82114508365046,12.80244371767964],[101.82079575309099,12.802687953907844],[101.82069774150361,12.802824494097274],[101.82064600932299,12.802983144855366],[101.8206547661004,12.803095935294243],[101.82073954460533,12.803169542199313],[101.82138615913337,12.803482174210883],[101.82150955082247,12.803556477406685],[101.82154899494829,12.803638488319313],[101.82153479527859,12.803758330968117],[101.82141671712438,12.804158187686678],[101.82141155181151,12.804368247789306],[101.82146700301737,12.80454040249513],[101.82166096366025,12.804756246342555],[101.82236328721064,12.805266998842766],[101.82282545964453,12.805544307300339],[101.82301136689088,12.805707180282607],[101.82312095237241,12.805939727897243],[101.82317753635384,12.806216870932399],[101.82315797464021,12.806525318165278],[101.82322158165053,12.806712072913115],[101.82333723704839,12.806815871625291],[101.82352911359983,12.806844300285512],[101.82424334611594,12.806355615777656],[101.82447242729314,12.806315899317994],[101.82464901182352,12.806365951341444],[101.82474228659441,12.806477833638807],[101.824744032021,12.807304332745362],[101.82466424725074,12.807733153745238],[101.82454671437389,12.808181509746252],[101.82450286311331,12.808377333858282],[101.82459826599312,12.808676666696638],[101.82478498262155,12.808915154964106],[101.8251300614548,12.80900968160571],[101.82583376122417,12.808918583473851],[101.82603918167514,12.808819256532248],[101.82626851617727,12.808802105216756],[101.82649786325582,12.808731896934116],[101.82662876036915,12.808812924210644],[101.82672197674957,12.808970018997863],[101.82676271804262,12.809164897336693],[101.82667309312674,12.809383782933223],[101.82618891107008,12.809865453911149],[101.82606974415773,12.810167089622741],[101.82609534614333,12.810400536232203],[101.82624225572658,12.810571742538375],[101.82655731825292,12.810658672281017],[101.82689473266016,12.810684387676842],[101.82747323871999,12.810408340118991],[101.8276346345355,12.810489002459171],[101.82773689964577,12.810683256819672],[101.8277014727859,12.810961387093707],[101.82752143962318,12.811271594439644],[101.82735452006698,12.811419016309443],[101.82713329016534,12.811493688568911],[101.82682053091939,12.811616702805701],[101.82647682201694,12.811696058716201],[101.82633304665573,12.811802604984328],[101.82631197846737,12.811975578880775],[101.82631440841023,12.812193475716937],[101.8264791172125,12.812571091876027],[101.82660558383485,12.812717654557044],[101.82670639996253,12.812727854963962],[101.8268020121498,12.812687313490118],[101.82690070196522,12.812611737606353],[101.82714087284464,12.812173311365651],[101.82730878773418,12.812118450657229],[101.82746273292274,12.812200339654717],[101.82762692699038,12.81252827028425],[101.82762903174309,12.812716831166512],[101.82753235864547,12.812973050023144],[101.82697305856644,12.813632791904329],[101.82679407014436,12.814040074089506],[101.82678853292894,12.814212880020657],[101.82684319721062,12.814317294933867],[101.82720431995483,12.814456821038299],[101.82751073889153,12.81443772902049],[101.82767734673233,12.814316248183399],[101.82775259770536,12.814150572494324],[101.82777873508687,12.813759621583557],[101.82783893568563,12.813691230514205],[101.82793086747517,12.813682361581151],[101.82820035936547,12.813807035538304],[101.82826252547807,12.813911370032969],[101.82830449386982,12.814219192935825],[101.82827709705028,12.814497236091862],[101.82812578572215,12.814702097628967],[101.82762565228096,12.815146722868118],[101.82755025937412,12.815245726721676],[101.8275131185287,12.81537373547746],[101.82756241088497,12.815665643444074],[101.82768099389239,12.815980523371595],[101.82800527942172,12.816224298877433],[101.82821196470063,12.816237911785663],[101.82844852884416,12.816145017971994],[101.82853335136656,12.816218620189613],[101.82865117889078,12.816465763432543],[101.8286537013601,12.816691576575913],[101.82859423288832,12.816879650826616],[101.8285581628347,12.81704938203907],[101.82852852471854,12.817177309292454],[101.82845219936041,12.817192818541542],[101.82807613224315,12.817106512089607],[101.82796122693853,12.817070489379045],[101.82784436959477,12.816906879199301],[101.82754529797883,12.816864957051825],[101.82733945531966,12.816926995871286],[101.82730956387857,12.817032320629005],[101.82735726981007,12.817181985016679],[101.82761316210525,12.817479590569334],[101.82774538782689,12.817628346351491],[101.82776220698393,12.817794141507123],[101.82776698422464,12.818222017044144],[101.82783097840883,12.818439252406964],[101.82793150977061,12.818528484874783],[101.82838549316237,12.8187415242857],[101.82860912426077,12.818881379915062],[101.82870240801482,12.818993296947021],[101.82869594194142,12.819136772634792],[101.82867462312306,12.819287179431651],[101.82863799701231,12.819407227486884],[101.82851677655125,12.819524855307721],[101.82832699666768,12.819684954838406],[101.82818311979683,12.819836680447288],[101.82813105074804,12.819964848915083],[101.82817285744305,12.820257947192227],[101.82841952314196,12.820397554093727],[101.82916242628866,12.820465224211267],[101.82927786070097,12.820501240304786],[101.82932506357589,12.820605734071313],[101.82935765625105,12.82079281823753],[101.82915265710996,12.820930513587628],[101.82896354557296,12.821150470718781],[101.8284588756396,12.821193157705032],[101.82792882470622,12.821019341374138],[101.82771432049111,12.821028419393281],[101.82760884480201,12.82116504249093],[101.82753595999144,12.821488751791231],[101.82757820955588,12.821872195493839],[101.82771255799651,12.822261420521986],[101.82795982017677,12.822454114559815],[101.82810768287254,12.822662528457284],[101.82820071509832,12.822751841764079],[101.82886710603734,12.822767277093185],[101.8290434498192,12.822794720303598],[101.82923544135498,12.82288300524278],[101.82932910509638,12.823025366306231],[101.82940509628121,12.823647828553575],[101.82946704050991,12.823991545659723],[101.82964545401018,12.824204143369938],[101.82978059476488,12.824252377834933],[101.82991447338665,12.824184301438439],[101.83004043605409,12.824129890059533],[101.83013733732379,12.824153709491727],[101.8303949166551,12.82429093877268],[101.83084687254927,12.824426075437833],[101.83104575506161,12.824563936098645],[101.83109034024578,12.824794918579537],[101.83090006179725,12.825065689685719],[101.83066662468921,12.825233069708963],[101.83029780877288,12.82538155726292],[101.82967014959569,12.825539603456344],[101.82935261849893,12.825746291899645],[101.82912235244385,12.825786028068885],[101.82904791354783,12.825869262386021],[101.82903981433722,12.826021783965059],[101.82923809677493,12.826463374367901],[101.82918453831938,12.826718021888594],[101.82907362422955,12.826934842627219],[101.82882640067686,12.827154316271479],[101.82849355779611,12.827283214138768],[101.82811177200372,12.827250064950064],[101.82792850310935,12.82727460582586],[101.82783092989982,12.827396493833477],[101.82781373255203,12.827558140444788],[101.82804170341156,12.828136049661142],[101.82813783213012,12.828296477429928],[101.82814816634914,12.828397964523729],[101.82776229052728,12.828822163438135],[101.82765056705539,12.828966735393985],[101.82772641450975,12.829420965842145],[101.82803082211852,12.830097429972843],[101.82815928389908,12.830215738616703],[101.82833919219598,12.830301859265342],[101.82849488191283,12.830332926946625],[101.82862597575719,12.830275055394674],[101.82909986042576,12.82969299675325],[101.8292542996877,12.829612267866425],[101.82941473969578,12.829656862854236],[101.82979622275589,12.830073909780733],[101.82981191093404,12.830188881307819],[101.82978474767647,12.830281781325375],[101.82952477523324,12.830649275779725],[101.82918563336571,12.831034569405183],[101.82904047998885,12.831123079183232],[101.82888107394166,12.831171081088778],[101.82868303404909,12.83115967095855],[101.82843824852405,12.831186023655132],[101.82818643368192,12.831410023654477],[101.82799668973097,12.831675162731653],[101.82797862281399,12.831758901359892],[101.82799814051019,12.831804976206019],[101.8283398686274,12.832062138227315],[101.82839715149814,12.832140550501782],[101.82838418701193,12.83221860889649],[101.82810002922633,12.832531051568049],[101.82805446667511,12.832624112758065],[101.82806454936588,12.832703032866496],[101.8281599486524,12.832794613759901],[101.82821791334445,12.832937396643693],[101.82821470276562,12.833061599477189],[101.82810861262888,12.833298756088103],[101.8280866506168,12.833391562990215],[101.82810618448265,12.833492988469011],[101.82820590556405,12.833563026058266],[101.82844687684238,12.833606717318894],[101.82858395885641,12.833669618251429],[101.82873582175013,12.833769618570935],[101.82880798701015,12.833894156453068],[101.82884720476054,12.834059709662673],[101.8288494774982,12.834262919148165],[101.82874305678142,12.834416499822829],[101.82845757038751,12.834562980590606],[101.82839180921712,12.834596431867084],[101.82819102407302,12.834751028348091],[101.82769355413667,12.835335598662542],[101.82764287657824,12.835433265882232],[101.82763911084058,12.83550782241036],[101.82794487131213,12.835892943054278],[101.82813423527571,12.836001566269827],[101.82830894322541,12.836036943384771],[101.82852546954825,12.836001867567843],[101.82873839811838,12.836110237611075],[101.82889542991826,12.836260943443047],[101.82895794547548,12.836399162854145],[101.82899940901405,12.836708098628149],[101.82895024781183,12.836944606289144],[101.82861725760735,12.837830019074636],[101.82857035476974,12.838008931803595],[101.82857216128176,12.838170373650629],[101.82873682157503,12.838746704713726],[101.82874452283198,12.838919368432416],[101.82867952163635,12.839074760160004],[101.82848699111135,12.839249580884367],[101.82825123545157,12.839311983795664],[101.82806227572989,12.839290302884738],[101.82786078091671,12.839176185974031],[101.82766978471427,12.838921915422183],[101.82752911662561,12.838845511849351],[101.82729259290625,12.838889866967044],[101.82695573365783,12.839173500601714],[101.82691517562108,12.839353454641643],[101.8269223702282,12.83948435196327],[101.82713003646738,12.84009636923698],[101.82733509310066,12.840528858489892],[101.82739759608147,12.840665931694373],[101.82742982673555,12.840820276577919],[101.82741365077223,12.841022574095843],[101.8272703964339,12.841227350977015],[101.82713736402513,12.841317987229257],[101.82697386615185,12.841361518613908],[101.82685196207288,12.841317656158793],[101.82642151094826,12.840845820728889],[101.82621378182704,12.840740797597483],[101.82593925847284,12.840630832875265],[101.8257447552475,12.84062615495923],[101.82561779095853,12.840693008598535],[101.82541396322056,12.84094020925647],[101.82534246091718,12.84107761418325],[101.82527613290986,12.841117842784771],[101.8250815030221,12.841101882196728],[101.82491193433412,12.841114991021991],[101.8246457141081,12.84123188524279],[101.82449117333651,12.841513554337292],[101.82440240900665,12.841752782235258],[101.8243871367485,12.841985519890505],[101.82450466243883,12.842204435624916],[101.82477548832729,12.842499620525734],[101.82494682579809,12.842641183979465],[101.8254724417489,12.843442840239227],[101.82556527275206,12.84361458810697],[101.82559154398254,12.843752052004554],[101.82553277619665,12.843949147308644],[101.82549807248058,12.844086157339065],[101.82549947385246,12.844211457344514],[101.82568560298269,12.844600123177424],[101.82585610591855,12.844616342790868],[101.82640630696208,12.844372184903772],[101.82661299044435,12.844386903347111],[101.82703086695157,12.84481258698065],[101.82706316228436,12.84497259246732],[101.82698509958449,12.845093087201828],[101.82684623441462,12.845178162263382],[101.82658759596957,12.845406750550238],[101.82636043089886,12.845725350574737],[101.82608899685091,12.846404610279622],[101.82603433346753,12.846972018791977],[101.82598242970874,12.847216474561479],[101.82599569423226,12.847323590840309],[101.82613156082569,12.847536646150667],[101.82643289619618,12.847831498980597],[101.82653246905555,12.848039321685317],[101.82665083377233,12.848332741078233],[101.82669580074051,12.848546774702427],[101.82671647277181,12.848749822710191],[101.82678507711005,12.848916170139196],[101.82688916759699,12.849015537305135],[101.82717025044937,12.849144630658476],[101.82742634396722,12.849200588578189],[101.82756115144693,12.849318826048576],[101.8275929167737,12.849431367133111],[101.8275119543121,12.849808257397335],[101.82743441892329,12.849921976237566],[101.82727111867936,12.849983598772495],[101.8269729750231,12.8499743799161],[101.82683408110711,12.850053795544516],[101.82668424750764,12.850240588052102],[101.82668711582834,12.850496847514217],[101.82682814414143,12.850604843464565],[101.82704135657916,12.850633034210656],[101.8272728838689,12.850707348007958],[101.82741589656044,12.850992583304867],[101.82740616960257,12.851201583114822],[101.82727453587073,12.851417520062681],[101.82705212288782,12.851594921100016],[101.82682623072984,12.852027537696753],[101.8264038087473,12.852329078190667],[101.82594484509558,12.852549650700196],[101.82589150133737,12.852668806192604],[101.82590271141383,12.853104494145184],[101.82598330646448,12.853260611025549],[101.82620404588597,12.853449035401127],[101.82625298879761,12.853502710888876],[101.8263809870475,12.854043288017504],[101.82635785812387,12.854186944265861],[101.82617156190697,12.854350414585953],[101.82608238884366,12.854506067392538],[101.82609604682928,12.854648179338334],[101.82626135929942,12.854766088446002],[101.82644387091402,12.854776554266964],[101.82662627203582,12.854827644983022],[101.82677381403303,12.854951368444588],[101.82678048132907,12.855034876864114],[101.8266720744372,12.855116184371171],[101.82592931951251,12.855482151027976],[101.82571823787865,12.855644740327934],[101.82553834125984,12.855868004752461],[101.82543196815377,12.856131101067374],[101.82544050035234,12.856327472884534],[101.82551548183081,12.856547954302085],[101.826188483472,12.857509476098285],[101.82623982398712,12.857723441471352],[101.8262005550328,12.858021963284191],[101.82604487699405,12.858249481052203],[101.82594783918042,12.858268582004825],[101.82581917168565,12.858133332165284],[101.82578706320247,12.857990308743725],[101.82581766071934,12.85748298515967],[101.8257616633378,12.857365044923734],[101.825646085195,12.857317748655159],[101.82548818113102,12.857349936637746],[101.82535016846235,12.857511739143167],[101.82515489897409,12.857955348092736],[101.82515206478934,12.858264725031313],[101.82505153252927,12.858487134983985],[101.8250285653024,12.858594641435504],[101.82505917180245,12.858654138933407],[101.82520050823769,12.858789251869572],[101.82522017146094,12.858901960363607],[101.82517214033933,12.858980359883644],[101.82507536842702,12.859023211224612],[101.82489922586778,12.859016043791204],[101.8246992806485,12.859041914511529],[101.82456714655504,12.859163028682369],[101.8245141711061,12.859365723921989],[101.82452613936063,12.859869184124364],[101.82445357884188,12.860431126238646],[101.8244125384098,12.860568167563054],[101.82431034067321,12.860688959586017],[101.82420176669469,12.86075561696514],[101.82404412404044,12.860757315102633],[101.8239286725601,12.860775504177482],[101.82376550347023,12.860849518959084],[101.82365766251701,12.860981656567043],[101.82351495255769,12.861239521752607],[101.82345644618155,12.861460330775014],[101.82346424625315,12.861591222706275],[101.82354558780384,12.861817297462366],[101.82371096854594,12.861940830062638],[101.82389347387235,12.861950185976424],[101.82400769016913,12.861872146452342],[101.82407436402784,12.861865804081445],[101.8240932942258,12.861912996151371],[101.82405172378772,12.862002646697061],[101.82392598480079,12.862129353891399],[101.8237144046019,12.86224791981904],[101.82342278271459,12.862256721355912],[101.82310639786816,12.862212696152882],[101.82291084271566,12.862118827948501],[101.82269803272317,12.862073686983379],[101.82250401907967,12.862117547565033],[101.82184767669541,12.862649663685358],[101.82174660005627,12.862870932123304],[101.82176023199072,12.863526810544666],[101.82170706160737,12.863658359101175],[101.82126045518073,12.863907025085485],[101.82112648942238,12.863915274829679],[101.82101780045953,12.863975161659001],[101.82083348772279,12.864316980119826],[101.82060457273391,12.864480905371448],[101.82049059718561,12.864631200962092],[101.82032781526958,12.864740211974953],[101.82018759903353,12.864705572794787],[101.82004792717652,12.864719507986969],[101.81998825478713,12.864785637084291],[101.81994256377683,12.864969051312123],[101.81999904085875,12.865129906582204],[101.82008271533422,12.865257726169423],[101.81981012695114,12.866041999920485],[101.81963328101105,12.866178283274236],[101.81954433342487,12.866199552007691],[101.81942077375079,12.866214423305383],[101.81932620091432,12.86634982029587],[101.81925024835704,12.866916313225078],[101.81914903966556,12.867078865341195],[101.8191029695662,12.867228391336052],[101.81911834962219,12.867420176888498],[101.81932093229518,12.867734152135101],[101.81930140202259,12.867788566332512],[101.81914484183825,12.867938172473773],[101.81911870176178,12.868018629821098],[101.81922389987145,12.868267018247929],[101.8191780821987,12.868442515748644],[101.81893306311169,12.868606614330508],[101.81839104122882,12.868659878475695],[101.81818637715931,12.86877725730008],[101.81805847233422,12.868967178944978],[101.81787380476297,12.869692937578659],[101.81773160774168,12.869842388452199],[101.81754673535453,12.86987823107674],[101.81744499575872,12.8699933919375],[101.8174667179206,12.870081216289158],[101.81762556611399,12.870186767483796],[101.81764027423013,12.870267895807553],[101.81756903692977,12.870639021276354],[101.8172609902458,12.871342391079377],[101.81711242147423,12.871539305336167],[101.81691521072665,12.871709697599419],[101.81672984696101,12.871752315570253],[101.81638713159529,12.871772945415373],[101.81615384270927,12.871802574378293],[101.81599776671686,12.871945365735922],[101.81576340075082,12.872500020045829],[101.81580770386398,12.87275587320446],[101.81595309080285,12.872841257658694],[101.81623566935018,12.8729465896328],[101.81640869834864,12.873085880018195],[101.81671581258135,12.873534223677336],[101.81669815080456,12.873809907663908],[101.81663111222983,12.873939348189433],[101.8166592330915,12.874032764470021],[101.81672977509579,12.874166384755146],[101.81664177163898,12.874275738413473],[101.81647493652441,12.87474161033251],[101.81648365287762,12.874904089944613],[101.81665245530267,12.8752319720379],[101.81656489202037,12.875374065237697],[101.8165320810546,12.87552910950537],[101.81660836598853,12.87560957580139],[101.8167722393576,12.875546839503029],[101.81727274739625,12.87486848273436],[101.81744325482367,12.874778590707093],[101.81760844961455,12.874783585001351],[101.81786205120578,12.875025862887268],[101.81799049771499,12.875090006614128],[101.81811997728678,12.8752466720327],[101.81822114914736,12.875853067522732],[101.8184593419365,12.876055996229875],[101.81852789956235,12.87616703220964],[101.81850168312909,12.876240720181984],[101.81831561059273,12.876479811647171],[101.8182766003532,12.8765931523467],[101.8183375779947,12.877206751776193],[101.81850777370674,12.877402493213431],[101.81866377334234,12.877509220922509],[101.81883852171623,12.877494908129302],[101.81925133891181,12.877668871913205],[101.8195176220199,12.878016014473781],[101.8195633615392,12.878504423927433],[101.81943590766838,12.879146024946396],[101.81931291572958,12.879573020986856],[101.81921368512835,12.880320429786668],[101.81903065877911,12.881398438216296],[101.81895350247936,12.881752681970051],[101.81868491698918,12.882383370399136],[101.81843833842683,12.883231746228141],[101.8178943842678,12.883941024936082],[101.81774575351248,12.884490245267259],[101.81749076492244,12.885153531551188],[101.81735220697641,12.886040258552114],[101.81737806318522,12.88655145270196],[101.8170351915126,12.88779379267285],[101.81701129632604,12.888024405240856],[101.81717749094183,12.888478774891805],[101.81720431912777,12.88902610693534],[101.81716088378718,12.889360784213554],[101.81725249936973,12.889729010053463],[101.81728175031202,12.889980509261495],[101.81720282073788,12.890125877010801],[101.8167887485959,12.890408086670506],[101.81662239857158,12.890607488624807],[101.81653761557506,12.890846637307433],[101.8165330108109,12.891004782394353],[101.8167657732842,12.8913883975213],[101.81675535462352,12.891640324141685],[101.81681020036487,12.891705221946228],[101.81696555411177,12.891756605492585],[101.81718670316506,12.891668422707465],[101.81759698261993,12.891664004066316],[101.81785443259386,12.891786546458377],[101.81786172871058,12.891872304468047],[101.81783569912693,12.891912100223644],[101.81767415149609,12.891927382436611],[101.81757386178117,12.892014262132372],[101.81765697211461,12.892191775431558],[101.81763030023551,12.892224807460726],[101.81741568642592,12.89228021197661],[101.81724244362846,12.89243336659394],[101.81720932543887,12.892507091813201],[101.81727848224101,12.892671214040199],[101.81726879750393,12.892988620911684],[101.81732307730665,12.893053486842643],[101.81754589542975,12.893117721400941],[101.81781662160523,12.89324015800133],[101.81800564870056,12.8932640943449],[101.81809914266042,12.893237114184432],[101.81825961680444,12.893129235545562],[101.81838716140511,12.89310865824771],[101.81845513063443,12.893166643158002],[101.81851175953165,12.893394130778987],[101.81875615608615,12.893583447068595],[101.81883900141662,12.893733842544369],[101.81881985382631,12.893872941860309],[101.81866720490673,12.894066537156013],[101.81868822638269,12.894145339866176],[101.81899135299385,12.894749519714772],[101.81897586963161,12.89516522028503],[101.81883263595452,12.895580004226145],[101.8185816924782,12.896038867168381],[101.81824270062933,12.896398190903144],[101.81800166736723,12.896559993595632],[101.81794273518965,12.896692752478257],[101.8179607464111,12.897068540180555],[101.81808393418265,12.897278364973381],[101.81808191387157,12.897714233712851],[101.81824701703428,12.898016177218119],[101.81826237463235,12.898154905505383],[101.81809968883607,12.898685076466835],[101.81809419024825,12.898810449890529],[101.81821686148848,12.899536303318861],[101.81817160795772,12.899708391922402],[101.81793502135629,12.900065501140945],[101.81649120411592,12.902177824250842],[101.81597838197133,12.902585304287626],[101.8153988760866,12.902844471627162],[101.81453805917739,12.902959892278492],[101.81384728167336,12.902840867522059],[101.8131750750412,12.90253083723063],[101.81204481475071,12.901654356688418],[101.81156500659115,12.901152557465933],[101.81138644756383,12.900624910951837],[101.81066179548876,12.897628121314927],[101.81037331770492,12.896787753963213],[101.81016874616192,12.895838114898879],[101.81026874033113,12.895001490237929],[101.81049162043797,12.892591788265443],[101.81089362551076,12.889890014935856],[101.8109271173995,12.888819235029924],[101.81093366521962,12.887391963003818],[101.81083454511115,12.886657968099396],[101.81060075945678,12.886080110403194],[101.8102546682222,12.885593774473262],[101.80977396084904,12.885264723751451],[101.80920521139153,12.885248259819971],[101.80868798031555,12.885722368246535],[101.80815170854883,12.886552389690189],[101.80757354564544,12.887755478798555],[101.80702219026675,12.889195371690011],[101.80681227105286,12.890758101304655],[101.80632189421399,12.893639234825084],[101.80617161774504,12.894513657618045],[101.80601876939947,12.895668118207498],[101.80583961748403,12.897149231604288],[101.80565955647353,12.89854899293039],[101.80556274952696,12.899879005824236],[101.80537839636602,12.900893799924011],[101.80507831234871,12.901541768121918],[101.80447956275398,12.902917829515703],[101.80293564354653,12.906132088251102],[101.80217107573013,12.908378226581796],[101.8018412386123,12.909302009422417],[101.80171174197251,12.910180724851653],[101.80166660881601,12.911139823769348],[101.80169683712533,12.913851657565008],[101.80180916067182,12.916439550006261],[101.80163331635327,12.918167896000561],[101.80128487153264,12.919487033200454],[101.80051744437871,12.920809592165712],[101.79972181012482,12.92207935978932],[101.7987571803081,12.923267394321012],[101.7978198458013,12.924373808122558],[101.79665951889825,12.925508621729673],[101.79546916041696,12.92648114089225],[101.7940818921237,12.927345099835813],[101.79213821542828,12.928379877873956],[101.79161032763811,12.928631684914478],[101.79105544637194,12.928939093843971],[101.79066715587858,12.929217635826358],[101.79053212561665,12.929601841086855],[101.79048330936749,12.930232428975733],[101.79058276814079,12.931669869996123],[101.79174445149991,12.938151112897707],[101.79183840000728,12.93909518488112],[101.7918472475145,12.939889987946136],[101.79160702004123,12.940851217518265],[101.79108917451761,12.942007336662865],[101.79023491710659,12.943085769820431],[101.7890454758052,12.944153136521384],[101.78718659468269,12.945268286083973],[101.784415103385,12.947243432673204],[101.78285897697113,12.948568738818663],[101.78197794976465,12.949160784314843],[101.78087236709334,12.950213650907486],[101.78043150629124,12.950738906786025],[101.7799921932864,12.951454917012775],[101.77957742405172,12.951843290224895],[101.77888231127814,12.952125061583962],[101.77810132854654,12.95224294925772],[101.77692835246597,12.952255457824911],[101.77608187895692,12.952281390688086],[101.77502693341985,12.951775484005939],[101.77397991012529,12.95110576309424],[101.77258131048301,12.950027636908786],[101.77130564528738,12.948875930570276],[101.77023038794344,12.947940016529488],[101.76927756109126,12.946881951369607],[101.76827755292372,12.945981338893567],[101.76705224997787,12.944901330131842],[101.76642597510448,12.94427679305254],[101.76562839599801,12.943774876359752],[101.76495666187968,12.943515528248597],[101.7624697002701,12.942545963741981],[101.76082902621836,12.941955875025696],[101.75846508170042,12.940864155652012],[101.75784257346305,12.940579437759354],[101.75727095119326,12.940366405604058],[101.75687578679133,12.940443993398882],[101.75650731762472,12.940750479879657],[101.75441360970045,12.943979450133158],[101.75291301084927,12.947127626270831],[101.75269747896144,12.947785960937351],[101.7523970338214,12.949780988719407],[101.7521564452254,12.950414722784261],[101.75183873177063,12.950782794714966],[101.75132190673318,12.951054769082425],[101.75090113854907,12.951107757400431],[101.75028104408484,12.950993462093976],[101.74990636666131,12.95068124690766],[101.74943234185555,12.950394944253876],[101.74898473201073,12.950205452160915],[101.7484383335358,12.950089262804962],[101.74769637541674,12.950145635008361],[101.74707947626001,12.950322640369848],[101.74668558027929,12.950569592685087],[101.74636865015546,12.951009913813731],[101.74585570494169,12.952108360431726],[101.74434827170784,12.953595548257578],[101.74329821300591,12.954694028997798],[101.74245594181575,12.955789171190593],[101.74186708267227,12.956792435149657],[101.74086655078693,12.958626595798584],[101.7406590040237,12.958759763770169],[101.74032661658877,12.959051203495624],[101.73995612261952,12.959180424777948],[101.73932371494772,12.959359837292233],[101.73906027410915,12.959432615664589],[101.73883291679897,12.959589744705504],[101.73865997673371,12.95988624083472],[101.73866394099907,12.960248696882122],[101.73879131581815,12.960629021683166],[101.7392455803826,12.962107979529019],[101.73940250348635,12.963350669312744],[101.73946869944129,12.964559310578869],[101.73941093956515,12.96570039829327],[101.73925498394699,12.966597499103989],[101.73914251577176,12.967262627982439],[101.73927122279238,12.968081065501286],[101.73955921818091,12.968937342162993],[101.7399262284835,12.96975323201678],[101.7404155372255,12.97080160391878],[101.74079710203232,12.972945298975981],[101.7412189661611,12.97508852998828],[101.74132237572501,12.977273524018965],[101.74109074153574,12.977939909390772],[101.74069810589135,12.978412665240988],[101.74010817326115,12.978846835809719],[101.73852464284123,12.979919305740797],[101.73813071272453,12.980274631672481],[101.73789696749431,12.980745710270824],[101.73782179557304,12.98113719518742],[101.73798497454437,12.981526168964624],[101.73827037919162,12.982147589988006],[101.73954051435838,12.985413333882365],[101.74055296688753,12.986964315932013],[101.74214843501926,12.989125681068414],[101.74297095674791,12.990261949410758],[101.74424493850071,12.991823724522979],[101.74636798180887,12.994470623132807],[101.74929363838243,12.998108345311083],[101.74984669427191,12.998767535881228],[101.75047567666753,12.999629201896994],[101.75098732201909,13.000549717649086],[101.7515457857666,13.00164360139185],[101.7516960658288,13.004831894061272],[101.75332838015854,13.005565502528771],[101.75507514434703,13.005919555881878],[101.75569517143759,13.007476865774782],[101.75619811660562,13.008965412484338],[101.7565375324593,13.01050198247866],[101.75715834647406,13.012128134302595],[101.75575511871146,13.012434389769812],[101.75727742714813,13.015815836974829],[101.758362659385,13.020850501344785],[101.75898319941356,13.027333184579271],[101.7588521980957,13.028087719688607],[101.75813707265419,13.031312322162671],[101.75783121875784,13.032034826745871],[101.7574848167062,13.032312910150681],[101.75699844365856,13.032488584451395],[101.75630156210215,13.032632645511603],[101.75567683682267,13.032947544241559],[101.75529771633171,13.033396470190961],[101.75509573283503,13.034084013482225],[101.7550190185064,13.03500850493192],[101.75497570354003,13.035830965340892],[101.75480807431477,13.036448175547017],[101.75446276191954,13.036828956835862],[101.75401131626846,13.037038150089099],[101.75355723496031,13.03700912450735],[101.75327532116627,13.036772731207041],[101.75292302886129,13.036468227276146],[101.75236037806624,13.036098174068316],[101.75113444090979,13.035734058303898],[101.74977120883861,13.035611934204265],[101.74844502778127,13.035659871403716],[101.74701727870638,13.035949419767446],[101.74614857548727,13.036334634525415],[101.74549133478774,13.036889251076502],[101.74509357605127,13.037426462966581],[101.74481582864355,13.037669912045208],[101.7443628765177,13.037846323802041],[101.74383701263187,13.037783039379505],[101.74341271766194,13.037375386037056],[101.74295182622562,13.036831475550496],[101.74252924434292,13.036630450886193],[101.74203812819057,13.036531792086967],[101.74091444626293,13.036200397582073],[101.74012150964982,13.035728891327798],[101.73944930840757,13.035083348403088],[101.73900458035817,13.0344365067927],[101.73847589755896,13.03406498638544],[101.73766888524371,13.033935728813091],[101.73651578618541,13.034119563807188],[101.73527665637073,13.034442057995378],[101.73447213059214,13.034484410963399],[101.73348989289755,13.034289278665447],[101.73240473971245,13.034265728703254],[101.73110794883628,13.034107799757926],[101.73001738689483,13.033639395504904],[101.72945244719244,13.033164299657177],[101.72884918985159,13.032450247328846],[101.72838682697487,13.031768563201171],[101.72792484947536,13.031121915095271],[101.72753699466493,13.030885455784494],[101.72700813849089,13.030547764649979],[101.72573318655758,13.030066590832748],[101.72500558711006,13.029882284604222],[101.72416669268704,13.029993897926172],[101.7234354074519,13.030310955592153],[101.72169444727845,13.031187462689859],[101.72002503701906,13.032130921315641],[101.7185315995373,13.033210279565896],[101.71688638450179,13.034841177151321],[101.71620102114397,13.036152593512245],[101.7156905067714,13.03749603112267],[101.71528291866908,13.038667923253092],[101.7145665598407,13.040356781873008],[101.71409566027383,13.042112000674159],[101.71372543310422,13.043488970963807],[101.71349321950159,13.044692880348459],[101.71332550403805,13.045312304405103],[101.71298324681308,13.046036311833632],[101.71229619462255,13.047244992247537],[101.71209273788881,13.047864790589133],[101.71220450358152,13.048447391264846],[101.71252468740327,13.048923943712092],[101.71298521951348,13.049434026220025],[101.71330466671671,13.049842834966608],[101.71348496398411,13.050320852289417],[101.7135972524963,13.051006236018974],[101.71346556845883,13.051763038971643],[101.71308672195406,13.052350823341788],[101.71194921854743,13.053975242356239],[101.71105625812071,13.055529345549004],[101.71019747230237,13.05704808533803],[101.70975039785344,13.057773191627911],[101.70912680265458,13.058363537952141],[101.7085706161363,13.058746523079231],[101.70808619782271,13.059266513117768],[101.70777834697148,13.059922408977373],[101.70696247816583,13.062161116108143],[101.70626627214251,13.064125313642743],[101.70582370454139,13.065262530373886],[101.70530637375239,13.06598837034646],[101.70447664753519,13.066958027440906],[101.70409775970792,13.067545769527637],[101.70361742333897,13.068442870160677],[101.70321255623367,13.069820203864765],[101.70298480456306,13.071435121432904],[101.70276360610245,13.073599852287089],[101.70240928450325,13.074805006216579],[101.7019291170176,13.075771002571855],[101.70106814739478,13.077050355390819],[101.69979655156739,13.079226076989938],[101.69818069976354,13.081954207886719],[101.69735686829122,13.083472567205417],[101.69639311702684,13.084992389782466],[101.69532395295548,13.086514421952186],[101.6945001304663,13.088032816181098],[101.6936799937647,13.089894400858526],[101.69296676017521,13.091892626371557],[101.69264989742506,13.093371830331492],[101.6924893819585,13.094711608164168],[101.69260222473122,13.095397000717906],[101.69278664796076,13.096253259692498],[101.69321730749449,13.097244741455404],[101.69364819250534,13.098201178601284],[101.6941866867041,13.099464789448128],[101.69479974556302,13.101072032130435],[101.6953763822287,13.102609606919485],[101.69689717251255,13.105580442770998],[101.69762264474947,13.106293273030438],[101.69829273764577,13.106732311174913],[101.69889445886747,13.107343678143927],[101.69935563057815,13.107853761457113],[101.69964080076511,13.108331794964339],[101.69971595022852,13.108777063179133],[101.69947467621793,13.109156750346658],[101.69905632899349,13.109298891737888],[101.69790166866325,13.109379886878207],[101.69604444762741,13.109261538564803],[101.69425523714344,13.108936995123452],[101.69334348935085,13.108843775650168],[101.69222512185641,13.109027119146077],[101.69131863010658,13.109413716794782],[101.68985675852559,13.110218313099599],[101.68831107143366,13.111367046907937],[101.68695851314469,13.112582655663452],[101.68620219006594,13.113860901290504],[101.6857632085394,13.115341381799558],[101.68529726946953,13.117576432489249],[101.68499895872661,13.119124307205254],[101.68493616469163,13.119811534601016],[101.6850857853904,13.120702057527341],[101.68573032121687,13.12196568753779],[101.68639078866491,13.123159138931916],[101.68710950557089,13.12483415359937],[101.68779975666214,13.127126025513501],[101.68830900890177,13.128870971062511],[101.68891932789907,13.130271590693658],[101.68962986564441,13.131191245054676],[101.69038906782362,13.131767119937406],[101.6925021533069,13.132877593372855],[101.69376827300431,13.133344245815543],[101.69468550770662,13.13398731031943],[101.69525234105765,13.134564035963667],[101.6958230847751,13.135553990692387],[101.6962187710982,13.136548074020016],[101.69639475555394,13.138156470471538],[101.69620251338819,13.139805989288076],[101.69522706965209,13.143488421720098],[101.69517438705394,13.145101473739512],[101.69547291518913,13.146745844207429],[101.69626221991354,13.14848781606076],[101.69662111303923,13.149273368535892],[101.69680634385419,13.150198501168566],[101.69675217993414,13.151988841555793],[101.69635109473617,13.151872243157522],[101.69539455514692,13.151699348204096],[101.69425370821081,13.151690969815661],[101.69272074665321,13.151910336015085],[101.69141695520601,13.152228898862438],[101.68999009186999,13.1526706672344],[101.6878510854992,13.153424816881335],[101.68697068172349,13.153576303817054],[101.68586159113102,13.153628535813407],[101.68436562938334,13.15344092797601],[101.68369900039077,13.153224329973842],[101.68303139223455,13.152865430235529],[101.68232118866248,13.152405365050416],[101.68163357771982,13.152168629348969],[101.68082434746414,13.152136413989401],[101.67976987713587,13.152492982709761],[101.67898600811725,13.152887354075338],[101.67841001554358,13.153381162614998],[101.67799812451111,13.153649691557607],[101.67766674947751,13.153693812890674],[101.67696083805588,13.153680858772237],[101.67588086186176,13.153549842727106],[101.67510172516806,13.153476630780849],[101.67398073638962,13.153386698891383],[101.67354486393231,13.153411552213409],[101.67300676678893,13.153518799709904],[101.67225396330947,13.153913938326795],[101.67158205761292,13.154164850204426],[101.67054752988396,13.154399181931987],[101.66893129988939,13.154598926971374],[101.66748979940409,13.154654573746049],[101.66616323027458,13.154790312809798],[101.6649798840424,13.154741618519951],[101.66408505601819,13.154466318508833],[101.66258596992996,13.153994063254185],[101.66179402056537,13.153696263055069],[101.66114913170099,13.153520005985914],[101.66079592580938,13.153462686437205],[101.66034032545009,13.153528387810848],[101.65984442037896,13.153757094654736],[101.65964077410068,13.154105882787194],[101.65967692590098,13.154573000459857],[101.65974594166761,13.155202404481297],[101.6597385880587,13.156442365852639],[101.65948346651803,13.157787689405378],[101.65913189196696,13.1588482765543],[101.65884988654476,13.159623592164875],[101.65837048981361,13.160421304337476],[101.6578998579447,13.161016742828792],[101.65734469191258,13.161469669892449],[101.65676560015119,13.161678921725906],[101.65608076859601,13.161645382418596],[101.6554667503364,13.161448480709183],[101.65450863689877,13.16113317417941],[101.65363413146126,13.16087794481634],[101.65286569549922,13.160784279709077],[101.65211948026405,13.160832621160601]]]]},"properties":{"OBJECTID":2,"PROV_CODE":"21","PROV_NAMT":"ระยอง","PROV_NAME":"RAYONG","Area_km2_":3711.0900000000001,"Religion_T":"ภาคตะวันออก","Shape_Length":411636.06768678501,"Shape_Area":3924446634.4760609}},{"type":"Feature","id":3,"geometry":{"type":"Polygon","coordinates":[[[101.13765174157888,13.96937512165252],[101.1378112266778,13.96961319403267],[101.13812849456815,13.969900697630417],[101.13822891274218,13.969943860362635],[101.13513178484891,13.970234264712547],[101.13180759159792,13.970674640726356],[101.13050285332646,13.970861161312216],[101.12534116334831,13.971540048487942],[101.12239542313999,13.971887748427825],[101.12019794452902,13.972220963065439],[101.11901373681249,13.972311468499914],[101.11169892613377,13.973322910642704],[101.10875603627984,13.973670389085997],[101.10522092488836,13.974086261182464],[101.10475140962534,13.974159212741098],[101.10423507327138,13.974239380450255],[101.10311784753567,13.974442197725674],[101.10022155599047,13.974515859629911],[101.09482588272859,13.9748030511305],[101.09110751591743,13.974979673407267],[101.08880412773111,13.975063899586944],[101.08365401883363,13.975205266474102],[101.08026426293991,13.975330341607071],[101.0771711810587,13.975452832008909],[101.07486772549872,13.97553692812858],[101.07314102967369,13.975696253975306],[101.07032998375738,13.975736039436365],[101.07004721836044,13.975739597811401],[101.06685518615235,13.975862801064865],[101.06262693468761,13.976074977462815],[101.0604057666043,13.976175154879016],[101.05828346710118,13.976273363033032],[101.05417057189534,13.976452769329512],[101.05114243551421,13.976542733505601],[101.04890547864146,13.976690393301856],[101.04589355056301,13.976715787370594],[101.04406620749353,13.976682610587156],[101.04258240264656,13.976388979413432],[101.04124682970297,13.976111008351703],[101.03984389748607,13.975673208217694],[101.03844248432034,13.975411615998768],[101.03764926024637,13.975048895438869],[101.03667667405119,13.974879712530786],[101.03439981581015,13.974240214695003],[101.0275371523668,13.972481131878007],[101.0237765288047,13.971547826146031],[101.02235773683145,13.971141658914615],[101.0193778292013,13.97105462342199],[101.01523010182032,13.97108906504087],[101.00964958851063,13.970973756339136],[101.00248954048743,13.970921055202838],[100.99552454995005,13.970756934956359],[100.99489979772109,13.970741743974767],[100.99048860704369,13.970681905829052],[100.98696587982671,13.970630527931462],[100.9860353868891,13.970641542401044],[100.98421133345019,13.970656446585888],[100.98287178186818,13.970654945445006],[100.98085425557159,13.970434164303061],[100.9771116135865,13.969891928742001],[100.970137604862,13.968877648805886],[100.96811956383073,13.968594648265855],[100.96156843522958,13.967787942044406],[100.9610887249864,13.967690165276732],[100.96050759764259,13.967571699122708],[100.95892395583159,13.967360813805183],[100.95646612568835,13.967046202390991],[100.95388620461654,13.966659179740821],[100.95194513213714,13.966308752891225],[100.94907887486518,13.965987201699855],[100.94799222149352,13.965859209811532],[100.94583796172918,13.965605353792126],[100.9410759097631,13.965018729721955],[100.93640073386808,13.964303643267261],[100.9285953091953,13.963225858130574],[100.92405271116149,13.962595354278122],[100.91420233282986,13.961318601446736],[100.91419167611566,13.961079179699457],[100.91417128435872,13.959522625411401],[100.91420423007173,13.959027584500054],[100.91417460093874,13.958101444433861],[100.91414640911016,13.957349276597903],[100.91416645501572,13.954450319937056],[100.91414970682557,13.952420386934589],[100.91409735840071,13.950563572342046],[100.91409512159564,13.948468003675432],[100.9140233435095,13.946354916509307],[100.91399321491318,13.946350637545168],[100.91405158115215,13.946203291349542],[100.91401029727665,13.94575625395748],[100.91399864702572,13.945464903339614],[100.91393924053767,13.945063208019654],[100.91389608547141,13.944389079844274],[100.91375646122512,13.943304552052968],[100.91348477205564,13.940934316407905],[100.91334989001571,13.939794408447618],[100.91325498659923,13.938947849766956],[100.91296796767942,13.937309799919305],[100.91294521874316,13.936374571453184],[100.91284011046503,13.935687416504175],[100.91269296192992,13.934534018206703],[100.91267632513085,13.934409879137606],[100.91254571188516,13.933437108709732],[100.91226137443648,13.931841939399865],[100.91225625314107,13.931150593729349],[100.91212566774317,13.930037746467473],[100.91193326028738,13.92872541253837],[100.91181955064043,13.927622574401685],[100.91170329157468,13.926707326607552],[100.91157348232117,13.925761645449546],[100.91141404303634,13.924516831167072],[100.91128391757586,13.9233847653258],[100.91100127884138,13.921222461007288],[100.91083745847291,13.919937032866661],[100.91073059219177,13.918964073330715],[100.91059826945208,13.917992422844234],[100.91044630055718,13.916806294916084],[100.91029499102564,13.915704896174114],[100.91003643612395,13.913583080914794],[100.90987004028557,13.912332652756557],[100.90976566682932,13.911306587225326],[100.90959748873341,13.91019402896721],[100.90953782263223,13.909896240200702],[100.9095178072694,13.909572154950961],[100.90945542017121,13.909085743269161],[100.90937238619456,13.908267366918423],[100.90928169587673,13.907716802649896],[100.90916623271833,13.90696416464124],[100.90903140637398,13.90596658055712],[100.90892702034132,13.905011662163247],[100.908835077772,13.90423400048034],[100.90877027240909,13.903734059033596],[100.90864937534153,13.902743139667717],[100.90856862578063,13.901707817158306],[100.90844362700545,13.900780156687741],[100.9083536930691,13.899539343030401],[100.9083094815841,13.899013216227011],[100.90828379066527,13.898772798583597],[100.90826036529762,13.898665666397719],[100.90819836178007,13.898294487905826],[100.90813024073543,13.89781489437407],[100.90809958482805,13.897532684863929],[100.90806674691285,13.897122854875944],[100.90805780598085,13.897021271466349],[100.90796602959981,13.895980407815143],[100.90795714436337,13.895881045824018],[100.90791724748664,13.895391051862653],[100.90785545776811,13.894763447214109],[100.90779143124456,13.894144854182692],[100.90772978076492,13.893538680748707],[100.90766481729852,13.892874933900321],[100.90758091824425,13.892022652905187],[100.90754506019307,13.891525851475238],[100.90750397394693,13.891168058733383],[100.90742494465978,13.890415168974881],[100.90741213109058,13.890261643562546],[100.90741986019528,13.890076306654867],[100.90735848190519,13.889780788113546],[100.90729911314635,13.889522569345896],[100.90732134016145,13.889409415741211],[100.90726433307354,13.889087876106869],[100.90728164540566,13.889013185838492],[100.90720476039712,13.88816540264486],[100.90719511428762,13.887764421400597],[100.90709977878146,13.887417193923397],[100.90704267198055,13.88708325521938],[100.90701496614052,13.886804426689435],[100.90699501994797,13.886557189073887],[100.9069494547018,13.885933935632066],[100.90691824453387,13.885652877597231],[100.90685075051333,13.885035458459908],[100.90683321090744,13.884517081048026],[100.90678139248857,13.884403357282961],[100.90675060722377,13.883817303190503],[100.90668593660816,13.883336532914175],[100.90667607400465,13.883117462175317],[100.90666363682955,13.8829402036773],[100.90665581430005,13.882618280075546],[100.90661052214172,13.88210237657259],[100.90658114363868,13.881901523240822],[100.90658212729394,13.881595336601993],[100.90652526393644,13.881290749825423],[100.90651522795811,13.880911279655757],[100.90649401154772,13.880012160348107],[100.9064979605417,13.879081268255634],[100.90647899171614,13.8788837009541],[100.90643171517938,13.878050343488482],[100.90642005953858,13.87789906773415],[100.90642304643688,13.877485586447992],[100.90640595059871,13.876946844407751],[100.90637105643982,13.876640975646724],[100.90634455164738,13.875943016765596],[100.90635240471956,13.875633408855213],[100.90635890223403,13.875153230338107],[100.90632395237961,13.874836034067597],[100.90637953114621,13.873926209632844],[100.90638865084298,13.8736278815009],[100.90629148187531,13.873268266332433],[100.90627943726399,13.872642491650172],[100.9062865618025,13.871677664727027],[100.90633297775324,13.871482993523845],[100.90627305473393,13.870942327602449],[100.90627313019239,13.87059890790221],[100.90630807286031,13.870414506760447],[100.906250172847,13.86998225103704],[100.90625924583136,13.869037768472314],[100.90625054385119,13.868681980061034],[100.9062138970792,13.868513942876746],[100.90626207911774,13.867830098525591],[100.90623647533555,13.867664196573585],[100.90629199571168,13.867030009876755],[100.9062990977923,13.866697826203843],[100.90634963521354,13.866585600751117],[100.90635952746148,13.866307589188626],[100.90636329948737,13.865781122701536],[100.90637576451022,13.865604781527498],[100.90640134942782,13.865341381493542],[100.90635120546867,13.865218612081259],[100.90638278035259,13.864551851148322],[100.90637485361853,13.864290933785099],[100.90637378731827,13.863593924152577],[100.90637271113658,13.863109288464814],[100.90635460828697,13.862446283931799],[100.90632330110101,13.861655741636087],[100.90630300276885,13.861155449327343],[100.90630607590543,13.860965631570034],[100.90628707833382,13.860620066427856],[100.90622795571338,13.860460125757214],[100.90614889857848,13.860336471139162],[100.90605864214695,13.860186916817291],[100.90592184579718,13.860068227258639],[100.90586863319298,13.859996344722104],[100.90579559297389,13.859899740781703],[100.90571152683293,13.859728704856192],[100.90564010537798,13.859551868058086],[100.90559796091642,13.85941552474265],[100.90557300392119,13.859333242339844],[100.90553128256613,13.859248832703038],[100.90548509658413,13.859188185988378],[100.90541051665259,13.859116469762627],[100.90529376980166,13.859049597510639],[100.9051541248941,13.859008891021656],[100.90482238694115,13.858949318750172],[100.90477817455779,13.858916938793095],[100.90465927264847,13.858869258456449],[100.90460393463034,13.85882001083071],[100.9045606609865,13.858689265511607],[100.90440643642188,13.858138040120567],[100.90427258474961,13.857673649163068],[100.90406196035819,13.856798619040607],[100.90391270707038,13.856145701502633],[100.90384337689335,13.85579715681394],[100.90369905535644,13.855117067238485],[100.90356528722749,13.854871823672662],[100.90341948436865,13.85421884141063],[100.90327830783359,13.853710454918582],[100.9031962548172,13.853143971035852],[100.90298995311895,13.852375109339651],[100.90275839079489,13.851197502700551],[100.90260762474412,13.850646210689776],[100.90254067959421,13.850162121891179],[100.90243956432752,13.849529114583424],[100.90243187924024,13.849506593526575],[100.90223564945299,13.848978272159423],[100.90217712151727,13.848820584220638],[100.9021694543963,13.848800283721269],[100.91269750381198,13.84679893186288],[100.91278888313762,13.84659036119475],[100.91235038759969,13.846130611746659],[100.91191747059965,13.845361271551669],[100.9116593127533,13.844753224491457],[100.91031888172066,13.843211465703423],[100.90959936172075,13.842175491096551],[100.90887006535569,13.840929435018612],[100.90841051510411,13.839725365197214],[100.90793363724902,13.838453647753274],[100.9077178008323,13.838145779706782],[100.90899296566631,13.837145092785763],[100.90986150269708,13.836472921859638],[100.91076987821407,13.835790258431834],[100.91368020863052,13.833573666832358],[100.91391054205926,13.833397920522383],[100.91480719186687,13.832701787320127],[100.91620824301152,13.831625530878396],[100.91664601810062,13.83129223940867],[100.91711422361999,13.830937239305488],[100.91803483688605,13.830209259084032],[100.91883099665438,13.829596375780294],[100.92075686694423,13.828094650995512],[100.92977375691426,13.821087511376582],[100.93071064046678,13.820380834405601],[100.93159134877133,13.819725459391989],[100.93211232402541,13.819325969423126],[100.93250750100371,13.819023494015671],[100.93341368822468,13.818308017834827],[100.93430106023202,13.817622079662861],[100.93517453530188,13.817001770306303],[100.93763161804681,13.815111613695022],[100.93849010203122,13.814430407229892],[100.93857203018177,13.814342768502478],[100.93819706350071,13.813944714758563],[100.9378009944953,13.813504960144963],[100.93736159345555,13.812932319121714],[100.93645196119547,13.811758958312522],[100.93604941354025,13.81123566492183],[100.93569309857943,13.810783228287541],[100.93425661428668,13.808942986036435],[100.93335765311389,13.807727694555778],[100.93236009824538,13.806396864788585],[100.93204245036767,13.806006232618875],[100.93168498646162,13.805550390594499],[100.93135724331671,13.805129334131411],[100.93113014472129,13.804713112439126],[100.93107791846731,13.804617498364159],[100.93078329800359,13.804212024217094],[100.93041968962098,13.803782177948243],[100.93020020514592,13.803448407837859],[100.93010420219152,13.803372312572122],[100.92971457680164,13.802942707275401],[100.92937608980596,13.802545460204565],[100.92926522422518,13.802209688837269],[100.92911533133686,13.802042544929105],[100.92898504867121,13.801805170991981],[100.92879676448261,13.801607825043453],[100.92841861956208,13.801237985012097],[100.92695388864354,13.800445148021371],[100.92641556422639,13.800135306998873],[100.9255222408803,13.799597810371864],[100.92456649270677,13.799059649491289],[100.92414209802384,13.798826870881921],[100.9231837779737,13.798255963890545],[100.92262703449997,13.797952995285149],[100.92222790044281,13.797700840588144],[100.92180673071175,13.797366343795009],[100.92129660620797,13.797112759480045],[100.92080482799726,13.79683756039252],[100.92033829873424,13.796541839570224],[100.91989185669927,13.796229006269961],[100.9194069335325,13.796013608272933],[100.918926675317,13.795733836509257],[100.91844862516047,13.795441568999344],[100.91798004504362,13.795107434504237],[100.91753350329567,13.794846571012357],[100.91705616370652,13.794571250604976],[100.9165567381378,13.7942814418243],[100.91608661561362,13.793966527419476],[100.91561014200042,13.793727327166586],[100.91511682677223,13.793475855361615],[100.91449648077977,13.793238956895943],[100.91400100330671,13.792931009905157],[100.91364847743976,13.792651304238865],[100.91320428748121,13.79232940570969],[100.91276077125912,13.792089980440862],[100.91225279552555,13.791879299261831],[100.9117326152805,13.791593009082655],[100.91125075087724,13.791327890373649],[100.91065922553399,13.791010502167225],[100.91030232307502,13.790760216542592],[100.90989770300642,13.790393953690538],[100.90959994382908,13.789954562091429],[100.90847601037315,13.788058575668069],[100.90820592649308,13.787607639155324],[100.90753037722975,13.786335186216306],[100.90740421693292,13.786097803281368],[100.90688252482326,13.785123523231013],[100.90635243795727,13.784253216970244],[100.90610604265122,13.7838032406508],[100.90585508480189,13.783290034605441],[100.90562421418059,13.782825242247464],[100.9052968168871,13.782292303575739],[100.90477726725936,13.781440014285515],[100.90422866342043,13.780493030584097],[100.90371924499247,13.779534452396472],[100.90347677801917,13.779062971244267],[100.90297889934936,13.778102042871392],[100.90244119297313,13.777142531800489],[100.90159059709521,13.775656772304457],[100.9010939706769,13.774773752783899],[100.90082400178119,13.774332983817317],[100.90053948377117,13.773882183090082],[100.9002877327094,13.773408510195752],[100.90001079288713,13.772892128153295],[100.89977152840781,13.772463521606428],[100.89947778829305,13.771939345271846],[100.89928235620974,13.77149799773354],[100.89890555876214,13.770997043256974],[100.89842602997861,13.770010008026992],[100.8979402641921,13.769113346575578],[100.89775464530496,13.768737445288089],[100.89741596876472,13.768162784520699],[100.89712814675107,13.767727773839491],[100.89705331798622,13.767479842595792],[100.89686022062433,13.767256478272383],[100.89659301045485,13.766798764100152],[100.89633069969695,13.766300327218591],[100.89607160400944,13.765848138540576],[100.89574810899755,13.765285795812124],[100.89526383980427,13.764426392819855],[100.89499513124493,13.763998042980633],[100.89470343569576,13.763513378110492],[100.89437550839622,13.762832421560143],[100.89420367325877,13.762520786466467],[100.89411732270212,13.762346351254033],[100.89380638703618,13.761766916017669],[100.89346912803749,13.761149332343649],[100.89310454228784,13.76058048842609],[100.89286471815814,13.760149617775332],[100.89256019107343,13.759650388423637],[100.89218920662405,13.759005888351714],[100.89196232811588,13.758602051307554],[100.89167621469788,13.758089093580121],[100.89141481123843,13.757630178301897],[100.89122201121889,13.757300635162668],[100.89065848726136,13.756423798133557],[100.89049609701084,13.756207003140377],[100.89021843763797,13.755736882374281],[100.89003498189403,13.755415187785262],[100.88981040217467,13.755013626270298],[100.88958837007748,13.754636846350545],[100.88933711039419,13.754218533921517],[100.88876613940296,13.753346227015292],[100.88862267306222,13.753113477033411],[100.88828499455029,13.75258169571752],[100.88730173726782,13.751029060199917],[100.88672158639275,13.750091329999558],[100.88613094409345,13.749143461089712],[100.88586752301782,13.748722978346654],[100.88556135021953,13.748227080558943],[100.88531432699115,13.747759012654782],[100.88503646280238,13.747265193060416],[100.88477796449456,13.746806245220068],[100.88417080127887,13.745883372224261],[100.8832638846259,13.744479242403225],[100.8826535476623,13.743593666308707],[100.88203008721072,13.742657361832032],[100.8817429613914,13.74223027931215],[100.88144092174174,13.74174226482843],[100.88117677033581,13.741299161379647],[100.88093378952617,13.740827649419368],[100.88061633029466,13.740366887032613],[100.880045962073,13.739418879293792],[100.87894766923023,13.737843342832376],[100.87767289516336,13.735802589750536],[100.87628239652832,13.733587569079699],[100.87473573117106,13.73113535493631],[100.87373714593492,13.729521751143482],[100.87368559431573,13.729434036072323],[100.87281751991732,13.728026187936601],[100.87034028796059,13.724064901263041],[100.86921721598901,13.722263561014469],[100.86808538634173,13.720444177338733],[100.86720213131335,13.71908046897682],[100.86645928296386,13.717859182897637],[100.86635976130849,13.717695013069745],[100.86595156774172,13.7170044258229],[100.8653972784653,13.716101410699467],[100.86489096102173,13.715269220501426],[100.86422388287153,13.714280094215118],[100.86396697907331,13.713864007601995],[100.86361723798373,13.713256600007073],[100.86307163811109,13.7123535119966],[100.86231872413886,13.711098410699099],[100.86198021288865,13.710516865942084],[100.86103938124045,13.708947952220703],[100.86026012417254,13.707720138662125],[100.85962828782922,13.706719400292441],[100.85929368964041,13.706195460880888],[100.85837282574435,13.704667030022165],[100.8578872477057,13.703899077706227],[100.85764799310789,13.70351901617463],[100.8568334574021,13.702133266856171],[100.85516343988159,13.699365504427227],[100.86074229849456,13.697046009063943],[100.86184229723804,13.696529343572655],[100.86460799709712,13.695368609434434],[100.86813252543625,13.693881273719022],[100.87376440710884,13.691504658697868],[100.87721583055017,13.69006743883614],[100.87973814176451,13.689049590038929],[100.8821512393998,13.688250630201875],[100.88750873605876,13.686494891853249],[100.88914849562556,13.686091499933402],[100.88994481080242,13.685760062684754],[100.89206266005164,13.684968892881113],[100.89209607378697,13.684957346434892],[100.9008631800057,13.681863645639714],[100.90785710527837,13.679413716005779],[100.9119470242742,13.67790565248489],[100.91513308358394,13.676718546009958],[100.91754358508811,13.675849249585848],[100.92049781617249,13.67478363013883],[100.92170178502867,13.674375495143586],[100.92517282857411,13.673219970034568],[100.92816591718444,13.672259022598734],[100.92945814551726,13.671763210349942],[100.93200714657698,13.670822632274611],[100.93370644648084,13.670166556730585],[100.93443253496204,13.669953033024152],[100.93519428476341,13.669721164894552],[100.93678741458045,13.669152891969279],[100.9369129478532,13.669106711807098],[100.93857565129068,13.668497239483465],[100.93954823838419,13.668055852737696],[100.94016787201265,13.667825044159001],[100.94183258857466,13.667325109574024],[100.94386857525038,13.666597443669332],[100.94565644095637,13.66590672818602],[100.94661312158114,13.665638241175934],[100.94886119241056,13.664856897945933],[100.95164722743273,13.663889434307539],[100.95171541135942,13.663752190435218],[100.9517987049492,13.663629560446342],[100.95184823985061,13.663470992523305],[100.95188914463708,13.663174674879617],[100.95189067267137,13.663079786046852],[100.95189302985065,13.662947576560484],[100.95189665365452,13.662753277947882],[100.95190995950053,13.662686503174895],[100.95193823936397,13.662401612510781],[100.95200037134059,13.662163875442427],[100.9520395432769,13.661937608894627],[100.95206533390869,13.661847044777977],[100.95211642379385,13.661596993152719],[100.95216430938839,13.661518656490365],[100.95219024105566,13.66137160245305],[100.95229172103838,13.660929067588286],[100.95234495340547,13.660589750142476],[100.95252616785282,13.660286699654705],[100.95257598931678,13.660094259010243],[100.95263755265982,13.659925453886144],[100.95271155407633,13.65972264106882],[100.95278497877437,13.659518723848985],[100.95284905470527,13.659236919452848],[100.95288618746586,13.659112357986075],[100.95290141121497,13.658929221600699],[100.95291522910068,13.658782262841212],[100.95292895356158,13.658697420314095],[100.95301674411769,13.658486614937114],[100.95310993624358,13.658017048396527],[100.95308324819477,13.657442221336368],[100.95300533281862,13.65710056643946],[100.95293162604955,13.656778054132822],[100.95277024730204,13.65611503644026],[100.95257005863928,13.655165398691047],[100.95254818466212,13.654752116996184],[100.9525625945376,13.654258330644391],[100.95258738714111,13.653618723945245],[100.95266713238551,13.652642044030777],[100.95286600052479,13.651821455923509],[100.95305723388246,13.650915046307905],[100.95314085535733,13.650404908718095],[100.95323916877864,13.649858490505348],[100.95331558306998,13.649319017925677],[100.95334929953754,13.648995659569435],[100.95346388324529,13.64860047898973],[100.9535215532899,13.648308545815363],[100.95371479168729,13.647646179981605],[100.95381291107252,13.647499668127226],[100.95398085650478,13.64734246338584],[100.95428685053831,13.647116354590143],[100.95469276777419,13.646889459046001],[100.95593299712682,13.6464199279071],[100.95646255668171,13.64626890472489],[100.95741742181129,13.646002660680921],[100.95839527752393,13.645656049141952],[100.95913254643717,13.645548545111064],[100.95977133484246,13.645405685290939],[100.96093235793984,13.645206728077149],[100.96240659842395,13.644887794366459],[100.96313371008628,13.644674191025398],[100.96338205832974,13.644601078662372],[100.96364912836201,13.644562800116635],[100.9637877707497,13.644561703675279],[100.96384254821912,13.644479942831357],[100.96381390723289,13.644371706721296],[100.96371920054743,13.644092305833832],[100.96340750221187,13.643210193526141],[100.96296912704814,13.641811720169601],[100.96280937155632,13.641350926136976],[100.9626802486157,13.641028854978998],[100.96256523730987,13.640600505376129],[100.96239666844681,13.640264049996784],[100.96233642023735,13.640031794754904],[100.96219706728228,13.639662347742831],[100.96213489398313,13.6394764533516],[100.96191389854178,13.638731474929088],[100.96145054841655,13.637386278037537],[100.96091193564015,13.635946759517099],[100.96032010756468,13.634355181755836],[100.96007764867625,13.633741412642621],[100.9598503650279,13.633141072245415],[100.95966954673762,13.632786645005869],[100.95955798136923,13.632637269197669],[100.95934717102655,13.632354263743794],[100.95861433619754,13.631663030709912],[100.95794211878561,13.631037949085934],[100.95681319428994,13.629937449201273],[100.95605858250184,13.629261073999201],[100.95523635272565,13.628512895161554],[100.95446637166133,13.627793693143923],[100.95313648864675,13.626549049762588],[100.95162706744114,13.625175872592489],[100.95074476013536,13.624349075151494],[100.95007251936724,13.623716082774678],[100.94964596872761,13.623255108520386],[100.94856221871098,13.622226541033333],[100.94781450508592,13.621545526215387],[100.94584494702886,13.619755678643735],[100.9446999058587,13.61864734989927],[100.94362926585531,13.617522626826696],[100.94272165390629,13.616491501639066],[100.9411495662265,13.614709793021884],[100.94041034707077,13.613858140048899],[100.93813328581047,13.611101323562696],[100.93671741965015,13.609346605313551],[100.93610022045608,13.60858431099431],[100.93464086775116,13.606662739902829],[100.93325229959569,13.604846775917569],[100.93152393470082,13.602578147040779],[100.93095474776375,13.601818868513234],[100.93048498276907,13.601213592519226],[100.92992575994515,13.600473445912678],[100.92976605475901,13.60029166456947],[100.92945727235481,13.599955150958699],[100.92912860304688,13.59965832842988],[100.92872072209381,13.599351937772767],[100.92820399766764,13.599008001212697],[100.92717906484422,13.598165245737329],[100.92634342052591,13.597446440420512],[100.92571358562907,13.596610801591735],[100.92504467850895,13.595725746901637],[100.92378493235847,13.593976497625658],[100.92354562026846,13.59365976151458],[100.92335669019117,13.59357422677447],[100.92315941925645,13.593603994240112],[100.92265699960288,13.593811216456173],[100.92133760531755,13.594400959726066],[100.92070689815655,13.594600134319471],[100.92004550724042,13.594720472326548],[100.91931437022731,13.59478485467633],[100.91898869769918,13.594787363226638],[100.91853328688441,13.594742265198597],[100.91808797493006,13.594658699795975],[100.91761147436738,13.594362996118484],[100.91704441733587,13.593931316494036],[100.91658810461256,13.593703199889317],[100.91592338004841,13.59340894008545],[100.91555653503582,13.593246842033421],[100.91499019126664,13.592903218803508],[100.91427599917473,13.59256076597595],[100.91380070594779,13.592409640287835],[100.91332488900306,13.592268661448488],[100.91289008015102,13.592271999523536],[100.91228764297205,13.59232523059416],[100.91189323674821,13.592472852364455],[100.9110749353048,13.592682475871133],[100.91021624201289,13.592824623617339],[100.90967286277562,13.592828788561238],[100.90891079946223,13.592708096839115],[100.90779159024638,13.592407152668109],[100.90736465782278,13.592169759930256],[100.90716929131645,13.591856075708884],[100.907135934175,13.591802097983114],[100.90706684384821,13.591250191861516],[100.90697931829511,13.5904137130262],[100.90684100379252,13.589292983282265],[100.90676907838265,13.588315156602484],[100.90656483202976,13.587036747744364],[100.9065395893703,13.585900418402545],[100.90664684102867,13.585157366037574],[100.90687904385155,13.583939995112862],[100.90695503503638,13.582609726529506],[100.90692322120057,13.580726697313068],[100.90703780850158,13.580612840069536],[100.90734407831793,13.58064214811384],[100.90776545825474,13.580623117619751],[100.90831040595049,13.580529694933984],[100.90875537923998,13.580356816283064],[100.90923210797476,13.580037987249289],[100.91022684662482,13.579367210784975],[100.91074524730732,13.579063867577423],[100.91144464863805,13.578718451182816],[100.91223631144007,13.578429964761206],[100.91267138080352,13.578103526622071],[100.91322126384345,13.577621432315015],[100.91381150818908,13.576986508352238],[100.91394917949796,13.576585535958898],[100.91397288244504,13.576516424579609],[100.91404333012625,13.576014277140988],[100.91429126963625,13.574961739807444],[100.91460653338521,13.574093965717564],[100.91493952448799,13.573355917498189],[100.91505234570116,13.573022917937939],[100.91508051507182,13.572359581638146],[100.91497345205963,13.571391061920373],[100.91470361611459,13.570722089565667],[100.91445146081098,13.570238225055981],[100.91398986779042,13.569344758685007],[100.91379764448931,13.569062667839694],[100.9135390886893,13.568790154381485],[100.91307333557066,13.568453669413302],[100.91237545778263,13.567974364733402],[100.91196778883196,13.56761370277583],[100.91171661987855,13.567251877104049],[100.9116063867117,13.566896857859373],[100.91148637538299,13.566331755722214],[100.91131660637073,13.565823563035485],[100.91112225765563,13.565274873797309],[100.9104212878664,13.564406959504291],[100.90970498563186,13.563717629222376],[100.90906415805091,13.563148623892811],[100.90853857713435,13.562553895172396],[100.90824572814837,13.562103130921736],[100.9080862107101,13.561797055026499],[100.90797631171657,13.561482676566451],[100.90785645849135,13.561006860506261],[100.90775502611936,13.560667577897714],[100.90766179806086,13.56041748570046],[100.90712733819605,13.55971887052559],[100.90664309146069,13.55909105956183],[100.90637539709927,13.558680746037439],[100.90608977955134,13.558124862797612],[100.90591353548247,13.557746612810513],[100.9057290143366,13.557416996295009],[100.90526026892977,13.556700919661013],[100.9047641554495,13.555669869613237],[100.90456161050574,13.555105426301376],[100.90419173547571,13.55433099172259],[100.90402516716077,13.55415490209684],[100.90382733657565,13.554253548737238],[100.90333437258877,13.554628977430561],[100.90248886476861,13.555323457688283],[100.90140436016713,13.556098790267077],[100.90003047407666,13.556933960496631],[100.89880651231553,13.557889998843015],[100.8972773057158,13.558872044826968],[100.89678444593348,13.559263307475552],[100.89615060005889,13.559788908100545],[100.89455456868349,13.560936405866773],[100.89408850205284,13.561362480632994],[100.89358560269892,13.561801236233986],[100.8932303405636,13.562142841859472],[100.89245625689338,13.562679716948299],[100.89131882625031,13.563632774434957],[100.89072075578193,13.564230429364835],[100.89052381003735,13.564370892180051],[100.89034195239628,13.564447937154684],[100.89021635174988,13.564480539378692],[100.89007951677254,13.564484980769878],[100.88994099296249,13.564419358027802],[100.88987136993468,13.564300127658282],[100.88955927903531,13.563752306414521],[100.88934109981237,13.563255750546343],[100.88931145001811,13.563080872638723],[100.88930823404939,13.562674163857199],[100.88932913964268,13.562250354950411],[100.88946880341484,13.561512722265554],[100.88957427101911,13.560977547417611],[100.88970033968776,13.560564233967085],[100.88984010137628,13.559839001795075],[100.88991744722057,13.559398957979464],[100.88992693163333,13.559062231779412],[100.88991546014715,13.558630745539611],[100.88979890284074,13.558203460745725],[100.88960633189159,13.557877295203117],[100.88939410670233,13.557687954386839],[100.88900816620179,13.557508996764669],[100.8888986418057,13.557458961088876],[100.88870047614895,13.557444651456544],[100.88852200246158,13.557436969176445],[100.88820662732154,13.557420139244694],[100.88791756653109,13.557448312263329],[100.88740513874693,13.557486095768313],[100.88712462722305,13.557494989291557],[100.88676878387776,13.557403907511466],[100.88643303764202,13.557222308861888],[100.88606592313484,13.556868064076527],[100.88587892713038,13.556293303963061],[100.88548589712555,13.555435418045503],[100.88501395551295,13.554085544032432],[100.88459905422594,13.553092218809818],[100.88442146448077,13.552389742186534],[100.88420339125906,13.551898804117918],[100.88400814422869,13.551596382088123],[100.88361888624976,13.551210685501387],[100.88274460179782,13.550534891656275],[100.88179537000339,13.549797540489909],[100.88112632184776,13.549298702309546],[100.88016752209725,13.54873877725214],[100.87971464902317,13.548417964382127],[100.87949741482791,13.54810437604238],[100.87937501667548,13.547517831110451],[100.87931687232043,13.546951127495831],[100.87925075541719,13.54669404126312],[100.87906262663712,13.545966796543839],[100.87895101545466,13.545433256493547],[100.87891359433486,13.544782805129556],[100.8788673301994,13.544331253488323],[100.87877734505909,13.543829164644833],[100.87836811753141,13.542226879398441],[100.87821464755163,13.54179760446895],[100.87783231827849,13.540897785872207],[100.87741694447766,13.539904482414244],[100.87727104729574,13.53948980832703],[100.8772137761031,13.539327573899078],[100.87690748023562,13.538327747789522],[100.87645615226384,13.537022892651706],[100.87630779279972,13.536216234138413],[100.87592666008254,13.53539436585922],[100.8754747347311,13.534306410785444],[100.87535293755164,13.533349288970143],[100.87520919722471,13.532392330994629],[100.87489743600703,13.531063841945587],[100.87456349897825,13.529115250358606],[100.87428166962584,13.528066664429726],[100.8740593410846,13.52754301822878],[100.8736246400304,13.526810798634626],[100.87320023636433,13.526209552573816],[100.87288775290116,13.525744181688399],[100.87243925731745,13.525017690455472],[100.87228881196526,13.524604193114881],[100.87208216261899,13.524013752513577],[100.87202103585717,13.523506962923788],[100.87209063912201,13.523253375574475],[100.87218981762095,13.523013114452404],[100.87236020197919,13.522729415717835],[100.87264495624621,13.522304740832288],[100.87311543450319,13.521710347568449],[100.87360013398944,13.521086489830248],[100.87389797221854,13.520492276071927],[100.87389565905669,13.520196319368971],[100.87380444502108,13.519606128123778],[100.87343467150065,13.518383092663939],[100.87325830526093,13.517905412102037],[100.87283577817546,13.517246545127479],[100.8723974119949,13.516404732013696],[100.87213195982844,13.515603458284195],[100.87183408926002,13.514351671278586],[100.87155027193589,13.513043287075449],[100.87150014234977,13.51217032411471],[100.87157596734627,13.510789210181652],[100.87171313020868,13.50994313100588],[100.8720205858012,13.508729727432675],[100.87248554301247,13.507430408673189],[100.87263238252716,13.505977575267595],[100.87259353578101,13.504625563821476],[100.87255523970211,13.50156870638116],[100.87251759220689,13.500442619150213],[100.87230901058443,13.499527932940019],[100.8720239068728,13.498051224906108],[100.87210143687173,13.496966072784183],[100.87238425437096,13.494442347264595],[100.87233600226375,13.493808887250925],[100.87163658835661,13.490868834895805],[100.87145982056995,13.490335768975633],[100.87092281757457,13.489789583160698],[100.87031775102673,13.489256340998486],[100.87025325737922,13.489125770331414],[100.8697586701366,13.488473053944249],[100.86949244631734,13.488232148933779],[100.8690580731482,13.487898686996411],[100.86856551789477,13.48757472783779],[100.86719017833016,13.487156789143047],[100.86355303898362,13.486254024845714],[100.85190630945982,13.482870718118143],[100.85167070292036,13.482780941731976],[100.85092107768037,13.482508556662685],[100.85058360757759,13.482233095479044],[100.85015185569247,13.481331350371949],[100.84782858239903,13.474874838213113],[100.84793329182517,13.474831123933768],[100.84845345949383,13.474545978044414],[100.84939055684538,13.474206933122192],[100.8506150234597,13.473788950958859],[100.85321981618678,13.47295178237554],[100.85499141430131,13.472452925803632],[100.85611240936795,13.472163328725026],[100.85681633461446,13.472056431933767],[100.85732468764049,13.471963419176577],[100.85868056610278,13.47167207430858],[100.86016587203461,13.471252119494421],[100.86290084591769,13.470387904892659],[100.86410088823777,13.470251358953307],[100.86603040029776,13.46988001514057],[100.86715215264419,13.469692059849901],[100.86777836643213,13.469687406153001],[100.86836681774045,13.469798275412211],[100.86860346452903,13.46995014900388],[100.86876085745165,13.47007666089795],[100.86881591250045,13.470103349503688],[100.86891846147834,13.470152305396979],[100.86915354160503,13.470175396493818],[100.86925744434406,13.470174624228056],[100.86938842949226,13.470173649286204],[100.86969985474002,13.469916005038202],[100.87082001347514,13.469601511489172],[100.87222877755485,13.469437385345307],[100.87376776860465,13.469170549080262],[100.87661226149393,13.468969702269803],[100.87916953963067,13.468721252334809],[100.88035716903013,13.468698818925306],[100.88111480185256,13.468745124576271],[100.88176835406954,13.468841924804909],[100.88231820477009,13.469042267650895],[100.88271169381402,13.469243816780613],[100.88287475780101,13.469282132315998],[100.88292102912297,13.469293076865055],[100.88298365517302,13.469257586577006],[100.88310318590304,13.469190018295611],[100.88370000411992,13.46875059948397],[100.88421910548833,13.468337749856863],[100.88453151079804,13.46820772600061],[100.88505281393718,13.468076171506375],[100.88609645148146,13.468017512857061],[100.88690657106932,13.468062259243332],[100.88753434073929,13.468185188583229],[100.88842297937119,13.468306193295788],[100.88923293905891,13.468402909835445],[100.89009459140134,13.468396430267926],[100.89051306618653,13.468470098318765],[100.89093089867634,13.468466954196256],[100.89173981092843,13.468358062174078],[100.89270492493708,13.468223151349338],[100.8939181715935,13.46815070715177],[100.8953806028249,13.468139680430969],[100.89608608485182,13.468236051088052],[100.89666192650851,13.468359386567505],[100.8972629524342,13.468457652869947],[100.897681827868,13.468582133537375],[100.89799640350748,13.468733425203894],[100.89823091320396,13.468679678147062],[100.89843981013509,13.468678100408727],[100.89853304178685,13.468643486259655],[100.89864813933092,13.468599710562335],[100.89875119945022,13.468420423973626],[100.89903679813355,13.468187782334491],[100.89937513960218,13.468057581927214],[100.90002765336668,13.468027772552469],[100.90081085403871,13.468021849465433],[100.90149011693744,13.468016710881521],[100.90219418860936,13.467934566907754],[100.90313212768234,13.467646155093419],[100.90490131112539,13.466865671424976],[100.90671203356547,13.466302868187332],[100.90814590555739,13.46603666354723],[100.90947530707498,13.465771282434526],[100.91020611440638,13.465713753684538],[100.91104196893048,13.465733387421775],[100.91177501845685,13.465958257110238],[100.91206348725751,13.466160557529044],[100.91272126065799,13.466793838347655],[100.91298618281843,13.467226761060985],[100.91309247148286,13.467455287166725],[100.91319771720323,13.467557325229423],[100.91322483644335,13.467557119056671],[100.91330218318592,13.467556530241245],[100.91337989105128,13.467529950553066],[100.91340481660545,13.467325267198918],[100.91360745946555,13.466608585350047],[100.91381232206273,13.466095271138693],[100.91414901781776,13.465683756189412],[100.91466867075174,13.465424439363451],[100.91568587806371,13.465238219079877],[100.91717205446302,13.464945578301519],[100.91880201790165,13.464741084933795],[100.92102082970393,13.46462244593955],[100.92250777416284,13.464432608225355],[100.92454195073324,13.464109746868425],[100.92582045101189,13.464049127703221],[100.9262638450631,13.463994865901858],[100.92704611238555,13.463809253423912],[100.92803715267159,13.463673975731744],[100.92868967991085,13.46364413086579],[100.92901640795945,13.46365406139109],[100.9292255815717,13.46375411095188],[100.92933083088532,13.463856141856626],[100.92946204420559,13.463879974396651],[100.9296444201746,13.46387857397289],[100.92976169792988,13.463820072421045],[100.92978294757792,13.463809728677024],[100.92995655059983,13.463723658924893],[100.93032103483984,13.463541245462459],[100.93097352255319,13.463511356898543],[100.93196558242711,13.463503733619312],[100.93266961906473,13.463421507722419],[100.93332151748328,13.463313694083057],[100.93530455565949,13.463093942253044],[100.93679229512739,13.46300681777214],[100.93963759111055,13.462932905170105],[100.94219650238448,13.46291314802124],[100.94458689959257,13.463112708691034],[100.94610328453828,13.463356291348722],[100.94748860618229,13.463524028874328],[100.94837722684787,13.463644820158017],[100.94926748693885,13.463893235177339],[100.9515721875638,13.464770089237099],[100.9528825645603,13.465373345624936],[100.95410314685934,13.46614335598089],[100.95504804518085,13.466723453704786],[100.95542749445518,13.466970190807206],[100.95617285718913,13.466365616661594],[100.95748988351539,13.465295711252111],[100.96231803891,13.461375248821275],[100.96300605948443,13.460816305508903],[100.97468641384766,13.474097124697087],[100.9747853695644,13.47419914594904],[100.976899501585,13.471597772137656],[100.97794892966955,13.470423630885827],[100.97858361546895,13.469770226569009],[100.97899599698157,13.468968242470469],[100.97940812786426,13.468057871966231],[100.97979878272345,13.467277565237387],[100.98016802803446,13.466561802290711],[100.98045215707397,13.466235360224751],[100.9808474634097,13.46601646722427],[100.98115676234518,13.46601402895365],[100.98146588431256,13.466054533421497],[100.98186364304898,13.466138351893884],[100.98210624117633,13.466092387323325],[100.98241408933261,13.465982644189028],[100.98267720857427,13.465764792312322],[100.98282883431276,13.465396452034581],[100.98291393531288,13.465006019020569],[100.98315384388425,13.464702504836831],[100.98335168524915,13.464549577817589],[100.98361508117191,13.464439036356346],[100.9838361421903,13.464437291727728],[100.98414469462578,13.464413385858707],[100.98445275298785,13.464325109546539],[100.98476080146844,13.464171312154923],[100.98500159128709,13.463975103598905],[100.98515321163569,13.463606725621363],[100.98530611837177,13.463389778408169],[100.98565604361599,13.46306277551289],[100.98580997263487,13.462974567719348],[100.98603042729042,13.462972825700923],[100.9862519886704,13.463036597195332],[100.98722745666103,13.463611806640516],[100.98780357589712,13.463910020167329],[100.98815784359742,13.464036003216897],[100.98846682183432,13.463990618330429],[100.98866426794051,13.463859161111106],[100.98883889055028,13.463620532434526],[100.98921096016457,13.463250445966338],[100.9895617756392,13.463031893572056],[100.99011256148596,13.462919071234735],[100.9905756169638,13.462872500619927],[100.99081892745514,13.462913478253501],[100.9909743315077,13.462999239031969],[100.99110843650489,13.463235423913686],[100.99119956699721,13.463580372637702],[100.99155598436596,13.463966161158499],[100.99222024270451,13.464242194641379],[100.99321554459827,13.464493021118013],[100.99359279839003,13.464749856115045],[100.99429114330201,13.465378057938391],[100.99449076692447,13.46550977466234],[100.99471479867147,13.465592730188463],[100.99478956635089,13.465628302266881],[100.99496347569834,13.465724057159735],[100.99526368907303,13.466013113400921],[100.99542549631694,13.466109000056205],[100.99552487783512,13.466120648887024],[100.99577261612248,13.466070077721213],[100.99637816057405,13.465809995149373],[100.99697234582885,13.465708103109693],[100.99781256077533,13.465350091571031],[100.99808393643278,13.465153628883847],[100.99823112269713,13.465019158305317],[100.99833029850113,13.465005932531938],[100.99840513175758,13.465053941587865],[100.99851778318914,13.465137742064687],[100.99871623990002,13.465197169333754],[100.99893956916448,13.465195393260252],[100.99919893883816,13.465083757448461],[100.99934713301228,13.464997846280275],[100.99959456856737,13.464911143578794],[100.99981789693355,13.46490936750318],[100.99996622854987,13.464908187238459],[101.00022626746843,13.464808983827615],[101.00036054314553,13.464577443811722],[101.00036911666659,13.464152636657046],[101.0003926130012,13.463994273583216],[101.00047954386953,13.463968742724711],[101.00057882118315,13.463967952966396],[101.00081486160889,13.464039516941513],[101.00092715191774,13.464148195143459],[101.00096537343643,13.464232587381931],[101.00109036233012,13.464340052904545],[101.00136314744425,13.464386485201038],[101.00187156245401,13.464382436823042],[101.00219457237567,13.464428430551667],[101.00267935181201,13.464570269609341],[101.00316366232778,13.464651142741598],[101.00382001279684,13.4645984920397],[101.00488403760647,13.464298532120308],[101.00545319489913,13.464171981352226],[101.00597427884937,13.464167822893746],[101.00669415997199,13.464259247809913],[101.00721000764243,13.464457317827172],[101.00760574786442,13.464711725062099],[101.00816792794225,13.465204303330728],[101.00863185209097,13.46574737931966],[101.00919762632827,13.466738067559641],[101.00953056263381,13.467420005399733],[101.00968339480973,13.467889865051816],[101.00975489801141,13.46864392917964],[101.00987441885995,13.46920556239162],[101.01004332548956,13.469734003396775],[101.01056141355834,13.470886649582742],[101.01087681474951,13.471333737295657],[101.01133994658414,13.471779641321245],[101.01199999451893,13.472239774525457],[101.01264255405177,13.472539649358904],[101.01506236300058,13.473483882442055],[101.01664228309137,13.474001030708708],[101.01739897717431,13.474284132176532],[101.01843676488944,13.474772860928816],[101.01970569631369,13.475437075291286],[101.02069566311302,13.476071877789977],[101.02203230595012,13.476960338130052],[101.02335193828903,13.477817314989867],[101.02462146709296,13.478544757121609],[101.0253960466332,13.478892096573354],[101.02648248440919,13.479332939014427],[101.02756924018877,13.479806533352873],[101.02882246906185,13.480518240001846],[101.0298448003642,13.481088365193543],[101.03066991463078,13.481675925319074],[101.03172813812029,13.482598189014011],[101.03237248889381,13.483171360576069],[101.03264671400733,13.483452690096208],[101.03277283477826,13.483695683353298],[101.03282491640351,13.483914400309937],[101.03282821142396,13.484304124575301],[101.03256149532788,13.485184027603349],[101.03254327390066,13.485963638203859],[101.03267206536296,13.486450624813246],[101.03345544390142,13.487833741981037],[101.03403595769592,13.488705667980941],[101.03476350324452,13.489358372376486],[101.03588973279432,13.490055257324395],[101.03734027661956,13.490750649999109],[101.03821631817623,13.491280128292747],[101.03891806051659,13.491809872711054],[101.04019805379525,13.492944946390216],[101.04130382241785,13.494154871525518],[101.04261117658342,13.495582286114555],[101.04334149253636,13.496551206054374],[101.04409724428659,13.497592245515394],[101.04535476980169,13.498996319764188],[101.04693617570595,13.500470034604358],[101.04909775404487,13.502767052566172],[101.05033078429882,13.504268424674436],[101.05103613427337,13.505212679956243],[101.05118895117793,13.505601174544106],[101.0511916640901,13.505918605359339],[101.05111994888601,13.506308900769618],[101.05085051808118,13.506797982384063],[101.05033407303107,13.507557934902582],[101.04944297571025,13.508247547529054],[101.04922175748671,13.50856680909566],[101.04922321365576,13.50873736935857],[101.04924905998311,13.508858016373393],[101.04935100439482,13.509101194276251],[101.04997751642343,13.509534381842791],[101.05042480736633,13.509734052934572],[101.05072291329338,13.509828743745658],[101.05099257137199,13.509910157077227],[101.05121943550711,13.509977187144699],[101.0514328922866,13.510099703605444],[101.05173154977921,13.510263313546824],[101.0522126281566,13.510494353341183],[101.05259113599649,13.51054659213858],[101.05297865753198,13.510502773460123],[101.05337412466612,13.510375268894926],[101.05392533272108,13.510300679168715],[101.05468750562895,13.5101283748554],[101.05494189953427,13.510043852961401],[101.05502674271791,13.510043156815382],[101.05509717512777,13.510042579459634],[101.05521218553527,13.51019414271555],[101.05546944686296,13.51051059526122],[101.05588136125165,13.510686818493802],[101.05640677238659,13.510903900943417],[101.0572322702338,13.511450665574966],[101.05737438101679,13.511533081076299],[101.05745969940922,13.511587757451581],[101.05750231368965,13.511642746510207],[101.05747488992066,13.511740102338173],[101.05729523315205,13.51219798802777],[101.05715958215426,13.512868947864138],[101.05705070185026,13.51343241438356],[101.05700540609868,13.513673429339521],[101.05700612295426,13.513757004880098],[101.0570157870301,13.513803232793078],[101.05704504605724,13.513849299983406],[101.05715931445633,13.513913881553986],[101.05753124932329,13.514072365260237],[101.05813048849986,13.514286614673908],[101.05832238840749,13.514312134040393],[101.05856716584768,13.514319154769916],[101.05870025754524,13.514355336242039],[101.0588426189582,13.514400473109932],[101.05892934860393,13.514416714763845],[101.05908454065408,13.514405295383291],[101.05925077928731,13.514407298185812],[101.05940288831944,13.514442212280377],[101.05970858770557,13.514548118830973],[101.05987779347417,13.514622425980345],[101.05995326004286,13.514674885727286],[101.05997474415122,13.514753813338684],[101.05998270052967,13.515076824604188],[101.05996954200739,13.515227145249971],[101.05995202845261,13.515403522215301],[101.05989623049707,13.515562151668714],[101.05986051976956,13.515636996539529],[101.05987194095009,13.51575550101575],[101.05989293098503,13.5159134629295],[101.05984844192058,13.515979383792052],[101.05974849715872,13.516036692557256],[101.05965292359899,13.516065684517679],[101.05961020331735,13.516130444542121],[101.05960626689978,13.516209542864905],[101.05964621048888,13.516288281306158],[101.05978047269123,13.51639903983979],[101.05984741245126,13.516462859958175],[101.05986711789534,13.51653728617114],[101.05990570053677,13.516664600525989],[101.05997274629802,13.51674085826596],[101.06004916328429,13.516767361729103],[101.06014400831032,13.516785756234846],[101.06023699831525,13.516790655322087],[101.06028004917694,13.516764315193543],[101.06046589803282,13.516358384944581],[101.06054909999442,13.516236805402423],[101.06075283340925,13.516098465439143],[101.06120761181006,13.515820211338568],[101.06134063164239,13.51578184125578],[101.0614734026414,13.515780748586117],[101.06165409965912,13.515853811577418],[101.06183161484408,13.515952886355322],[101.06200909679139,13.51598644290363],[101.06210788452319,13.515996918897379],[101.06218946592402,13.515951051265573],[101.06235893040744,13.515787005888486],[101.06256778062615,13.51557518248647],[101.06269467304992,13.515497329475776],[101.06283867927819,13.515461088783201],[101.0631058274639,13.515447598530772],[101.06326958584862,13.515429334064043],[101.06343527920446,13.515363560660504],[101.06350198450419,13.515268139232372],[101.06367678857364,13.514854376042711],[101.06374626607435,13.51481312257734],[101.06381986953716,13.514780868163818],[101.06395200542725,13.514771894434579],[101.06508426985913,13.514811127639199],[101.06548145097882,13.514816884485613],[101.06559556935927,13.514797879292978],[101.06576969879394,13.514776121013913],[101.0659043787129,13.514728703663186],[101.06598580290859,13.514664772153507],[101.06603120466136,13.514507337844481],[101.06608807879863,13.514478662753879],[101.06619479416281,13.514469861081301],[101.06634275926652,13.514493478945663],[101.06662414485116,13.514587176510664],[101.06677972317691,13.51469098149791],[101.06690811129565,13.514787052123422],[101.06720751349161,13.515035364172071],[101.06743994807982,13.515146419383809],[101.06773802526074,13.515241088829734],[101.06813860380889,13.515706589408707],[101.06865658048653,13.516397027446216],[101.06913951388496,13.516910410853997],[101.06958833286218,13.517213972240667],[101.07031753041259,13.517498260993598],[101.07048358129791,13.517609860951747],[101.07063375266395,13.517818721619522],[101.07066801890048,13.517979975866309],[101.07069602657441,13.518148055846218],[101.07044578917392,13.519248129256129],[101.07029547228078,13.519889896083896],[101.07021408401771,13.520093897658402],[101.070126408446,13.520231321704438],[101.06986482262852,13.520556559753308],[101.06947217889932,13.521011659772114],[101.06919504234594,13.521402543612348],[101.06888109822214,13.522082900799623],[101.06848074874439,13.522846479905949],[101.06817189627162,13.523446580682492],[101.0677640773023,13.524015924676272],[101.06741378644379,13.524562176234786],[101.06726908312288,13.524851429381238],[101.06725417737738,13.524996136612529],[101.06727792254529,13.525139414869187],[101.06725006039844,13.525321505280722],[101.06712713583326,13.525460330740904],[101.06696181437997,13.525635671265521],[101.06660843870675,13.52596055432328],[101.06642709939361,13.526081761202811],[101.06608971642738,13.526186230206111],[101.06574376622832,13.526302021900733],[101.06546727646196,13.526369858744934],[101.06519007253496,13.526420710600178],[101.0649967236448,13.526425674994154],[101.06489619138473,13.526415214306686],[101.06480234887857,13.526377603166239],[101.06455293343656,13.52617177894869],[101.06445724399418,13.526121744541863],[101.06436435729547,13.526124768249398],[101.06425882591085,13.526205853730142],[101.06411087248523,13.526452193974588],[101.06383477258771,13.526969586438863],[101.06366045540514,13.527304279393636],[101.06336881195827,13.527962978810798],[101.06323465306215,13.528203579056127],[101.06312697650063,13.528369410702188],[101.06293753618027,13.528758419528952],[101.06193892579128,13.53051084880944],[101.06183424960281,13.530818944931639],[101.06169930378252,13.531104747611629],[101.06152112294592,13.531329867516579],[101.06127676322232,13.531443706453576],[101.06098980448965,13.531504815065587],[101.06091343780903,13.531550640400685],[101.06080811303693,13.531722078552601],[101.06075009714091,13.531825349426756],[101.06069184678465,13.531897011839366],[101.06040026082992,13.532154714070712],[101.06007553602441,13.532461252583275],[101.05995253061086,13.532653195181053],[101.05993099350191,13.532766308584266],[101.05996565499716,13.532973905290932],[101.06001077108567,13.533116971757929],[101.06002775553276,13.533279517846831],[101.0599919513805,13.533409739443638],[101.05995109240811,13.533559176895936],[101.05994384749532,13.533724143667795],[101.05996206892254,13.533832451276179],[101.06004734329751,13.533946979852375],[101.0601076678638,13.534045871557616],[101.06013369295592,13.534120207559861],[101.06014167718214,13.534173259524442],[101.06007410860143,13.534441516570794],[101.06007807286674,13.5345680423116],[101.06012552277836,13.535114379707291],[101.06012751524169,13.535345936015654],[101.06014651640658,13.535474558224433],[101.06019954665275,13.535600643240471],[101.06027458382674,13.535734429511836],[101.06031194296277,13.535780466260006],[101.06032917893813,13.535840179870721],[101.06029290856023,13.535916176449266],[101.06023443452344,13.535966370369996],[101.06013300664303,13.535984159899227],[101.0600060118113,13.535985206187968],[101.05991473489361,13.5359780358786],[101.05963439764288,13.536070701411672],[101.05952220075882,13.536182339828899],[101.05936351336391,13.536391492506247],[101.05909060697722,13.536811725688088],[101.05900154261006,13.536925395191744],[101.05871435301036,13.537294922886524],[101.05868040477746,13.537443191967125],[101.05864846427923,13.537556391303047],[101.05854186120445,13.537777552295623],[101.0584772642507,13.537854892350389],[101.05845052859118,13.537900309479092],[101.05844418828192,13.537968137778298],[101.05845745280541,13.53803243682915],[101.05865101908788,13.538187866086341],[101.05881257390521,13.538311909509087],[101.05886714925367,13.538415401975984],[101.05886814009543,13.538530624409573],[101.058836241818,13.538582821251406],[101.05880755142447,13.538598900559327],[101.05874030623724,13.538636692299784],[101.05853768583501,13.538638360404319],[101.0583772476236,13.538639680914249],[101.0582493392052,13.538671235161051],[101.0581109654138,13.538757103214692],[101.05804688049975,13.538757630719736],[101.05778967576589,13.538654696474294],[101.05757563867473,13.538604523207733],[101.05744675468597,13.538584114687707],[101.057329643119,13.538595220248553],[101.05716988493226,13.538680117161134],[101.05703222889476,13.538849599108568],[101.05699045992897,13.53896402658161],[101.05699136273586,13.539069070710656],[101.0570246983177,13.539184028202286],[101.0571756413366,13.539349951760791],[101.0572086669997,13.539433299954112],[101.05720947278851,13.539527054082301],[101.05713553245749,13.539653037389353],[101.05701884220039,13.539779407523264],[101.05697685045244,13.539863335469644],[101.05695646588201,13.53997873536508],[101.05699052011612,13.540177268293704],[101.05702423927863,13.540407417080807],[101.05701482583275,13.540522725011002],[101.05698359680021,13.540648393386336],[101.05689933931812,13.540784639653355],[101.05670942199232,13.541058455943245],[101.05661347563182,13.541111178856992],[101.05644290352565,13.541144230560894],[101.05634743686545,13.541186807821086],[101.05629420090509,13.541239215429348],[101.05628451616802,13.541322878237743],[101.05633933855317,13.54152124061622],[101.05637299573193,13.541677987214021],[101.05637407281195,13.541803351929611],[101.05632128241596,13.541907727572372],[101.05604534870676,13.542108810791897],[101.05586439746583,13.542215350437232],[101.05569462935186,13.542342157626543],[101.05551349305797,13.542427229616596],[101.0550976000309,13.542534590057794],[101.05542422567157,13.543323791871726],[101.05593158516086,13.544592718538356],[101.05612796047522,13.545545638959393],[101.05620673913239,13.546717552005703],[101.05618175878097,13.547772866771432],[101.05595213861456,13.54893040105749],[101.05562159003107,13.55030560589374],[101.05532340864555,13.551480657720296],[101.05505539089064,13.552203567089203],[101.05629250758079,13.55272882789572],[101.05763393843836,13.553438487272849],[101.05928295424586,13.55412753910667],[101.06112088396097,13.554833083714168],[101.06235774103801,13.555325589393698],[101.06356022228407,13.555784428718827],[101.06410848206826,13.555896277077801],[101.06477740176481,13.556008237165171],[101.06556583512338,13.556119169338691],[101.06595826325693,13.556166783666869],[101.06623418798296,13.556231130194318],[101.0665785607404,13.556462111405036],[101.06725024455304,13.55695926482888],[101.06786800249921,13.557293031827955],[101.06804567219443,13.557344642070509],[101.06820919162729,13.557356872418744],[101.06835855271292,13.557342051035569],[101.06850763891411,13.557221069670636],[101.06915339734769,13.556322194958213],[101.06935542576012,13.556053932025952],[101.0695830040559,13.555599045735637],[101.06970320313249,13.555345047208794],[101.06978392574393,13.555198646782069],[101.06987857403888,13.555131196293281],[101.06998744895303,13.555103199405076],[101.07012426147247,13.555168693726772],[101.07026203159603,13.555340416142418],[101.07037077086454,13.555366610528608],[101.07052077514393,13.55535181871322],[101.07072407287589,13.55523038833606],[101.07119699365217,13.554773466567884],[101.07142718155382,13.554624716627044],[101.0716437950132,13.554503173223379],[101.07177991313496,13.55448849750246],[101.07197055540118,13.55450046338934],[101.07237983952274,13.554563733595648],[101.07277492397458,13.554586403450614],[101.07306135898945,13.554597611312895],[101.07330591095251,13.554569596895902],[101.07382221676374,13.554391336434843],[101.07405348893194,13.554363432028797],[101.0741896070537,13.554348753679353],[101.07446242001558,13.554386020686351],[101.07477645127598,13.554516706673734],[101.07521475187951,13.554793238813938],[101.07562646774052,13.555136581015205],[101.0760098929583,13.555345790380089],[101.07636156183246,13.5554230443786],[101.07661028197845,13.55547409350098],[101.0771413767542,13.55546967814009],[101.07765800865388,13.555398715349462],[101.07858330034597,13.55524532425223],[101.07901855206745,13.555175036449654],[101.07972678563408,13.555222221307215],[101.08009424509432,13.555192066524322],[101.08038037288534,13.555163698493997],[101.08061140969494,13.55510869328921],[101.08086987566344,13.555092955681777],[101.08104712135385,13.555091478943776],[101.08123818762486,13.555156552341732],[101.08157983669035,13.555273451244204],[101.08200204756885,13.555295916681118],[101.0824921540148,13.555225166048626],[101.0827908636097,13.555116514498087],[101.0829670268302,13.55499530145071],[101.08310107074196,13.554807772169159],[101.08314052744417,13.554633507208647],[101.08313890329015,13.554447109432045],[101.08309642555361,13.554274637956498],[101.08293104930308,13.554048964262691],[101.0828750564131,13.553849472681849],[101.08283165431014,13.553570847894076],[101.08284329737455,13.553317712639135],[101.08290965322962,13.553117200430128],[101.08301563556854,13.552822597741663],[101.08312207604821,13.552515592050794],[101.08317611600079,13.552421380192657],[101.08327122153823,13.552407039691374],[101.08335263585242,13.552406361135262],[101.08358475064037,13.552475606160364],[101.08478637579196,13.552834960191094],[101.08568854484867,13.553147096106221],[101.08606967037932,13.553157498853945],[101.08664195560577,13.553178667640735],[101.08694194080839,13.553216841316218],[101.0872973978781,13.553333616290987],[101.08744787467137,13.553438556263444],[101.08757138673472,13.553570817328641],[101.08762752515176,13.553717189065999],[101.08762903432145,13.553890001531956],[101.08746882068883,13.554251686870591],[101.087336423389,13.554692241489619],[101.08732370234625,13.554825640632124],[101.08733933213388,13.55502543005975],[101.08747777599392,13.555277311195034],[101.08800142283762,13.55600606354797],[101.0881255574335,13.556204983061031],[101.08822193049382,13.556270805435505],[101.08833047303128,13.556269898088862],[101.08843911797666,13.556215908774766],[101.08860107793419,13.556054166940742],[101.08870936714676,13.555959463950026],[101.0888311733094,13.55589181718697],[101.08893993593411,13.555851376007251],[101.0890761708368,13.555850236363899],[101.08979836871455,13.555910822591622],[101.08992132472073,13.555909793856337],[101.0900163125789,13.555881903601202],[101.09009703698696,13.555802162621685],[101.09014932612301,13.555508007766681],[101.09020276689927,13.555414948092936],[101.09027028247938,13.555347718608349],[101.0903654266444,13.555333373917206],[101.09065196855875,13.555356960655033],[101.09129333333226,13.555484883888209],[101.09145684917186,13.555497063681246],[101.09156523360582,13.555482607217829],[101.0916467521246,13.555428845653941],[101.0917679725857,13.55529450107484],[101.09179346857007,13.555107914312158],[101.09172136978538,13.554655561384447],[101.09166327483766,13.554216600462466],[101.09166117008492,13.553976017790783],[101.09167354168301,13.553803089238816],[101.09182056625063,13.553521725732594],[101.09202354058907,13.553360711269695],[101.09222693264412,13.55325169994074],[101.09236320347947,13.553250558538325],[101.09258081317053,13.55324873596229],[101.09316839580796,13.55343133408231],[101.093454723025,13.553495598387064],[101.09394575114244,13.553531016755024],[101.09421857847741,13.553634926148607],[101.0945338053954,13.553832203227479],[101.09483596991092,13.554123386582924],[101.09501457115907,13.554281164968632],[101.09511194045103,13.554520948266687],[101.09515442717073,13.554693416943586],[101.09522361182064,13.554812581397854],[101.09533293589242,13.554905423857399],[101.09556546300705,13.55495655343397],[101.09579754276072,13.55502127143864],[101.096057677799,13.555191912824869],[101.09627743626022,13.555430668213258],[101.09648304535739,13.555574671313407],[101.09686684068107,13.555824486535631],[101.09696292448385,13.555917440380908],[101.0969905153395,13.555970287500175],[101.09699098156513,13.556023400960948],[101.09688293399938,13.556145162782615],[101.09647818637002,13.556534889442682],[101.09635756867851,13.556802486387671],[101.09631972894378,13.557095373376495],[101.09636259115925,13.557375181698612],[101.09659735687561,13.557745955228429],[101.09695461506747,13.558062656323404],[101.09710483314592,13.558141570420013],[101.09726819447529,13.558140198494762],[101.09763441066714,13.557964298574074],[101.09809621838507,13.557760499755728],[101.09849025270633,13.557663429974154],[101.09876167148292,13.557541404325514],[101.09899153239782,13.557353100703434],[101.09923431467976,13.557124008401509],[101.09936949765526,13.557003128226711],[101.09957312596725,13.556921204408457],[101.0997364855,13.556919830729587],[101.09987311476313,13.556959325085607],[101.09994238385468,13.557092071484556],[101.09996997560863,13.557144919215888],[101.1000660522249,13.557236760853062],[101.10018959303436,13.557302349774723],[101.10046276622067,13.557380264213352],[101.10074921920184,13.557458065972765],[101.10132724735794,13.557602301010943],[101.1018730008425,13.557625951273264],[101.10276742552313,13.55770766526058],[101.10304013248381,13.55773246387956],[101.10336817297105,13.557875430745005],[101.10360669274701,13.558018001927717],[101.10388964409519,13.558351123831642],[101.10426108668538,13.558773854209068],[101.10433110227693,13.558986767438311],[101.10431946370413,13.559173235882412],[101.10425355521002,13.559426826863117],[101.10410535295108,13.559641578626419],[101.10375416018402,13.559950652631821],[101.10327981917129,13.560234780296591],[101.10292792841325,13.56046479439498],[101.10275224040154,13.560639135419715],[101.10245952077297,13.561427802068465],[101.10240714629695,13.561641745995891],[101.10240807964654,13.561747898761723],[101.10244942999736,13.561854857506319],[101.10261435170038,13.562026328827987],[101.10305276369503,13.562315204577999],[101.10366855433071,13.56261724182793],[101.10392730147188,13.562628645796011],[101.10424097789772,13.562651987295412],[101.1046216282196,13.562542582020308],[101.10478521951769,13.562567188016244],[101.10516787937084,13.562750331751362],[101.10569274971998,13.563545691053536],[101.10636269439425,13.565406153720735],[101.1068597412241,13.566121495031238],[101.10749104756138,13.566675351080621],[101.10806477548222,13.566856877009233],[101.1086383129602,13.567012455082898],[101.1089400319113,13.567249356037037],[101.10987331681279,13.568068345126367],[101.11099642202204,13.568804403949795],[101.11187121941201,13.569143795440331],[101.11282561023111,13.569215890210739],[101.11385976066767,13.569099826002756],[101.11472937118521,13.568852971935144],[101.11556945497767,13.568339821999249],[101.11618992583597,13.567668071107978],[101.11656646456876,13.567158811552195],[101.11699548737205,13.566381414030905],[101.11745666986252,13.566112032470553],[101.11780771889916,13.565788246051051],[101.11832048894141,13.565277828893194],[101.11848372989652,13.565066347330262],[101.11891525630452,13.565160957618367],[101.11966104124664,13.565472065237353],[101.12045829426468,13.565660694259678],[101.1206397844948,13.56568513750732],[101.12090033904632,13.565640022593294],[101.12109375351351,13.56551182626057],[101.12135083697478,13.56520352970325],[101.12154425054365,13.565075369811629],[101.12177898931054,13.564986389373164],[101.12196830386678,13.56498026435308],[101.12224220289185,13.565138357759739],[101.12328320118581,13.565795954258638],[101.12522754982106,13.566951920588716],[101.12602001931019,13.567184656209083],[101.12675736727518,13.567456242375073],[101.12760680073313,13.567996856039713],[101.1282923078214,13.568471127298551],[101.12856740160576,13.568762455132424],[101.1290058890589,13.569051278152493],[101.12956753643576,13.569688095570346],[101.12985021289947,13.569794135584319],[101.1300575647283,13.570321007911712],[101.13017345548481,13.570693902403475],[101.1302194923465,13.570803071642199],[101.13019812232419,13.570935433065932],[101.12997513980942,13.571180190080639],[101.12959653225651,13.571645437114238],[101.12948708152229,13.571998786626368],[101.12931345244924,13.572661090032529],[101.12904955346993,13.573367100024401],[101.12876197400138,13.5739422432005],[101.12865192768412,13.574228972042899],[101.12867640228403,13.574449036196626],[101.12892878036985,13.574975525325598],[101.12917919563677,13.575281792929953],[101.12927143554846,13.575522711163718],[101.12927418708817,13.575831092118811],[101.12927987971212,13.576469249192581],[101.12935055826038,13.576821060779885],[101.12942260763771,13.577326508994783],[101.12947156222742,13.577766638337964],[101.12947313427918,13.577942850167711],[101.1294396738315,13.578073057770409],[101.12952692270346,13.578212375477595],[101.13019875383984,13.578574858554598],[101.13126111586787,13.579094459423604],[101.13223067743549,13.579306407002566],[101.13301932010154,13.579431842674639],[101.13360530912765,13.57955785983339],[101.13414645694978,13.579641324028499],[101.13448400071441,13.579682519095655],[101.13493609225418,13.579877452690706],[101.13516321959568,13.580095780921186],[101.13548336568819,13.580708663145227],[101.13573675797196,13.581345843089267],[101.13603496361199,13.581958911566121],[101.13660713565075,13.583055334940818],[101.13673403526106,13.583425908566577],[101.13683134077262,13.583588862946478],[101.13693593790936,13.585081274316476],[101.13673732309499,13.586563884486829],[101.13683304757167,13.588678768088151],[101.13697491580953,13.590528935554913],[101.13848902532261,13.59260795824409],[101.13975630744002,13.593757141382884],[101.14119953089399,13.594629234571787],[101.14338172017881,13.596386150443141],[101.14543498954225,13.597992838344462],[101.14694804622982,13.59872755920212],[101.14929366691258,13.599644892725324],[101.15233146557291,13.600228609995661],[101.15711509417383,13.59963711576758],[101.15883875009999,13.599647051972653],[101.16037419190609,13.599277923420209],[101.16339932432092,13.59922904559302],[101.1660607351654,13.59874394352569],[101.16791272081979,13.598074906891554],[101.16969434503116,13.597417798911174],[101.17221499795548,13.596564464924992],[101.17438303787627,13.595735654457062],[101.17602425091721,13.595009701181731],[101.17843882628117,13.594053341765335],[101.17997420340859,13.593499959149151],[101.18174374438111,13.592854205195401],[101.18305653964237,13.592082487070622],[101.18442683606497,13.590839266847677],[101.18571577386896,13.589481530497631],[101.18669929705268,13.588250724470621],[101.18781227016386,13.587100096596032],[101.18897167000553,13.585719760140217],[101.19154893475901,13.583889834030357],[101.19280492325666,13.583858469159113],[101.19475594547615,13.583810801008443],[101.20179630376754,13.583636901373339],[101.20431628654866,13.582874781040045],[101.20707030830903,13.581883528725548],[101.20896899018851,13.581237533560707],[101.21135981050313,13.580499106765682],[101.21392652544191,13.579611085026654],[101.21401094551908,13.579562921789547],[101.2144156275714,13.579435076146041],[101.21520817880723,13.578986365421782],[101.21574797376653,13.578487968394493],[101.21603670397694,13.578121679744211],[101.21626953741709,13.577456603418396],[101.21636282745936,13.576994892935591],[101.21650920703661,13.57690439146317],[101.2170073336414,13.576833304096272],[101.21758426495455,13.576728797096985],[101.21793496095324,13.57669177373004],[101.21822942690676,13.576633821177174],[101.21844391315557,13.57654378673641],[101.21886199268208,13.576429400063828],[101.21928016563335,13.576325116429553],[101.21958611564943,13.576322394619568],[101.2199830290712,13.576352765022797],[101.22065214729541,13.57641346826936],[101.22095809820982,13.576410743840723],[101.22116215322157,13.576375023260058],[101.22142144743677,13.57626200919988],[101.22174526674047,13.576069361332014],[101.22217735190056,13.575785401936995],[101.22227279250961,13.575742763638981],[101.22234667894175,13.575742105233552],[101.22238972351519,13.57577333059016],[101.22258291160695,13.576061897958413],[101.22267952002586,13.57614464909339],[101.22277502711025,13.576174296497191],[101.22293428313874,13.576162698452846],[101.22352656216852,13.576033167417066],[101.22377043680184,13.575999347770399],[101.22382298644935,13.5759988788535],[101.22388755825027,13.576050269345998],[101.22390968645068,13.576195789814792],[101.22396366531777,13.576287913990575],[101.22407015610311,13.576318610107272],[101.22414404163692,13.576317951703432],[101.22465167960398,13.576147385750115],[101.22471467755655,13.576094858352114],[101.22475642136949,13.575990554486852],[101.22480626439301,13.575699821453853],[101.22485889758386,13.575647424066139],[101.22492279564833,13.575626534091937],[101.22500704774049,13.575625782251965],[101.22520892074439,13.575664621203549],[101.22531511598403,13.575663673763039],[101.22537825766705,13.575622471012286],[101.22538864937823,13.575560234193498],[101.22538806996486,13.575498096031994],[101.22537516117424,13.575290385399525],[101.22546992625018,13.575175467205634],[101.22571236896896,13.57504905389713],[101.22579674143542,13.574996335894122],[101.22603956324323,13.574910594453986],[101.22763617313366,13.574388050396836],[101.22793221473219,13.574313120972347],[101.22805978358737,13.574311981417594],[101.22830357198242,13.574330123477992],[101.22922703560292,13.574425802390117],[101.22959230766546,13.574467693447177],[101.23009628499773,13.574404486176197],[101.23083958070819,13.574314229091122],[101.23139473775716,13.574225690473318],[101.23224762164409,13.574000056695038],[101.23254635639182,13.573905889161189],[101.23266520440221,13.573838166300435],[101.23281787937297,13.573677572533574],[101.23289416430688,13.573626034825503],[101.23297935693519,13.573600437119284],[101.23306481726142,13.573599672174485],[101.23316756925855,13.573598752668939],[101.23326110633752,13.573539176908819],[101.23330319510353,13.573472177847046],[101.23331052715288,13.57332976264488],[101.233308646979,13.57312872942318],[101.23335050308135,13.573036860749573],[101.23342667752249,13.572969555916536],[101.23378442260125,13.572765302799111],[101.2340732147954,13.572595532422884],[101.23414948176304,13.57247737149873],[101.23417401026184,13.572385658007743],[101.23419070275648,13.572317739109799],[101.23423318228961,13.572292522863762],[101.23431844678312,13.572274808530082],[101.23457460677628,13.572256709974075],[101.2350961353926,13.572218134180071],[101.23519006323872,13.572200342123404],[101.23523250594093,13.572167205669565],[101.23524820220389,13.572057508753893],[101.235238540823,13.571890447507009],[101.23527118290546,13.571739923401308],[101.23533860865409,13.571663628279437],[101.23544080908563,13.57160397518917],[101.23581578564817,13.571450381489333],[101.2362925889431,13.571262009431564],[101.23653146355353,13.57118417901151],[101.23671932912724,13.571149738677931],[101.23688989584348,13.571114343894788],[101.23700091683283,13.571071561547164],[101.23707681998275,13.570979386445268],[101.23711044572046,13.570869529178699],[101.23711623985407,13.570627751323483],[101.23713159745215,13.570417495310519],[101.23716525463091,13.570375443736285],[101.23725921930792,13.57035761224583],[101.23732788203667,13.570356996614027],[101.23799516679941,13.570409750577047],[101.23855941120577,13.570371932452197],[101.23937112889649,13.570313831652239],[101.24010593732419,13.57024061335926],[101.2406183291757,13.570152402432223],[101.24087408223204,13.57009136750032],[101.24108816962887,13.57008156104221],[101.24146398162461,13.57007818510561],[101.2416780187158,13.570067231212718],[101.24174591877485,13.570041749263309],[101.24177941515518,13.569982710524963],[101.2417788644879,13.569924014081257],[101.24173474283442,13.56977417771388],[101.24166397535295,13.569490154025983],[101.24168007226454,13.569423387849577],[101.24171433221284,13.569381293310464],[101.24186756952895,13.569346013531344],[101.2422692727678,13.569275745619754],[101.24295301017494,13.569235733733557],[101.24308989006808,13.569243535265997],[101.24315829318368,13.569275675760498],[101.24319278220239,13.569318299502017],[101.24322825667296,13.56940947451587],[101.24326359459963,13.569542437505502],[101.24330710000881,13.569626766237395],[101.24338416647703,13.569658829835003],[101.24352340804103,13.569672234055705],[101.24396287555609,13.569682975769734],[101.24477757295864,13.569697115256311],[101.24569013731981,13.569682130474302],[101.24580056631937,13.569701456127452],[101.24588978699339,13.569734556249498],[101.24596130546641,13.56978809801211],[101.24602486576434,13.569856442901042],[101.24611225028193,13.569879380253823],[101.24634956721366,13.569881759828288],[101.2463795673509,13.569881489124409],[101.24684563577817,13.569780136694913],[101.24695656873261,13.569728320450555],[101.24752242022502,13.569676921603159],[101.24806411062957,13.569574886213093],[101.24818093832889,13.569534305025115],[101.24823837301491,13.569442293495355],[101.24824533944994,13.568956560259366],[101.24827364536455,13.568836571574261],[101.24835479018415,13.568807600889853],[101.24853000927527,13.56877667064591],[101.24890309937568,13.56873378046817],[101.24909567032483,13.568709430098094],[101.24927083641535,13.568672837735241],[101.25015045506343,13.568470632169454],[101.25027841109254,13.568446901775387],[101.250477302588,13.568478973391517],[101.25202609785082,13.568591507381251],[101.25223041966221,13.568589663091863],[101.25232956402516,13.568571817495368],[101.25243386292122,13.568490708037366],[101.25249150960963,13.568421272073831],[101.25250778348932,13.56824942638182],[101.25244230618658,13.565651009000893],[101.25243549605841,13.565542662618329],[101.25247524830638,13.565473388218017],[101.25259776952795,13.565427090876886],[101.25329530505789,13.56532367566378],[101.25514056592402,13.565226804582156],[101.25534798692313,13.565305135583973],[101.25541096241781,13.565435588518424],[101.2554086061368,13.566283882329346],[101.2554409185376,13.566404434678267],[101.2555544027074,13.566442937190663],[101.25725592414496,13.56640838177333],[101.25801797128867,13.566289639676901],[101.25904837215725,13.566159471018544],[101.25986160800079,13.566021087602335],[101.26000602386081,13.566029921424839],[101.26015096972684,13.566098671711444],[101.26060021899707,13.566660474390895],[101.26068404169453,13.566790736212329],[101.2606851852499,13.566911568616915],[101.26064599355071,13.567163824870926],[101.26064695564637,13.567265449997517],[101.26074081791545,13.567365124245477],[101.26137134182009,13.567500611190967],[101.26148439479861,13.567489408303711],[101.26162766800158,13.567377444895484],[101.26172434379414,13.567282818025571],[101.26178041753249,13.567231456198421],[101.26191750583475,13.5671974580282],[101.26249997795657,13.567136845862073],[101.26265600813488,13.567153493469634],[101.26288854872429,13.567203348960579],[101.26341129365947,13.567355611959236],[101.26419360769431,13.567427571919302],[101.26433562145928,13.567426283006196],[101.26452465484283,13.567396327999743],[101.26486945519834,13.567291566222874],[101.26497385560401,13.56728158674605],[101.26508287155363,13.567331414266143],[101.26520783170125,13.567482768132365],[101.26528854982111,13.567532852344847],[101.26544515941279,13.567550639511905],[101.26572883210814,13.567510793251911],[101.26642119783359,13.567592593782896],[101.26652603661712,13.567628912986063],[101.26689311249673,13.567866153017661],[101.26708425692124,13.567931074464273],[101.26723334222407,13.567885676172152],[101.2673517042459,13.567768273500807],[101.26740222459917,13.567614179568521],[101.26739303393551,13.567439199207703],[101.26731498291373,13.567060392076019],[101.26732903615806,13.566958593958347],[101.26740195240966,13.566796413208618],[101.26797792252543,13.566171088763246],[101.26813344695225,13.566074815331953],[101.26844610379027,13.565991769893051],[101.26884958389674,13.566046839818299],[101.26907338477676,13.566088848496634],[101.26923748631789,13.566043312751649],[101.26933360695162,13.565954351887438],[101.26936938684938,13.565829778852123],[101.26929284409896,13.564702106713094],[101.26933299250398,13.564611358661148],[101.2694247652917,13.564550676847491],[101.2695584894032,13.564588989290257],[101.26968232935167,13.564618360441473],[101.26982490636027,13.564557179999332],[101.27001855349113,13.564404079497843],[101.27014149871754,13.564402960853709],[101.27024373059014,13.564467541803216],[101.27030832574727,13.564644275235469],[101.27039284194416,13.564731631543584],[101.27051160551291,13.56477233668171],[101.27064332099147,13.564722579358433],[101.2707404189922,13.564613252757146],[101.270743316059,13.564189667371954],[101.27071365638328,13.564046480752241],[101.27065645975081,13.563856133617584],[101.27059868550162,13.563672527033495],[101.27060396040898,13.563495157143484],[101.27063003131514,13.563324371520016],[101.27069662163051,13.562982630491474],[101.27077890910716,13.562831690303982],[101.27088255582635,13.562742623444922],[101.2710147716665,13.562686088288363],[101.27124526679198,13.562704310704291],[101.27171324234261,13.562802833284545],[101.27186662338919,13.562787890857386],[101.27200497382439,13.562704170108699],[101.2720802472553,13.562547630367112],[101.27205805078297,13.562397602466032],[101.27198678922808,13.56224802245584],[101.27193680067747,13.562091474554249],[101.27196306292481,13.56194104378868],[101.27201102128288,13.561824242479783],[101.27205776601701,13.561639722632444],[101.27203557044297,13.56148969590439],[101.27195088895608,13.56138879573972],[101.27168346678422,13.561131445677338],[101.27149387914014,13.560982941613034],[101.27135294425184,13.560854350667542],[101.27133826128851,13.560766396488669],[101.27133715546239,13.560650043464108],[101.27137122676449,13.560588738868327],[101.27146176167376,13.560581141397362],[101.27163669330398,13.560640544881224],[101.27185509261417,13.560843008616551],[101.27197394601447,13.560897258860606],[101.27216966106711,13.560902288030409],[101.27229422865095,13.560825466336453],[101.2722933267424,13.560730576620806],[101.27224937127723,13.560540109810209],[101.27210071626737,13.560268133241069],[101.27207045022884,13.560057184281204],[101.2720680445405,13.559804196533417],[101.27208102968791,13.559653848153847],[101.27214233970605,13.559544846698081],[101.27221172018871,13.559496767590462],[101.27240631324555,13.559439664904781],[101.27273417137482,13.559436680918125],[101.27286723342795,13.559469372030952],[101.27291651230949,13.559551347367131],[101.27295962066337,13.559652625567505],[101.27302088307079,13.560266494106337],[101.27308451164068,13.56034160261861],[101.27321741828526,13.560353938478679],[101.27334162654296,13.560243254545558],[101.27364472620469,13.559824856481837],[101.27398337849037,13.559500995122081],[101.27418928942149,13.559178341937162],[101.27441091368355,13.558992191370418],[101.27457719633422,13.558874350283059],[101.27470105335065,13.558722992677367],[101.27472718534226,13.558558979402179],[101.27469142700406,13.558442978975043],[101.2746623835726,13.558300934635755],[101.27471015777604,13.558224811598826],[101.27479293124127,13.558129196894008],[101.27484049973052,13.557971761643309],[101.27480359424369,13.557794739429564],[101.274725606104,13.557665576504416],[101.27464903281084,13.557625599340042],[101.27452980660971,13.557591672277367],[101.274362879867,13.557641788267279],[101.27426602980125,13.557717174440105],[101.27418936757493,13.557731455237683],[101.27413349865246,13.557684515397652],[101.27397875665824,13.557556051912785],[101.27396422910348,13.557488379405759],[101.27397053348014,13.557419443237247],[101.27403965524796,13.557344273544498],[101.27422676983008,13.557233015334354],[101.27434385893915,13.557102040036785],[101.27442588590439,13.55692397097849],[101.27456705794792,13.556350008312281],[101.27490401690929,13.555848840846577],[101.27489280593456,13.555398255124777],[101.27460757556049,13.554787574630197],[101.2745778009004,13.554568700895635],[101.27458310096058,13.554398105346543],[101.27460912874761,13.554159551525553],[101.27480200242901,13.553926252093181],[101.27507184735721,13.553711422680744],[101.27532191407779,13.553600739146615],[101.27553024327366,13.553536698434691],[101.27590056566468,13.55356833890802],[101.27629793543063,13.553591846350916],[101.27649984167219,13.553576460582207],[101.27677148951918,13.553491523575834],[101.27697941447315,13.55338118489238],[101.27716573943611,13.553187472248634],[101.27727595463662,13.55300237280893],[101.27733628279617,13.552790599115575],[101.27741759560074,13.552537959065249],[101.27749259235054,13.552353180495142],[101.27758891151196,13.55222239376163],[101.27773461555607,13.55212509378568],[101.27793583728142,13.552041908108361],[101.27848533674072,13.55185280280161],[101.27867936655385,13.551741480889319],[101.27881785083807,13.551617081175609],[101.27891358789117,13.551425339892846],[101.27896776618428,13.551294936030448],[101.27921600842652,13.550993361214225],[101.27936885317882,13.550923088747101],[101.27958520702512,13.550907531637268],[101.27976669456029,13.550933005159607],[101.28011124787911,13.551230318314722],[101.28023701022225,13.551283354237134],[101.28037651050101,13.551261761727741],[101.28050777322866,13.551165704947959],[101.28054207449945,13.551069347711609],[101.28049837325754,13.550905971909026],[101.28043293637896,13.550641160294116],[101.28045309726889,13.550517840288494],[101.2805569173629,13.55044801481538],[101.28074517011046,13.550453069532338],[101.28087120104989,13.550534379896948],[101.28102786364219,13.550860498752092],[101.28113341299311,13.550975861872404],[101.28134358193867,13.551041711020979],[101.28174834394109,13.551051560183849],[101.2818168297017,13.55096962121449],[101.28178844563368,13.550901001912605],[101.28165506467862,13.550834415652773],[101.28152956105026,13.550808469659989],[101.28148726836667,13.550733205305562],[101.28150679594435,13.550603117201394],[101.28165936491388,13.550500054466097],[101.28182609043397,13.550429653476575],[101.28191685261702,13.550442371487517],[101.28201502679947,13.550510351659215],[101.2821632865506,13.550740576904436],[101.28222031429976,13.55084960859781],[101.28220796875281,13.55100672369614],[101.28214851195914,13.551368680653903],[101.28219260127328,13.551572727732555],[101.2823051386188,13.55169479923781],[101.28249326290728,13.55168630809122],[101.28267389883955,13.551622552434395],[101.28280510766827,13.5514575788619],[101.28286465339521,13.551164498910808],[101.28281845663341,13.550680369248138],[101.28276136240889,13.550564528284267],[101.28269158487088,13.55051098131538],[101.2825932031776,13.55048475146168],[101.28253725969495,13.550429930315808],[101.2825223800006,13.550321623277455],[101.28259784028107,13.550245246171254],[101.28268067303513,13.550156402528485],[101.28266591102006,13.550060530444085],[101.282595307032,13.549979862674634],[101.28249063623339,13.549960462058914],[101.28240058551606,13.550022279410337],[101.28226867779803,13.550050613995156],[101.28212863403853,13.550011217175298],[101.28205811179713,13.549942983600513],[101.282028869838,13.549780586880191],[101.28210080333268,13.54927505907844],[101.28231636935648,13.54851517417705],[101.28245424188799,13.548323048752758],[101.28259298039541,13.548225775127079],[101.28278110109061,13.548217282983282],[101.28292078193078,13.548278112192216],[101.28302719456272,13.548420594813605],[101.28312623651775,13.548575580624542],[101.28321043650762,13.548630142823024],[101.28366401206424,13.548673447088897],[101.28387946040873,13.548630802176957],[101.28401797793059,13.548506436641539],[101.2840929046118,13.548314848300507],[101.28423418085994,13.547754466799944],[101.28433585218379,13.54745985309928],[101.28452763710705,13.547110231977999],[101.2846790544364,13.546890852507419],[101.28531543086513,13.546373354886425],[101.28548202343457,13.546289407403856],[101.28566155354075,13.54611040801365],[101.28572981562085,13.545946046311506],[101.28577659898252,13.545707266550856],[101.28578864628884,13.545515142351219],[101.28577405225872,13.54544073567612],[101.28571088901613,13.545414221431431],[101.28562689474043,13.545381087354674],[101.28557018858812,13.545305918221729],[101.28552764796954,13.545204674954721],[101.28553208834199,13.544944852437844],[101.28558056592628,13.544883414538413],[101.28567113137829,13.544875813945403],[101.28580361761132,13.544908467760985],[101.28586645746041,13.544901119561198],[101.28590743501042,13.54483863976732],[101.28596231578605,13.544722922590447],[101.28604513326871,13.544632931073902],[101.28615620725867,13.54459805022579],[101.28634438993767,13.54459632888984],[101.28651228686087,13.544649013466223],[101.286694540659,13.544695905227107],[101.28686115748295,13.544674062346841],[101.28713897136602,13.544507708456019],[101.28721493200813,13.544424552426939],[101.28722087166879,13.54432175599997],[101.28717808670844,13.54425434259851],[101.28708634356511,13.54413885657056],[101.28700817127076,13.543990490356075],[101.28690820135607,13.543738398142503],[101.28685661649916,13.543411321077146],[101.28682578631862,13.543146159641296],[101.28685976060268,13.543015976559504],[101.28690723207386,13.542912762068482],[101.28702589682796,13.542884547153736],[101.28726201361049,13.542828166221152],[101.28734508980797,13.542765300740683],[101.28739330688083,13.542676773071861],[101.28739465345545,13.542089394687283],[101.28752967203927,13.541603609905595],[101.28759103595632,13.541501379058879],[101.28763937250515,13.541425285576416],[101.2877367938994,13.541410848344299],[101.28782770879604,13.541443881666313],[101.28789855353261,13.541546012976667],[101.28798953490457,13.541585855730151],[101.28807291742756,13.541551190150795],[101.28812761764185,13.541476149935553],[101.28815404967077,13.541285041510108],[101.28822292979181,13.541181630639018],[101.28836717317527,13.540996180375977],[101.28842178355806,13.540852262767588],[101.28885897743714,13.539429625769698],[101.28895583289275,13.539114736512746],[101.28912020482682,13.538799230252154],[101.28928679020973,13.53871524428911],[101.28947473573351,13.538693204355315],[101.28966394428852,13.538740030042009],[101.29000770080167,13.538954877346463],[101.29022382557754,13.538979990581332],[101.29036312283709,13.538938075800425],[101.29050089655389,13.538800132425356],[101.29077150325344,13.537944882064156],[101.29077746267706,13.537781053581],[101.29074760357534,13.537617553367243],[101.29057638288553,13.537217033307364],[101.29046785921268,13.536794473337048],[101.29046635722953,13.53663748596805],[101.29047876476025,13.536487143899743],[101.29056109715266,13.536342935354796],[101.29065815383089,13.536294634961775],[101.29080450106879,13.536266165987287],[101.29118049003263,13.536228855966174],[101.29126383392808,13.536194190479691],[101.29130550497747,13.536145249881928],[101.29133871389691,13.535994717982915],[101.29139385069242,13.535906126659501],[101.29150472345971,13.535850889926019],[101.29163731838891,13.535836091656559],[101.29178361801607,13.535861880330456],[101.2919572515807,13.535791373698148],[101.29206823843407,13.535688724633033],[101.29248510792988,13.5347971214086],[101.29256009030664,13.534612341283253],[101.292802238378,13.533736994450953],[101.292871152635,13.533641503525995],[101.29294050976148,13.533592309125567],[101.29306634935975,13.533591155401595],[101.29370813274818,13.533647376075736],[101.29377159063816,13.533701015924555],[101.29377929099678,13.533782257778833],[101.29365645895805,13.534097384661145],[101.2936571192198,13.534166293528973],[101.29371368254,13.534226769122728],[101.29442466764634,13.534213474694379],[101.29454276915673,13.534131041711037],[101.294632409344,13.534027439083124],[101.29469977041389,13.533829183122686],[101.29466359256244,13.533665741330058],[101.29465555533561,13.533549452774322],[101.29467541169666,13.533454411560765],[101.29475123669317,13.533357710028124],[101.29494521620066,13.533239604706159],[101.29504908390538,13.533116663457095],[101.29505437138914,13.532946068242051],[101.29500968020378,13.532679888142917],[101.29454428730956,13.532118297743276],[101.2945011017006,13.532009141305457],[101.29450697488592,13.531899534154681],[101.29458983279281,13.531810652218912],[101.29475656909267,13.531747017874995],[101.29480514369504,13.531692350492618],[101.29483198715235,13.531604018708256],[101.2948367446301,13.531378060617939],[101.29487137378598,13.531316748475822],[101.29494100130535,13.531295790848208],[101.29503893743424,13.531335567194127],[101.29514974192962,13.531273557210337],[101.29521159183524,13.531163399491094],[101.29516155028399,13.531061079441663],[101.29511195609381,13.530946319777762],[101.29511077660585,13.530823232363012],[101.2951448389248,13.530761925318332],[101.29520055782859,13.530734322077228],[101.29538248374161,13.530807192705364],[101.29546618606486,13.530806425002718],[101.29552799913957,13.530751636877644],[101.29555402333335,13.530518710129375],[101.29552361446264,13.5302942209139],[101.29542449974409,13.530131357495002],[101.29479794100308,13.529495557288914],[101.29472710884292,13.529394574551688],[101.2946847892099,13.529312502355559],[101.29464781185787,13.529128711888756],[101.29459853297634,13.529046740914046],[101.29447266912354,13.529041121533419],[101.29426387460039,13.529057692330126],[101.29410303035046,13.529017381963325],[101.29396990272026,13.52891697021963],[101.29392710787847,13.528848448490585],[101.29382459842645,13.52833093783349],[101.29384415744512,13.528200886390341],[101.29389909750958,13.528091940390857],[101.29398876374799,13.527995112658525],[101.29413419650091,13.527871791395782],[101.29417490994619,13.527782220596256],[101.29422265720018,13.527645101353551],[101.2943121294025,13.527527956551353],[101.294409024384,13.527459263237363],[101.29447773202848,13.527342307870375],[101.2945041568709,13.527206530782637],[101.29452106046958,13.526803141567051],[101.29454101923857,13.526714872600374],[101.29462382863639,13.526624880388269],[101.29519257899224,13.52628534435769],[101.29533110549725,13.526167748212851],[101.29537045440165,13.525935846719207],[101.29532450557487,13.525478812789087],[101.29535119092868,13.525370125818149],[101.29551097336997,13.525299782898685],[101.29615083885527,13.525158342377564],[101.29643004422873,13.525203227406109],[101.29673116580017,13.525308906456591],[101.29690660497852,13.52542362167355],[101.29762714187129,13.526413231693269],[101.29773891834375,13.526452842909178],[101.29787115484518,13.526397444150595],[101.29796040246866,13.526253170102926],[101.29806284185207,13.526041009265635],[101.29827686187524,13.525792810000118],[101.29847697597786,13.525593334029208],[101.29873385731818,13.525475760251108],[101.29896365265606,13.52542509073508],[101.29906766319291,13.525376687685929],[101.29912970533802,13.525286884496452],[101.29927050278405,13.524740050292497],[101.29929711986593,13.524569259547459],[101.29926802163723,13.524481441303305],[101.2991629600715,13.524420264510214],[101.29914105195836,13.52430525185212],[101.29918176270871,13.524215643901639],[101.2992933918575,13.524180753947535],[101.29939132439313,13.524220492178603],[101.29946859747389,13.524275149921966],[101.29957998317923,13.524274127163732],[101.29965610102651,13.524204514088083],[101.29966230658849,13.524129916462012],[101.29962641529963,13.524000338731669],[101.29963235136702,13.523897541344503],[101.29968710907349,13.52382923477637],[101.29981287860316,13.523821305983246],[101.29994554809251,13.523874307837936],[101.30006514978945,13.523948895936579],[101.30018345701404,13.523947808544831],[101.30029405220193,13.523864331779533],[101.30034213093425,13.523762221705526],[101.30032704103411,13.523632489181914],[101.30028411593661,13.523550422860842],[101.30014347300077,13.523387942623859],[101.29995336523213,13.523246235451053],[101.299868363945,13.523111483158669],[101.29985272786915,13.522920760885794],[101.29988579934634,13.522701316321358],[101.29997497869786,13.522550269344121],[101.30009916629433,13.522440724219276],[101.30036275804984,13.522301620127402],[101.30081471753724,13.522126920854657],[101.30103591599787,13.521961114558547],[101.30112515912978,13.521816840444226],[101.30123189156194,13.521331313003444],[101.30122261735494,13.521086312526473],[101.30117934910098,13.520909391260201],[101.30109433883069,13.520773491720842],[101.30109341715921,13.520677493381934],[101.30111298246609,13.52054855399034],[101.30123086838081,13.520444691288393],[101.30134858900556,13.520382615582843],[101.30161243857754,13.520270636985293],[101.30175089231903,13.52014622955501],[101.30177710785397,13.51998898839925],[101.30174729187137,13.519771305447733],[101.30167629172624,13.519648822780598],[101.30154866537887,13.519459131869368],[101.30151212370976,13.519261792231468],[101.30155250747337,13.519138323205981],[101.30161455770327,13.519049630408498],[101.30178798196046,13.5189588029265],[101.30197483064127,13.518820440960702],[101.30227822315373,13.518442657787112],[101.30250599458729,13.51818189420279],[101.30272742032167,13.518036441291803],[101.30327091454329,13.517898130322816],[101.30350640160681,13.517838375529363],[101.3036810718273,13.517877443151098],[101.30377223825219,13.517937597965256],[101.30383629082691,13.518053333402316],[101.30383779999659,13.51821031992087],[101.30376206483163,13.51831945735298],[101.30371463019137,13.518429446326724],[101.30371542250545,13.51851189871949],[101.303785455165,13.518592567546476],[101.30410790363959,13.518753373202079],[101.30433123649732,13.518751318030503],[101.3045329783472,13.518722331637322],[101.3049964317787,13.518363429191339],[101.30510031565308,13.518239375377137],[101.30516821391554,13.518102068968636],[101.30528621122137,13.51800612457958],[101.30565373446197,13.517811838994964],[101.3058002254303,13.517803716100234],[101.30592577666937,13.51783642603487],[101.30604527146676,13.517896318830646],[101.30618460016734,13.5179221644732],[101.30633067252074,13.517866597779395],[101.30644798800529,13.517762738275675],[101.3064820260697,13.517640437996532],[101.30650127876285,13.517483261568151],[101.3065418826137,13.517386881961279],[101.3066669954749,13.517311189538136],[101.30677132581201,13.517296682716209],[101.30684185973148,13.517370571508648],[101.30701230337856,13.517689773693686],[101.30709652313136,13.517743218867802],[101.30722174738366,13.517742065067063],[101.30731870075564,13.51768017731839],[101.30738733294166,13.517556410507149],[101.30744094978772,13.517310831431265],[101.30752939341902,13.51708410339012],[101.30760547982527,13.517015635030644],[101.30777270660531,13.517000548231568],[101.30797503325842,13.517032585733475],[101.30806532562256,13.516997851945446],[101.30813441415276,13.516921527906812],[101.30821781284543,13.51689366714608],[101.3083016409328,13.516906440228338],[101.30829554047369,13.516995729504425],[101.30833070682213,13.517049625525232],[101.30863950809092,13.517230907207614],[101.30872336222944,13.517250452860418],[101.3088344838301,13.517222300411945],[101.30967441850223,13.516819243664688],[101.30975721801859,13.516729246841351],[101.30980380015764,13.516531179992599],[101.30986400884123,13.516251638080192],[101.30990508520591,13.516141708368476],[101.31000176459173,13.516051583767689],[101.31018218043675,13.51596860733545],[101.31069687556869,13.515833950499413],[101.31082797480298,13.515724300968445],[101.31087590710989,13.515607532870646],[101.31086793096847,13.515498056176199],[101.31083068412185,13.51528717932503],[101.31085703081082,13.515089263256465],[101.31093222878324,13.514924834719544],[101.31110354289781,13.514615991338809],[101.31141257952525,13.514162497596857],[101.31154325475465,13.513950071822071],[101.31153501630521,13.51381350537028],[101.31151928949953,13.513676969410808],[101.31137675561004,13.513200515344467],[101.3112953215329,13.513016028539948],[101.31122443367721,13.512909388486333],[101.31119387658447,13.512850934752828],[101.31122274664109,13.51273434343101],[101.31156851448215,13.512438620787389],[101.31185132748978,13.512380642968385],[101.31198228299358,13.512315073984338],[101.31204067977527,13.512204982616019],[101.31203288689018,13.512114674849265],[101.31195967060124,13.512005799231918],[101.31191262223656,13.511915890556889],[101.31191168619206,13.511818746175964],[101.31196354323843,13.511748243782025],[101.3120423739979,13.511721535373098],[101.31216771503117,13.511732813383009],[101.31227922560232,13.511686593803095],[101.31248181276689,13.51156951015823],[101.31321842501166,13.510750622672228],[101.31325433426682,13.510705138351508],[101.31378405911177,13.510036091413609],[101.31390094340497,13.50982945561457],[101.31393235299888,13.509674423619829],[101.31389845956322,13.509571958082706],[101.31377685911475,13.50928958061812],[101.31378272421527,13.509179975244294],[101.31384026310583,13.509043911794743],[101.31393794231658,13.508940231001022],[101.31410734661286,13.50873196175052],[101.31415265224591,13.508641164402599],[101.31417128869478,13.508538250334736],[101.31413028958522,13.508357906257523],[101.3141358366821,13.508274247592398],[101.31416183033315,13.50821641987031],[101.31415403834639,13.508126148152037],[101.31411397617967,13.508042912162859],[101.31404653066812,13.507869622695683],[101.31407132506827,13.507746259573864],[101.31418215830973,13.507630021257242],[101.31433952877445,13.507550660668526],[101.31448458872651,13.507575302048108],[101.31470271764381,13.507630875507781],[101.31482089551101,13.507617349000171],[101.31489891778671,13.50750707640232],[101.31493097596426,13.507423210426936],[101.31491063451296,13.507345454329919],[101.31481143625108,13.50729555485227],[101.31470540989471,13.507251344262711],[101.314671701512,13.507168087004999],[101.31469731337907,13.507070696992201],[101.31481498998636,13.507005247960421],[101.31498613431933,13.50697768564088],[101.31506450064975,13.506906938117787],[101.31506929585676,13.506745380275518],[101.31502174623213,13.506603476286298],[101.31494171352684,13.506501437430597],[101.31460463958108,13.50637579209379],[101.31454494922541,13.506292772988237],[101.31453049802744,13.506170919284276],[101.31457567250645,13.506066576896416],[101.31469976757641,13.506007841974347],[101.31478504374805,13.505935920215872],[101.31483651721379,13.505825856474285],[101.31482923816505,13.505729917626953],[101.31476953613129,13.505704487309815],[101.31466351067323,13.505660313984754],[101.31462923545358,13.505518287937077],[101.31471399419559,13.505388783069783],[101.31482544727456,13.505336900394095],[101.3149370090497,13.505296343189013],[101.31501430548664,13.505173642578006],[101.31524496590215,13.505152303562726],[101.31540246482597,13.505086486271095],[101.31548113478698,13.505047343181577],[101.31556683496341,13.505078194361957],[101.31563332556577,13.505148715323681],[101.31573342214294,13.505295758833995],[101.31585219289822,13.505339850993375],[101.31599681537075,13.505319305982008],[101.31621968290119,13.505207695030487],[101.3163450850199,13.505225743658135],[101.31645086074629,13.505243937281342],[101.3165422382753,13.505204713857909],[101.31654143068985,13.505121113483266],[101.31653405731801,13.505011631101032],[101.31653311947683,13.504914524087782],[101.31658487142036,13.504837249332336],[101.31670933569794,13.504758154225094],[101.31676087384241,13.504654899572545],[101.31672069130144,13.504559265971633],[101.31664077897038,13.504469661080325],[101.31658724566766,13.504366231607165],[101.31659260771158,13.504263403916308],[101.31664421053479,13.504166921136354],[101.31712863064502,13.503833753109017],[101.31728561573249,13.503773565038422],[101.31743046008887,13.503772225992115],[101.31754969347655,13.503809541095489],[101.3178409416647,13.503968360818538],[101.3179532014308,13.504000077757249],[101.31804466968966,13.503966476721695],[101.3182016934047,13.503855473953271],[101.31826594720204,13.503694476566375],[101.31838649572326,13.503209966513806],[101.3184440795296,13.503016276818371],[101.31852809895813,13.502873194027677],[101.31861972532047,13.502801176114367],[101.31876435677619,13.502773856137891],[101.31890205593282,13.502753374669895],[101.31932873862478,13.502594722720737],[101.31953328321833,13.502618811696138],[101.31963805372995,13.502591860309549],[101.31974956879267,13.502546749158299],[101.3197814670701,13.502442565033274],[101.31976471079511,13.502082423063746],[101.31979655337699,13.50197254097683],[101.31988207748361,13.501926596401235],[101.32002710599465,13.501944462718178],[101.32037829516845,13.502212276499963],[101.32052347190151,13.502249312331639],[101.32063531934092,13.502234731220568],[101.32076016450416,13.502195195467657],[101.32083846076601,13.502117673508126],[101.32119893851984,13.501914405132959],[101.32128987677267,13.501829994755466],[101.32134822863861,13.501719866228562],[101.32140655355505,13.50160300217806],[101.32142456567482,13.501435659990603],[101.3214698677146,13.501344897425687],[101.32152180111781,13.501286792001087],[101.32166595556806,13.50121432201446],[101.32180350560439,13.501115895358323],[101.32188819248115,13.501038314524246],[101.32190725203654,13.500979402792623],[101.32209641118422,13.500609471131243],[101.32214271484553,13.500446382158627],[101.32221307000029,13.499962337198122],[101.32232457697819,13.499498193003195],[101.32240089784473,13.499392450102112],[101.32256311382211,13.499337874877719],[101.32277040007392,13.499168778865368],[101.32309459667007,13.499098008936324],[101.3234035353811,13.49905676672172],[101.323604114811,13.498972448797785],[101.32369585256446,13.49884961216299],[101.32370974950189,13.498675534236462],[101.32366824733575,13.498381131493758],[101.32370520222992,13.49820572987103],[101.32375826391714,13.498084398758717],[101.32384980404123,13.49799994509844],[101.32396629127904,13.497992092314593],[101.3243143911466,13.498003558776517],[101.32445397317206,13.497994344203043],[101.32461551720962,13.49793300076306],[101.32479286261301,13.497831947004544],[101.32486932541335,13.497740895686686],[101.32496154735874,13.497672275025826],[101.32504619111639,13.49764887649231],[101.32517837461718,13.497715454036074],[101.32530997870462,13.497714233752214],[101.32544128814465,13.497690401965244],[101.32591803484573,13.497336972694688],[101.32614533556207,13.497270503359934],[101.32636193195346,13.497231224468619],[101.32647740229839,13.497177043574382],[101.3265613777095,13.497084774340104],[101.32670672512246,13.496901594066584],[101.32702237155374,13.496717943705836],[101.32709896281317,13.496640436563847],[101.32721330128084,13.496473347708147],[101.32740545002181,13.496350688856435],[101.32763007465692,13.49636329707225],[101.32782455272941,13.496422485098263],[101.32816710550006,13.496638442347209],[101.32826754703029,13.496637510315187],[101.32835998816461,13.496591462512196],[101.32860386908612,13.496210841913092],[101.32874976536975,13.49608072839993],[101.32877974394742,13.495958464172832],[101.32879314770979,13.495792311242658],[101.32886230091864,13.495723903158229],[101.32910844739135,13.495577017970099],[101.32925412448603,13.495424329954721],[101.32968265141928,13.49492000842767],[101.33013169677193,13.494511462389728],[101.33029308180765,13.4944343144196],[101.33044767557985,13.494424957325382],[101.3306722966217,13.494437563022325],[101.33086540925497,13.494360083092475],[101.33101162444049,13.494321454491367],[101.33122015126568,13.494281136504643],[101.33132787364134,13.494204449676511],[101.33192191426735,13.493986599062014],[101.3324860158416,13.493898895342065],[101.33274892308084,13.493873837629581],[101.33311186042192,13.493809468140014],[101.3332892866737,13.493717475382855],[101.33338909668828,13.49365555432203],[101.33363865855569,13.493444272941353],[101.33393852338405,13.493244958590864],[101.33418544869608,13.493174896203715],[101.33444077774759,13.493203016549387],[101.33462736951023,13.493283738485006],[101.33500105429535,13.493492586385042],[101.33523331640703,13.493520919831795],[101.33550405785385,13.493473209995237],[101.33573528690293,13.493395408297463],[101.33592675831417,13.493203874345671],[101.33622393448489,13.49272449065937],[101.33633040281235,13.492519054938548],[101.33640716475171,13.492459604761688],[101.33643005741843,13.492441330673373],[101.33660814033865,13.492417058104705],[101.33683988502069,13.49239232344009],[101.3369784564415,13.492337959754975],[101.33705532438202,13.492231062378735],[101.33715311678048,13.491965861465051],[101.33740265888495,13.491395432037853],[101.3374274532851,13.49115685617773],[101.33738644339574,13.490914415591403],[101.33729963379997,13.490710780403271],[101.33725933268136,13.490545128721468],[101.33727320985588,13.490369941471522],[101.33734127520496,13.490248433418182],[101.33846588599062,13.489286979330434],[101.33911720050421,13.48861450486441],[101.33968541097255,13.488177780807554],[101.33980775253113,13.488002693151754],[101.33987560587778,13.487797616761757],[101.33995031606501,13.48753152166114],[101.34002676808559,13.487440430600419],[101.34018788632167,13.48733274484518],[101.34072266419008,13.487020574245483],[101.34081557604161,13.487019707691578],[101.34100165845945,13.487048467321285],[101.34127961876794,13.486970189197056],[101.34282883623894,13.486297247850743],[101.34314398320691,13.486127167726682],[101.34332814861993,13.485959422470307],[101.34345066624826,13.48579902449768],[101.3435653119398,13.485661276624132],[101.34381893688722,13.485515457090136],[101.34432786393671,13.485275801765898],[101.34439621045846,13.485183674689587],[101.34440253998797,13.48500289541078],[101.34439281752165,13.484835813263224],[101.3444304659152,13.484729316109933],[101.34469158550704,13.484522433900041],[101.34483149541759,13.484551622744037],[101.34499416234924,13.484603175366798],[101.34509812168214,13.484552537352204],[101.3451205373434,13.484423533013139],[101.34509532253168,13.484265662069843],[101.34501665975722,13.484129756508739],[101.34494600995505,13.483985819421093],[101.34496767731972,13.483842203714529],[101.34504360921574,13.483698043697277],[101.34522765515284,13.483514494124934],[101.34544343497566,13.483451485463437],[101.34567647323172,13.483502379663022],[101.34585446093054,13.48353121222117],[101.34602402872021,13.483460714574971],[101.34620057731793,13.483338227245639],[101.3466378502488,13.482910598631554],[101.34675249324533,13.48277284909287],[101.34683728163174,13.482711064090601],[101.3469608233395,13.482717828923661],[101.34711578092937,13.482746876471694],[101.34720827865758,13.482707594318198],[101.34737055212712,13.482660925350347],[101.34749427349793,13.482682344996059],[101.34759619724841,13.482779651487173],[101.3476358803261,13.48288546289332],[101.34768286850364,13.482968590597524],[101.34779149997432,13.482982231190613],[101.34789928972359,13.482913494473909],[101.34798255187232,13.48275342553497],[101.34796569678265,13.482502878530788],[101.34799077594874,13.482414523287073],[101.34824560913023,13.482211101864277],[101.3483171078403,13.482089595776227],[101.34832404552925,13.481913326972364],[101.3483481886508,13.481783233624556],[101.34844982673701,13.481677211202015],[101.34854289309877,13.481572454523993],[101.3485466911758,13.48148881355297],[101.34853720406808,13.481404224737084],[101.34852327299465,13.481278965411169],[101.3485767955176,13.481086458203462],[101.34872552868086,13.480950683616113],[101.34894307189658,13.480894427807007],[101.34906762510738,13.480942967421338],[101.34918524062921,13.481167737199202],[101.34923316395296,13.48123053855474],[101.34936209375581,13.481258717088062],[101.34954548392277,13.481244566235597],[101.34977624944115,13.48117915554932],[101.35013787703855,13.480983763751857],[101.35039221614662,13.480734008963239],[101.35056741906806,13.480652205680666],[101.3508026483151,13.48062964759702],[101.35120512949501,13.480659778620103],[101.35139267437013,13.480602692855088],[101.35148561317111,13.480488868089918],[101.35148924326319,13.480388316240143],[101.35144556897069,13.480288206372931],[101.35142738796765,13.480200256519218],[101.35145635234736,13.480091547174172],[101.35155818716458,13.479824048402984],[101.35164753180614,13.479756594050533],[101.35174974750903,13.479705933169774],[101.35186126347011,13.479720690370195],[101.35192586222048,13.479775452653021],[101.3520032745401,13.479787161967989],[101.35208824258956,13.479740029438378],[101.35212554064017,13.479601892828212],[101.35210695090367,13.479472200937991],[101.35204611160275,13.479388055182037],[101.35196804081804,13.479250962285356],[101.35194961726987,13.479138217483889],[101.351948831244,13.47882197668909],[101.35201871837646,13.478532164563219],[101.35211614785555,13.478405899995977],[101.35227717985339,13.478232702583671],[101.35244659043786,13.478088813485432],[101.35276942698468,13.477821502039054],[101.35310861286968,13.477690713718152],[101.35318868599914,13.477618793913683],[101.3532563327333,13.477517640709246],[101.35349133201163,13.47700041181697],[101.35358446754364,13.476906903042709],[101.35386869988942,13.476644467472953],[101.35391927593824,13.476564940215196],[101.35394296900385,13.476393030874892],[101.35394222789374,13.476317390097021],[101.35387317349957,13.476039057302069],[101.35384926753321,13.475779510593402],[101.35389428390872,13.475545298419327],[101.35395228094009,13.475339203222463],[101.35403169021458,13.475199523938269],[101.35411233467258,13.475124230469934],[101.35426159694356,13.475047146126599],[101.3544487321869,13.474944873643597],[101.35541880220099,13.474543843869311],[101.35632690103687,13.474175036635661],[101.35649729168334,13.474131654192352],[101.35663446712213,13.47411793097681],[101.35670273459218,13.47413424089039],[101.35680093302915,13.474087020760972],[101.35686004576812,13.473994977604693],[101.35690542057142,13.473855618142968],[101.35698506789944,13.473678704672706],[101.35698878422977,13.473587182019722],[101.35695352894815,13.473524263342235],[101.35688473147212,13.473453740031456],[101.35684281697928,13.473355872392395],[101.35684178840826,13.473250849116654],[101.356964335681,13.473094961713233],[101.35704125213059,13.473052455288066],[101.35713524824864,13.473047058228618],[101.357255227238,13.473045932166832],[101.35730147610207,13.472995794020221],[101.35729215787764,13.472924711453594],[101.35719242332154,13.472757364900446],[101.35717873389493,13.472656975782021],[101.35721587024878,13.472560624377982],[101.35731365995227,13.472471623367092],[101.35758563209107,13.472255598847658],[101.35770421869174,13.472166402911245],[101.35774199913763,13.472077928532515],[101.35771107912556,13.471986731118688],[101.35764166450691,13.471907219783807],[101.35754055373179,13.471834741758048],[101.35744467294826,13.471651555229956],[101.35738326411544,13.47150527724629],[101.35737832248307,13.471413872571071],[101.35740735513474,13.471316449633083],[101.35739302071775,13.47120814684086],[101.3573580825414,13.471115876314105],[101.35728871912673,13.471045357534738],[101.35718156538472,13.471004579601248],[101.35711718402661,13.470967914573901],[101.35709895900612,13.470875450015004],[101.35714565433292,13.470812909767165],[101.35724087844797,13.470755539477807],[101.35728694225911,13.470628608613747],[101.3572850611869,13.470436620486939],[101.35729975762496,13.470168828740357],[101.3573942235619,13.469918312228344],[101.35787163591459,13.469230522225779],[101.36041357352124,13.465898514653583],[101.3607116749567,13.465170622581123],[101.36085961850085,13.464720824726939],[101.36109647100359,13.464398984152751],[101.3615068151372,13.464054012147125],[101.36213541305386,13.463727343011469],[101.3626570422815,13.463551899356018],[101.36295974668445,13.463293798932254],[101.36336857356353,13.462798653498721],[101.3640805602914,13.462088332995577],[101.36470868479593,13.461656630190738],[101.36548877639878,13.461243814627284],[101.36981173365066,13.457620513852634],[101.37087233677738,13.456927211581744],[101.37171942024256,13.456642504771413],[101.37229741246598,13.456629168454917],[101.37294182701991,13.456679564263784],[101.37379247859337,13.456872569000851],[101.3747596596255,13.457006847584257],[101.37569713516778,13.457054467722214],[101.37628357604649,13.457192373603403],[101.37728045268699,13.457354635037955],[101.37798597423973,13.457634821612308],[101.3789543221834,13.457883171229438],[101.37992150680881,13.458017464971737],[101.3808010122692,13.458152548416235],[101.3817393528891,13.458344730737801],[101.38305648341995,13.45833224981655],[101.38405336455196,13.458494446702419],[101.3851390944555,13.458769895037356],[101.38695609162785,13.458953683758224],[101.38845028369447,13.459111176522793],[101.38933149595388,13.459417897077751],[101.39028783342219,13.459910275693689],[101.39237502856066,13.460807499237966],[101.39428427193293,13.461505404814408],[101.39572505556262,13.462150097990401],[101.39678567935056,13.462799592651749],[101.39746469790752,13.463365715181357],[101.39814165842419,13.463789556627663],[101.39861211512164,13.463984987808281],[101.39922685562675,13.46400846739046],[101.40264465692361,13.463288011140556],[101.40352131741952,13.463136183990621],[101.40396207761027,13.463303649971891],[101.40444913337754,13.463714634354092],[101.40545290907937,13.464564476606725],[101.40621730082601,13.464900523817064],[101.40709511475872,13.464863878821182],[101.40782436530974,13.464627625656659],[101.40875474056801,13.463960256317071],[101.41845998348911,13.456876050505519],[101.41985207483711,13.455544648671649],[101.42054467232794,13.454592682801458],[101.42091651466845,13.45370138911502],[101.42114123452495,13.452753925789226],[101.42148161247432,13.45171949175657],[101.4219416909353,13.450883822085139],[101.4226380038581,13.450246943318177],[101.42285364713702,13.449886812707136],[101.42434865756881,13.447208196689605],[101.42478132843047,13.446573817389858],[101.42498036635132,13.445999272963622],[101.42497431170634,13.445397358690229],[101.42530398173749,13.442552627518152],[101.42599423013382,13.441143259246815],[101.42650794789873,13.439734482058501],[101.42652340790477,13.438749511572889],[101.42633971590391,13.438037471048395],[101.4260072530105,13.437450025735913],[101.42476225180708,13.43618242741876],[101.4245554551371,13.435642287412501],[101.42454976969967,13.435076524879127],[101.42464445572389,13.434509796408992],[101.42495030243373,13.433657515540038],[101.42557094217533,13.432839507590849],[101.42624368061013,13.432217508771506],[101.42666939491821,13.432040616968594],[101.42724794858874,13.432035041615201],[101.42830762375576,13.4323692978466],[101.42944255348908,13.432727654868192],[101.43052711019287,13.433013106554839],[101.43133372185953,13.433251497478505],[101.43161059969808,13.433248823838746],[101.4319863568966,13.433097275598382],[101.43338104347747,13.431754479983313],[101.43417555393891,13.430737153308389],[101.43477932242118,13.429513833606576],[101.43524600529611,13.428426213379216],[101.43584093974586,13.427583602635741],[101.4366403972296,13.427058613509329],[101.43771863877689,13.426777101522067],[101.44103222921261,13.426204078074152],[101.44218663082803,13.425921810151493],[101.44262510839968,13.425757204970918],[101.44283617655884,13.425521381591988],[101.44295792073771,13.425126032452045],[101.44297631643811,13.424436919427801],[101.4430901338829,13.423254494357096],[101.44332960587306,13.422119404813619],[101.44366083627786,13.420024556823256],[101.44456783467751,13.417701673840011],[101.4450577955964,13.41646590072742],[101.44570140975139,13.415426257859894],[101.44644804899136,13.414705248423607],[101.4475473389641,13.414004537143878],[101.44824766106802,13.413604718728624],[101.44977282435066,13.412753018998217],[101.45077153265601,13.412029552233729],[101.45141778516296,13.411309506911159],[101.452211653329,13.410242450900821],[101.45295886030424,13.409521386586517],[101.45380788592705,13.408947321434797],[101.45475980188753,13.408618464313312],[101.45619183772298,13.408481401712965],[101.45812897108985,13.408609341547619],[101.4594382907693,13.408769366516852],[101.46167592048016,13.40872270848946],[101.46318544948363,13.408831097183516],[101.46416772760239,13.408994289627095],[101.46489977101564,13.409281900790894],[101.46557166323743,13.409780148699291],[101.47145692910894,13.414843100015387],[101.47262345169253,13.415815346451126],[101.47355983847669,13.416396792782901],[101.47474725587372,13.416927255100527],[101.47558045497787,13.417288366664387],[101.47628623075387,13.417429388653469],[101.4782590299325,13.417372737826202],[101.48044553472393,13.417228113139656],[101.481352030067,13.417367145529969],[101.48231030160814,13.41760391799564],[101.48304289658698,13.41794116172831],[101.48357568738199,13.418428324223783],[101.48405709274611,13.418792870151135],[101.48453674010722,13.418934949417213],[101.48516563536627,13.419003280705573],[101.48566886440192,13.419023187396357],[101.48609702841581,13.419092349633951],[101.48640045416595,13.419262177654462],[101.48673075481445,13.419578509306588],[101.4871130733078,13.420067146053478],[101.48744721784738,13.42075272667886],[101.48765152169244,13.421377526846724],[101.48788808314106,13.422223309347597],[101.48782655842555,13.424650917103778],[101.48795659046128,13.425067474257014],[101.48831276258994,13.425482945469014],[101.48887021663108,13.425895316716511],[101.48904945119153,13.426214281891539],[101.48922975384882,13.426581788537757],[101.48966097123635,13.426945705209324],[101.49024121373959,13.427162454742138],[101.49092114228993,13.427253985521261],[101.49129836374237,13.427250255438459],[101.49174936742233,13.427073011343049],[101.49239881074521,13.426672431795717],[101.4931704716591,13.425927333221045],[101.49354264278301,13.425431242936648],[101.49376338939102,13.424911820252492],[101.49400725144795,13.424170832550255],[101.49427774855305,13.423552664604614],[101.49454819086088,13.422984160492085],[101.49494623346496,13.422537512945659],[101.49572062435904,13.422062306844015],[101.49663138580141,13.421661388645953],[101.49736198023207,13.421470081282118],[101.4980862424383,13.421331901456943],[101.49921445097669,13.421267649646119],[101.5009684627729,13.421250250022435],[101.50268847962381,13.421181221221335],[101.50399092000481,13.421062113289009],[101.50482246710713,13.420869782247125],[101.50538438038534,13.420654150719193],[101.50594552470565,13.420306377311231],[101.50660980550205,13.419562314514623],[101.50891473609573,13.416329813395468],[101.5107260379492,13.413390195660766],[101.51223493723359,13.411165060328781],[101.51287208621351,13.410422405779334],[101.51385907330096,13.409649138869115],[101.51513990380948,13.408793856406971],[101.5161030280498,13.408337073145285],[101.51680041535766,13.408171989287933],[101.5179554107595,13.408081419440025],[101.51994457814091,13.408114624106444],[101.52638470641396,13.408287378477102],[101.52771436664636,13.408246934157551],[101.52851984823239,13.408160964177881],[101.52918900867745,13.407889999023119],[101.53086967123404,13.40666361985781],[101.53145751977286,13.406288443655722],[101.53188389793593,13.405969099863508],[101.53318655121765,13.404561326529713],[101.53395277552742,13.403317022629333],[101.53468938058569,13.401782781159577],[101.5355250186158,13.399459292782581],[101.53614914741397,13.397427013764611],[101.53652826970152,13.395132979287386],[101.53669555127878,13.394420943156039],[101.53693083172979,13.393813282269795],[101.537435757683,13.393230000340795],[101.53820851364326,13.392616900874488],[101.53887624486865,13.392214934707054],[101.53919560134203,13.391922638313316],[101.53932720093789,13.391658170584964],[101.53937780842774,13.391315473605536],[101.53937035780078,13.390605230768358],[101.53926616760086,13.388369084927128],[101.53933971896139,13.387684005332821],[101.53968449955396,13.387286395211692],[101.54016530394516,13.386992476105469],[101.54078349757425,13.386986260007175],[101.54148465960296,13.387189249222512],[101.54195715367945,13.38742166178001],[101.54236105419751,13.387496640206043],[101.54289772751116,13.387412195639547],[101.54335254184458,13.387170450630554],[101.54384355738563,13.386586152851994],[101.54428205741515,13.38610858866314],[101.54468267099756,13.385867388539385],[101.54524611769997,13.385809756739363],[101.5459331815686,13.385933832839472],[101.54643000561629,13.385902847466006],[101.54696524521873,13.385686265222088],[101.54728430973967,13.385367986472311],[101.54754775866304,13.384865057998708],[101.54768794615305,13.384153293866909],[101.54758675722447,13.38346997895502],[101.54741532363398,13.382472235270424],[101.54724197483529,13.381342438838656],[101.54731550553454,13.380657325269446],[101.54720161352958,13.380027201926215],[101.54672110019253,13.379084563964073],[101.54661024988309,13.378743493837014],[101.54657814319653,13.378270633362986],[101.54670810516362,13.377848093423395],[101.54705254709133,13.377370291674055],[101.54761241400729,13.376970545212895],[101.5481730795256,13.376596730642119],[101.54884347964571,13.376457827626782],[101.54936852247141,13.37653161303594],[101.54993499559799,13.376709963221924],[101.55046026569744,13.376862787137314],[101.55094407764823,13.376857905289214],[101.55142512009296,13.376589908632011],[101.55204165453371,13.376425563326581],[101.552444182426,13.376368434407649],[101.55276485582961,13.376208221840916],[101.55300483896113,13.375994647742944],[101.55316184021828,13.375624899011802],[101.55320936379177,13.37504506882277],[101.55337631838225,13.37430709467429],[101.55364088930142,13.373909172317346],[101.55398563575801,13.373458485976546],[101.55526617521235,13.372551138130325],[101.55563827806429,13.372179215819882],[101.55584669349841,13.371545842760133],[101.55573333599105,13.370967638819245],[101.55543196289132,13.370444436592688],[101.55523706530558,13.369789160806071],[101.55530863588089,13.368920004846757],[101.55555743507864,13.368285077162465],[101.55600997936928,13.367886365277375],[101.55646251018526,13.367486542781595],[101.55683206721167,13.366877517828334],[101.55709219686007,13.366059521311776],[101.55711069676504,13.365243969179961],[101.55674544805872,13.363747960828409],[101.55665085366266,13.362432132347035],[101.55679098096553,13.360404770065877],[101.55660927154648,13.35848564216017],[101.55669550442386,13.35769541866237],[101.55698382410419,13.357035260947326],[101.55793112272411,13.355104729093689],[101.55829765422467,13.354206616197215],[101.55847479571048,13.353178310711586],[101.55846010017076,13.351783744032511],[101.55826188869995,13.35081229400811],[101.5580504162989,13.349840978173244],[101.55796083001056,13.348999428712126],[101.55798044292818,13.348288884632286],[101.55818438565049,13.347286285117697],[101.55895949519677,13.345214099782298],[101.55995035222652,13.342716214108464],[101.56079561839985,13.341340120836488],[101.56127269118937,13.340702886457407],[101.56183353098081,13.340355034304052],[101.56244831101179,13.340033759706031],[101.56300914092176,13.339738970991162],[101.56354176373183,13.339285269935591],[101.56412529586565,13.338517069039039],[101.56438645678001,13.337804120110331],[101.56448508012008,13.336986648295884],[101.56441647757848,13.335566653419027],[101.56421910154089,13.334674243897279],[101.56405019491127,13.33396564451189],[101.56386742817514,13.333204082990665],[101.56396688784679,13.33246564524676],[101.56428005313121,13.331542094687073],[101.56480933510676,13.33077333335199],[101.56558104183472,13.330081198686694],[101.56627510447773,13.329626973391465],[101.56694397746188,13.32935706504621],[101.56766873194488,13.329297774661768],[101.56826022225383,13.329343740903949],[101.56985016394994,13.329748860757769],[101.57146770548482,13.330258709085875],[101.57263006707198,13.330905307368411],[101.57437584760521,13.332144487780898],[101.57505457420972,13.332748541918107],[101.57578350675712,13.333083319713122],[101.57704694588173,13.333149524188267],[101.57801330046381,13.333034682051577],[101.57903266822402,13.332866233765776],[101.57972865865165,13.332596015233186],[101.58098262683821,13.331766790922702],[101.58191147136726,13.330678881341301],[101.58270518502309,13.32951326680511],[101.58322912381929,13.32824426980676],[101.58366642639452,13.326425050754843],[101.58367203188192,13.324397933458124],[101.58370177330434,13.323398217392578],[101.58380257326235,13.322791910846693],[101.58414747692414,13.322367179358686],[101.58481266951055,13.321755087773745],[101.58582447345609,13.320876363618149],[101.58728527783852,13.319282762932739],[101.58837576971136,13.318219133702202],[101.58902939738682,13.317765271638379],[101.58956193306028,13.317312644784314],[101.59030476254516,13.31641067538701],[101.59094881328137,13.315114471157006],[101.59137870295889,13.313847575329348],[101.59176822683912,13.312579907968471],[101.59208546239013,13.312050433810649],[101.59265832882662,13.311650491813047],[101.59358362860354,13.311482925547894],[101.59446997203987,13.311446784320591],[101.59575985846476,13.311460689903857],[101.59645772637131,13.311374515836683],[101.59704496315739,13.311026334773288],[101.59808204030512,13.310042300562252],[101.59952126445947,13.308922006881598],[101.60059355197311,13.308215393423115],[101.60166070291994,13.307835203607661],[101.60267095637327,13.307689346178895],[101.6035039596447,13.307680809677111],[101.60429905041779,13.30784768796026],[101.6053939000181,13.30822492561048],[101.6071253236765,13.308770690791931],[101.60972651775255,13.309621408860687],[101.61039941249422,13.309843731930441],[101.61117370816683,13.309952074140421],[101.61184798272078,13.309925936865339],[101.61256075457624,13.309783097512033],[101.61344772054507,13.309268059699946],[101.61447152508448,13.308558526580313],[101.61549183607575,13.307576864521854],[101.61598292707528,13.307086210336763],[101.61659410845523,13.30676938143252],[101.61730529388589,13.306529451818506],[101.6180986428257,13.306481719734325],[101.61899165176143,13.306531239553218],[101.61980696630657,13.306755472957303],[101.62040500353729,13.307040633255523],[101.62097843411574,13.307236866587004],[101.62160398315035,13.307346712704151],[101.62225760184268,13.307329826753916],[101.62292983811922,13.307168175803744],[101.62346535979269,13.306949210689098],[101.62549435757549,13.305736890467893],[101.62734817219977,13.304377320890644],[101.62859512364564,13.303194494135678],[101.62949453217946,13.301972371795035],[101.63030147083289,13.300567152092436],[101.63071007492975,13.300072816355023],[101.63096547225324,13.299697550497882],[101.63115019192679,13.299239425978577],[101.63117159608507,13.298338030964155],[101.63116523870781,13.297430224486783],[101.63129613402451,13.296735505556166],[101.63153325602184,13.296326497817812],[101.63211366022186,13.295728772323345],[101.63287589780843,13.295256748653649],[101.63351106510477,13.294818825552527],[101.63410966468086,13.294304461449588],[101.63482623640999,13.29350202574236],[101.63544106225505,13.292836185934265],[101.63583472197887,13.292562205422069],[101.63622985134647,13.292371799318452],[101.63673058037067,13.292349660710988],[101.63750906488747,13.292477091217798],[101.63830409996505,13.292587438848699],[101.63894311115251,13.292614664684129],[101.63951319101497,13.292608747773031],[101.63997746730327,13.292468423917178],[101.64042339550188,13.292175837208783],[101.64124550400552,13.291541692389044],[101.64187667469719,13.290841812474556],[101.64265273466103,13.289947271896059],[101.64478897511904,13.287857460891315],[101.64642871761788,13.286502239335885],[101.64821772687922,13.285566694195548],[101.64955385767664,13.284919296437923],[101.65031489241905,13.284346746516929],[101.6509797768833,13.283728906665504],[101.65206946027239,13.282473115446752],[101.65266046998265,13.28169119597851],[101.6534047098225,13.280739389716313],[101.65486496174105,13.278680251111316],[101.65557878821865,13.277691497290645],[101.65631414012705,13.276931785496046],[101.65745775656917,13.276238929596275],[101.65843591411574,13.275758933658997],[101.6602278141557,13.275153024656635],[101.66197445437669,13.274735030200279],[101.66317148644222,13.274557666227958],[101.66392632730077,13.274479723822315],[101.66466851269355,13.274401949259889],[101.66536237141899,13.274229841422031],[101.66614964056099,13.273845580850365],[101.66712417789697,13.273036977372808],[101.66797828079773,13.272228560056732],[101.66847637326657,13.271707307367819],[101.66885405824966,13.27113984371667],[101.66915765108646,13.270384593233947],[101.66927060704693,13.269748822059633],[101.66962311404924,13.267983527614179],[101.67015078354882,13.265792982306646],[101.67074773651301,13.264135800584013],[101.67180017934369,13.260913277746784],[101.6720432481882,13.260158660874382],[101.6724863008796,13.258979643337982],[101.67305021829922,13.257893083308108],[101.67364188467796,13.257182247547805],[101.67434920465793,13.25655715209578],[101.67587607473961,13.255349810723281],[101.67725569297991,13.254325802042819],[101.67866017658729,13.253417821397905],[101.68029132041219,13.252788668713386],[101.68185146139705,13.252357843426497],[101.68304035023453,13.252029156255828],[101.68384536379831,13.251801632664945],[101.68414228844077,13.251652831577543],[101.68428911358235,13.251480781955554],[101.68452031298702,13.251015344815112],[101.68505835802814,13.250255398365383],[101.68575534019583,13.249271286540136],[101.68615490724095,13.247868005593242],[101.68627834384584,13.246511663846922],[101.68612368539493,13.245022713256295],[101.68631034273456,13.243124851240527],[101.68695497557908,13.240996272667246],[101.68730299190331,13.23909556531577],[101.68758034495065,13.237061175054547],[101.68746982701788,13.235391117175576],[101.68722251363364,13.23385914601795],[101.68729786072639,13.232322632875434],[101.68774598440756,13.231143553955205],[101.68819949618381,13.230507530704058],[101.68888106505786,13.229596995213152],[101.68970685395919,13.228326986134668],[101.69051764369024,13.226692406597444],[101.69186895421932,13.224688517390783],[101.69459263088942,13.220866809886591],[101.69550609176923,13.22013564565651],[101.69639756099257,13.219448705889759],[101.69744928606931,13.218714930483022],[101.69842994362733,13.21775604612481],[101.69929180617554,13.216528561954691],[101.70010466652332,13.214984268239018],[101.70082322083425,13.213306580990345],[101.70204537698164,13.211306286362797],[101.7032034293504,13.209714310838045],[101.70480224909645,13.208432737246151],[101.70665582027728,13.207572978147466],[101.70810553226258,13.207087902089619],[101.70967115746224,13.206981001658292],[101.71095975839795,13.206831850492337],[101.71164917405601,13.206644976095964],[101.71215273277336,13.206323463364358],[101.71233063333563,13.205734406626073],[101.71249945013368,13.204377596929019],[101.7124750240428,13.202165780206009],[101.71222818766395,13.20063270130513],[101.71237106201494,13.198961139853246],[101.71272579324594,13.1977378597844],[101.71321039930743,13.19570132379949],[101.71306115859602,13.194709202599743],[101.71277410823517,13.193763756695077],[101.71267298039206,13.192952911662196],[101.71271160794927,13.192275011458044],[101.71301686087271,13.191585221662335],[101.71415456370531,13.189415296201988],[101.7144617515999,13.188011844914927],[101.71472034243419,13.18638308985402],[101.71522088011726,13.185791724121902],[101.71640169938856,13.184243514494989],[101.71724411520749,13.182940543015341],[101.71983190821614,13.181650686916205],[101.72254635828995,13.180299597558982],[101.72366735964478,13.180067493860365],[101.72439929615848,13.179462372041138],[101.72497227757933,13.179015896483818],[101.72574113754615,13.178881251920997],[101.72705893732189,13.178993702964574],[101.72760589993882,13.17911324041571],[101.72850451975179,13.179041551014032],[101.72927376329929,13.178938491175737],[101.73081345234007,13.178796768848681],[101.73139126759541,13.178790612140387],[101.73210073634554,13.179065365265954],[101.73249082077456,13.179533187540152],[101.73331624945143,13.181537699185995],[101.73365924509156,13.18206925474329],[101.73424125637762,13.182440191390359],[101.7349981983956,13.182683902846188],[101.73552857272246,13.182709876236357],[101.73607520565771,13.182798871986598],[101.73639854436273,13.183015609140298],[101.73662848163445,13.183485132032313],[101.73676290822851,13.184017798521229],[101.7370257939082,13.184550239943217],[101.73738422080825,13.185018387587917],[101.73807931202226,13.185451339112442],[101.73953192556594,13.186127976903423],[101.74072445527527,13.186523964643442],[101.74579143048314,13.188123946284724],[101.74631449072697,13.18826511744299],[101.7468361145647,13.188331785557107],[101.74769017973622,13.188140843131833],[101.74865644448676,13.187984805046822],[101.74993898089599,13.187824259922806],[101.75109253090855,13.187775722637976],[101.75202516003988,13.187911373370254],[101.75468334323755,13.189269373901674],[101.75539409118863,13.189553065224482],[101.75651471884434,13.189905715400052],[101.75785597003888,13.190000831722447],[101.75934360709883,13.189839138675282],[101.7604922747678,13.189352495948155],[101.76215575794295,13.188276551386643],[101.763631710616,13.187130361691807],[101.76449820218288,13.186354339904852],[101.76538546639236,13.185834388650077],[101.76646299737229,13.185639828545259],[101.76769209120864,13.185699959501196],[101.76875862860612,13.186162658622097],[101.76932139708049,13.186557428822553],[101.76993960148933,13.186915449159264],[101.77049909201124,13.187018916711541],[101.77097972662085,13.186722383779706],[101.7711971081398,13.186172402003701],[101.77145093161491,13.185585913586971],[101.77181652347768,13.184999326679353],[101.77214976700704,13.184812795935654],[101.77259539696499,13.18473456593127],[101.77337922196615,13.184909007532664],[101.77386769168167,13.18530457130001],[101.77417171930307,13.185848908407166],[101.77451357318444,13.18642898341068],[101.77486189313922,13.18762883814621],[101.77509322908782,13.188319627428532],[101.77572012379872,13.189443092456987],[101.7764374878419,13.190311535571746],[101.7776025506631,13.191283491201993],[101.78004599967694,13.19340911273971],[101.78252458449653,13.195279099876531],[101.78567492768889,13.1972874478313],[101.79258696882847,13.202154257705727],[101.79584295120331,13.204216606926188],[101.80803438767441,13.210576534727759],[101.81347579237078,13.212704914563037],[101.81553389017887,13.213594597817215],[101.81725749759597,13.214560169435929],[101.81894789968692,13.215891929515735],[101.82004097421623,13.217046237088129],[101.82110210645062,13.218676205261662],[101.82156305448079,13.219874736731285],[101.8219935424363,13.221730724131337],[101.82298087268025,13.225003204129784],[101.82474977674724,13.229742730755467],[101.82501812238722,13.230524487579556],[101.82518486317871,13.232090947649725],[101.82565621369986,13.234238898094452],[101.82626757384455,13.235581405272967],[101.82713602194211,13.236629741297268],[101.82829981364721,13.237455737012841],[101.82990568876146,13.237838770521842],[101.83158026433375,13.237784051236147],[101.83262108745625,13.237589622608628],[101.83317602262133,13.237292142879138],[101.8336541464397,13.236776490491648],[101.83445938188737,13.235600088840409],[101.83511978465667,13.234753834427204],[101.83559915443837,13.234346567469439],[101.83600630146783,13.234124129818015],[101.83637850942266,13.234119994503834],[101.83682647320371,13.234187273582352],[101.83716376005017,13.234402587845592],[101.83780780898977,13.235379970511021],[101.83883695131858,13.23741215809204],[101.83954028008381,13.238680192543452],[101.83999587056161,13.23940449100505],[101.84044666762904,13.239764157335092],[101.84119236992616,13.239865369167468],[101.8420483431194,13.239783581230832],[101.84357593634485,13.23987607578451],[101.84447034485581,13.239975657618922],[101.84544128713401,13.240220003308714],[101.84596701178103,13.240578822855333],[101.84630769875082,13.241085362590759],[101.84654015849186,13.241849389783679],[101.84692891431251,13.243267671224153],[101.8474694485853,13.244902206872904],[101.84804010696277,13.245953734611321],[101.84858767863749,13.246604727711034],[101.84937807661156,13.247325298592074],[101.85027515581383,13.247606590351738],[101.85116959037592,13.247706105192066],[101.85209946078106,13.247586196484935],[101.85280305544754,13.247287012500115],[101.85516884420677,13.246705030807453],[101.85767256748123,13.246539252481432],[101.85988702514935,13.246425232379851],[101.86173035463763,13.246457611939586],[101.86333313415746,13.24662142638824],[101.86490081290587,13.246932390402129],[101.86667385820631,13.247313254453637],[101.86818776020857,13.247807712453302],[101.86889690736186,13.247981500373662],[101.86975273592628,13.247935763546964],[101.87019726814295,13.247711704037378],[101.87037783580325,13.247235487813933],[101.87036885983692,13.246470093327476],[101.87016519379571,13.244976390886936],[101.87037509324668,13.243806602766398],[101.87090414076191,13.242925643762261],[101.87185845522421,13.241747477482225],[101.87244479279667,13.240938090457899],[101.8728656535073,13.240313550517904],[101.87311767586026,13.239545181288536],[101.87306481539569,13.238232733100919],[101.87299780646536,13.237285081718607],[101.87264106660142,13.235464577416147],[101.87232112352817,13.233535219794801],[101.8720348717696,13.231386498861403],[101.87146065336862,13.226833870270051],[101.87129473453565,13.2254131434015],[101.87136053972347,13.224683015084937],[101.87179994076322,13.224020980621619],[101.87227919286565,13.22361477135893],[101.87305502016581,13.223094607353696],[101.87383345976686,13.222794541526275],[101.87483781218708,13.2227471340493],[101.8755228692194,13.222940389573079],[101.87625778274996,13.223205335397651],[101.87820689245622,13.224313549654527],[101.87873343457011,13.224745691693077],[101.8789964244544,13.224961782975697],[101.87918681519231,13.225324310094223],[101.87919109746129,13.225688934572217],[101.87908442611455,13.226127064410132],[101.87882828947758,13.226494624210988],[101.87857343743151,13.226971716119646],[101.87839678912077,13.22777645358099],[101.87848569358778,13.22901852949372],[101.87873018805867,13.230800774038514],[101.87896986576301,13.232220655375292],[101.87936279964806,13.233930116260733],[101.8795922042188,13.234475110966107],[101.88000785559909,13.234980749589896],[101.88045911260397,13.235376476192915],[101.88229139550917,13.236048991592195],[101.88367331074167,13.236398054920823],[101.88464343375634,13.236570001524264],[101.88533323209673,13.236671713994598],[101.88574631878687,13.236958351323038],[101.88627118733936,13.237244833537007],[101.88709078325515,13.237307817343067],[101.88768350964591,13.237045950040994],[101.88808757455567,13.236567198912949],[101.88826466663414,13.23579970980591],[101.88876788309335,13.234298042933291],[101.88919834320109,13.232638005831333],[101.88913581686406,13.230755503575708],[101.88889608615916,13.229335643434336],[101.88877572628411,13.228607664965811],[101.88888018597859,13.22798661407378],[101.88913544226661,13.227545656879554],[101.88965284402245,13.227248532170371],[101.89039906374921,13.227349597042013],[101.89099824543359,13.227634122095031],[101.89178638234812,13.228208885055144],[101.89246548534673,13.228967824699932],[101.89280938469199,13.229693267865946],[101.89334887512241,13.231219268108358],[101.89371077131608,13.233512724294954],[101.89406549625883,13.235150284572979],[101.89430569678265,13.236606271946311],[101.89417471073612,13.238103722885102],[101.89378617230776,13.239895363259008],[101.89354038785615,13.241137809356941],[101.8931672573315,13.24267415146616],[101.89302896977836,13.243550710401182],[101.89303802749139,13.244317199224984],[101.8931935519182,13.244899156896659],[101.89344116264479,13.245370525545292],[101.89396820691692,13.245838759372718],[101.89468008045708,13.246195350498176],[101.89535276139972,13.24640562014053],[101.89617541518074,13.246724803914674],[101.89659026616208,13.247158159229597],[101.89674580136871,13.247740112732048],[101.89679231882906,13.248505063397761],[101.89709971872603,13.2493043057849],[101.89757836895716,13.25015916706854],[101.89808373867812,13.250693081788912],[101.89824433589138,13.250923847810425],[101.89843364146445,13.251384586993597],[101.89841018106249,13.25164227062815],[101.89828215226989,13.251926003079015],[101.89799591218944,13.252135841065432],[101.89752105015383,13.252328657935479],[101.89705823632282,13.25261393900861],[101.8967190414547,13.252973432801474],[101.89666997996545,13.253308173844237],[101.89684034545908,13.254411560924138],[101.89719347858717,13.256395736636334],[101.89765924967209,13.258498311368534],[101.89801176296262,13.260036543537945],[101.89798908948485,13.260605832555648],[101.89785401969704,13.26146204347716],[101.89742399527222,13.262717871631514],[101.89727682607588,13.263429715075189],[101.89718997515757,13.2643169729641],[101.89730668248264,13.264877907180704],[101.8974924118626,13.265281118533707],[101.89790463437343,13.265731439799879],[101.89860457020175,13.265951517557818],[101.90017625543635,13.266105249936505],[101.90104877559709,13.26615176938096],[101.90186025253934,13.265914447987797],[101.90227085269272,13.265887201671006],[101.90255816625996,13.265964098494893],[101.90291017918888,13.26624458178823],[101.9032079437561,13.26681021725922],[101.90481358081682,13.269867347140188],[101.90547283374262,13.271511562892618],[101.90560682734869,13.272990147989203],[101.9056169935828,13.273844701288807],[101.90591891465482,13.274808834404251],[101.90580929234238,13.275379113505281],[101.90529419656184,13.276069150467402],[101.90506739171555,13.276526746071609],[101.90495705973403,13.277040577814487],[101.90519462280417,13.277436418716846],[101.90578430390613,13.278170298610871],[101.90614367852878,13.279019718169058],[101.90615520840547,13.279988311491291],[101.9058154763448,13.280789257514199],[101.90518995964955,13.281935565317239],[101.90479733388662,13.28313566754472],[101.9044704657008,13.285018067728481],[101.90459842801808,13.285985332699266],[101.90501206088392,13.286549598543438],[101.90548318592793,13.28705678998509],[101.90618651020156,13.287504907934629],[101.90851788270558,13.287990828267294],[101.91102385446321,13.288474687863035],[101.91358545259816,13.28878633882011],[101.9149826823096,13.288941910175566],[101.91608943458741,13.28909973265273],[101.91679012230564,13.289376188608484],[101.91743658232346,13.289937794068139],[101.91811800477213,13.291012672338047],[101.91879669274905,13.291858431916621],[101.91950141390292,13.292420471376003],[101.9202911704799,13.29286636582302],[101.92128359596815,13.293197056586871],[101.92350056083424,13.293798191753458],[101.92537105807165,13.294630181941823],[101.92647996540782,13.295015963126952],[101.92706484591292,13.295293718451083],[101.9274730817005,13.295403035822146],[101.92752581909589,13.294947466458019],[101.92746077657776,13.29437805163251],[101.92732624038922,13.293541891305928],[101.9271697880027,13.291933753857904],[101.92709924959165,13.290909439545933],[101.92700267351211,13.290113498827052],[101.92705472100133,13.289600336467529],[101.92763142863397,13.289195152949844],[101.92861354505597,13.288671281557457],[101.92913486166988,13.288551260176506],[101.92960196046478,13.288716350649066],[101.93015938036996,13.289108472637356],[101.93086692492875,13.289954970609271],[101.93198603532993,13.291137662631792],[101.93281134632753,13.292095665003988],[101.93416130848537,13.293162808872175],[101.93510376428759,13.294177048513639],[101.93569139273914,13.294682785880484],[101.93616013275606,13.294694315365621],[101.93679541863006,13.294612469822166],[101.937546106577,13.294205254196251],[101.93899125422236,13.293505521847644],[101.94049732561025,13.293032002385408],[101.94270110859787,13.292492837308481],[101.9448511956877,13.292469050753452],[101.94631014145578,13.292964701999971],[101.94809917317505,13.29425355608141],[101.95357673326497,13.30005496300917],[101.95451790537464,13.300955107626367],[101.95533993392823,13.301629713625459],[101.95581328409918,13.30230722625382],[101.95629074855418,13.303326771678639],[101.95688672325302,13.304515403384436],[101.95724645271024,13.305422301252662],[101.95772051524523,13.306157361435748],[101.95842404792798,13.306661717050368],[101.95901036394086,13.307053420995075],[101.95995019935744,13.307839500267146],[101.96048384894185,13.3086868000264],[101.96092981127644,13.309479777454557],[101.96197464088509,13.3117446671432],[101.96302924506232,13.314807645370662],[101.96603816917448,13.323142596874423],[101.96678226618221,13.324557481103591],[101.9674289382024,13.325120060955891],[101.96825205281912,13.325356511464648],[101.97200127676032,13.325749538310923],[101.97325420110452,13.326019333549077],[101.97450985363224,13.326459591843319],[101.97597170814525,13.327126596208455],[101.97886958072534,13.328743063718713],[101.98080493632627,13.330087475690894],[101.98180104490719,13.330702316247425],[101.98250455513204,13.331149019563235],[101.98337867878554,13.331310345062143],[101.98436849197293,13.331411562422375],[101.98483710981897,13.331691668429295],[101.98548185585125,13.332139053467714],[101.98700126093289,13.332747706275443],[101.98781844487212,13.332966137572814],[101.98869536408282,13.333354287679684],[101.98913983611236,13.333829991333932],[101.98764872436887,13.335757734444567],[101.98673598034466,13.337192052739004],[101.98593894471894,13.338568591816646],[101.9856947880146,13.339995067817227],[101.98594163786818,13.341130136281233],[101.98630221892826,13.342094470995043],[101.98712722899023,13.342995806173612],[101.9887341955576,13.344340594252618],[101.98924720275512,13.345133844627988],[101.98965936507881,13.346303058348022],[101.9897119434724,13.347999222669092],[101.98981121359952,13.349694835792159],[101.99003745071055,13.351306529561116],[101.99003505131044,13.352470498917855],[101.9897592927727,13.353669287416027],[101.98913072989032,13.354587732115016],[101.98815061940633,13.355282339973311],[101.98699224184746,13.355638084878622],[101.98600512001265,13.355763744501871],[101.9851947641679,13.356057778604864],[101.98387219793128,13.357268911345663],[101.98292378629873,13.358479033770047],[101.98201816142311,13.359795893290638],[101.9813618675479,13.361228338284207],[101.98095490197812,13.363624215035024],[101.98050512719345,13.364882653663386],[101.980512813179,13.365508004444157],[101.98087194076501,13.366301896668757],[101.98146487646325,13.367262423399772],[101.98188501582666,13.368282546132187],[101.98212851047263,13.369190737697178],[101.98219862487885,13.370157389046827],[101.98205056635038,13.372323296892077],[101.98211793011522,13.373063102812022],[101.98200776701697,13.373576939292464],[101.9815631216126,13.375015920839614],[101.98129058892505,13.376717039546294],[101.98154380154575,13.378364568606044],[101.98191076333933,13.379841400424775],[101.98215006824282,13.380407564779377],[101.98215568271334,13.380863584818472],[101.98169261196416,13.381039549468777],[101.98103694511302,13.381405156214905],[101.97979036646798,13.382427994658018],[101.97869077286465,13.382840597064796],[101.97817224372309,13.383245236477142],[101.97788815061617,13.383817576675439],[101.97742714060227,13.38416504805009],[101.97661944556738,13.384687106239079],[101.97569673473508,13.385323420422447],[101.97489392743367,13.386243945031977],[101.9745845072256,13.38710220380311],[101.97477035787813,13.388011046267865],[101.97504609575456,13.389146891997477],[101.97531829067557,13.389997190589021],[101.97544186382437,13.390622286548446],[101.97510011953744,13.391196414668395],[101.97455549164196,13.391828275784416],[101.97358293688781,13.393149326848967],[101.9732755648386,13.394178028069692],[101.97334428595785,13.395031798277612],[101.97370357164729,13.395881072867567],[101.97432389158864,13.396671891199919],[101.97508792939907,13.3972883298742],[101.97603173087758,13.398359879120447],[101.97674400506635,13.399547022334499],[101.97722256277105,13.400622904588335],[101.97741265526831,13.401873764964996],[101.9772014900911,13.403640788110811],[101.97675937793581,13.405525697579323],[101.97659649181524,13.4064386849544],[101.97672275272335,13.40723420998663],[101.97708348020888,13.408197468414054],[101.97697120786633,13.408540831663418],[101.97639090068436,13.408661731034684],[101.97534522576105,13.408730484682344],[101.97389401628415,13.408975664009221],[101.97267866846829,13.409502533815044],[101.97210451744097,13.410078292856769],[101.97152906475482,13.410597615675529],[101.9705431421709,13.410837259195253],[101.96954961983973,13.410929125626861],[101.96816346096583,13.411263811451098],[101.96764560286577,13.411725998075928],[101.96730447482315,13.412356605503119],[101.96696473018606,13.413100026524145],[101.96638860376346,13.413562934005446],[101.96575354067164,13.413968898860421],[101.96506430826992,13.414660014978997],[101.96431345593128,13.415124937068963],[101.96316242389646,13.416105996393659],[101.96263608570011,13.41719709072979],[101.96243673067396,13.418619687312271],[101.96170881142621,13.420906449697265],[101.96113892739649,13.421880674290552],[101.96033527118712,13.422744705594202],[101.95935133387998,13.423154795749612],[101.95847490155619,13.423536505031668],[101.9575595658924,13.424086914643334],[101.95687038289799,13.424835580413967],[101.95554946686657,13.426217145216475],[101.95394213917648,13.427944111006553],[101.95280530950632,13.429482655508902],[101.95167448417553,13.431182569341052],[101.950333050623,13.432541756918811],[101.94872144156224,13.433927818159459],[101.94707210505618,13.435200261874664],[101.94492273841523,13.437274510412031],[101.9437220870374,13.438695251903921],[101.94314605583621,13.43945951509877],[101.94285145693202,13.440503861019721],[101.94271407577901,13.442197794854826],[101.94260802516814,13.443052524064623],[101.94209279823355,13.443742715926335],[101.94156814617502,13.444181237910868],[101.94035486358595,13.444332039997493],[101.93954414482185,13.444625998163598],[101.93885419915776,13.445318229065814],[101.93866341765266,13.44618071863273],[101.93869738205525,13.446743704588368],[101.93864747525134,13.447427310453275],[101.93820572871036,13.44936863294277],[101.93811286716448,13.451305916439553],[101.9384509903425,13.45221642229302],[101.93894543744793,13.453271893793126],[101.93972952745209,13.454952800221747],[101.94028313400887,13.45589011869256],[101.94069024600405,13.456357289155815],[101.94109696184221,13.45674540799188],[101.94126303877866,13.457215359365309],[101.94135039365183,13.457803689280604],[101.94161881205534,13.45838982489671],[101.94194869498726,13.459093844294987],[101.94260357491422,13.460107876670325],[101.94293302665476,13.460732879183425],[101.94298099219937,13.461400649784666],[101.9427961844909,13.462701116975161],[101.94265404406352,13.464235922884065],[101.94233812723934,13.464672045067916],[101.94178112505077,13.465110954185722],[101.94046890650792,13.466187527003154],[101.93912347365577,13.46785383728402],[101.93876967936762,13.468448438904279],[101.93857657481922,13.469117887142382],[101.93850650802369,13.469945117041169],[101.93847294337141,13.470455805678348],[101.93823573872906,13.47077358634073],[101.93775599614654,13.4709756372058],[101.93699447541555,13.471101963354242],[101.93639325186049,13.471227524162376],[101.93607731527339,13.47166360651973],[101.9360019484177,13.472057364935297],[101.93616994864718,13.472684264259316],[101.93688254892439,13.47511336131609],[101.93714177217268,13.476077871437797],[101.91420323569714,13.479747992891978],[101.91193831157467,13.481764679179888],[101.90837239605374,13.485338678914054],[101.90431519998879,13.490935825761847],[101.90180414556328,13.496516193255365],[101.90082833711119,13.501068342521146],[101.89934847047844,13.506636774729641],[101.89799266747463,13.507723881363599],[101.89679508833508,13.508683848794712],[101.89379243087035,13.516287387782016],[101.88867874506434,13.519879139892847],[101.88045300406,13.521992610750186],[101.87479903550955,13.523571643192591],[101.87019449504365,13.526651436902567],[101.8671309695319,13.529209954429907],[101.86460120769063,13.533276360604127],[101.86257448264551,13.536326484715744],[101.86052416334945,13.537359319935366],[101.86045689570435,13.537428977199568],[101.8603952901405,13.537535787061113],[101.86036572838111,13.537716778042832],[101.86040710837635,13.538138578303288],[101.86044697650699,13.538481336697522],[101.8604721571827,13.538705726489441],[101.86059857709266,13.538757332033097],[101.86066232873173,13.538782573671689],[101.8606811699965,13.53886252909003],[101.86061849903072,13.538880190893364],[101.86053770096079,13.538925140582993],[101.86050294963404,13.539013589299483],[101.86055768937418,13.539101051095985],[101.86063084008607,13.539188263955282],[101.86062303372627,13.539259497082396],[101.86050621590839,13.539286805015614],[101.86037093142323,13.539262381760267],[101.86033360282991,13.539182638700614],[101.86029662008798,13.53907806710491],[101.8601789650403,13.539035387285214],[101.86005338146187,13.539053732036662],[101.85997248906884,13.539090803189913],[101.85997321760256,13.539151763988928],[101.85998338653157,13.539230672135393],[101.86013649718521,13.539246974104023],[101.86020995871422,13.539360155988152],[101.86027546476306,13.539579607905612],[101.86026527337616,13.540223236061266],[101.86023696746156,13.540509208231081],[101.86026089319081,13.540628617343996],[101.86030724715781,13.540742108608505],[101.86042097926267,13.540842435015907],[101.86211907362738,13.541378492731875],[101.86677238812162,13.542334522018781],[101.87400439569068,13.543259664551451],[101.87916741158219,13.543704888298439],[101.88382621568113,13.545165169912483],[101.88796440205549,13.546126718244063],[101.8921020404575,13.547088196315293],[101.89573003405611,13.548560159598532],[101.89833877937046,13.551053190649077],[101.89991667735352,13.553557084712372],[101.90097879683643,13.556068027786225],[101.90255617020341,13.558573007771281],[101.9041402692569,13.561581431942951],[101.90520252079216,13.564092375789869],[101.9066384651974,13.566821370683352],[101.90695162149871,13.568324926202456],[101.90690373590417,13.56842030277333],[101.90679845694612,13.568445242612487],[101.90674153070657,13.56846284982301],[101.90669402060783,13.568542424128882],[101.90669509229797,13.568630459259079],[101.90678484118135,13.56865312689828],[101.90693135730251,13.568651419708468],[101.90700435619914,13.568674282952049],[101.90706216188936,13.56872891650705],[101.90708752941467,13.568824585451775],[101.90709793370229,13.568967855641008],[101.90704975974855,13.569039557506212],[101.90693678761843,13.569097328532889],[101.9068483359023,13.569224770196131],[101.90683326307013,13.569313030369337],[101.90686742420375,13.569416477027925],[101.9069499102081,13.569510370399222],[101.90692811618098,13.569757860374329],[101.906847902016,13.569853649411289],[101.90682515936795,13.569973593047157],[101.90680266824819,13.570117210091464],[101.90684382007134,13.570179954815266],[101.90690998189035,13.57025935127845],[101.90696853497889,13.570378347247695],[101.90696959319428,13.570465272687084],[101.90690479142461,13.570497620846362],[101.90683204585292,13.570539126626496],[101.90681682569708,13.570618324745061],[101.90682589329154,13.570698386466942],[101.90687522337706,13.570721525455721],[101.90693175076461,13.570720867036323],[101.90694879989039,13.570791771981694],[101.90690178296673,13.570911997198277],[101.90689466741136,13.570992248312926],[101.90693601237234,13.571070786988642],[101.90707505451032,13.571116594218305],[101.90711602756876,13.571164654381828],[101.90710912940568,13.571259588828962],[101.90713462000018,13.571315745580646],[101.9071914375436,13.571338759636905],[101.90729712882833,13.571298017202336],[101.90733760871167,13.571305463261087],[101.90742022856499,13.571407233317794],[101.90748629606088,13.571478714391512],[101.90755148230946,13.571477953806044],[101.90762407247261,13.571420654031174],[101.9076805998602,13.571419994740495],[101.90775447012261,13.57146770816931],[101.9078619912756,13.57157706828994],[101.90791707507051,13.57145789478221],[101.90798956911397,13.571392679147483],[101.90808736241074,13.571367862743809],[101.90816930942589,13.571414296897185],[101.90827604814628,13.57150901730253],[101.90835883778117,13.571627728844897],[101.90837705651344,13.57179462261629],[101.90840187157487,13.571841722961551],[101.90847501510022,13.571832989776874],[101.9086189575481,13.571616779389668],[101.90868385543747,13.571592345485087],[101.90872495066681,13.571647173972416],[101.90887546159601,13.57244472583819],[101.90897451792409,13.572619702509272],[101.90905201827857,13.572679765761455],[101.90908719361016,13.572726782974396],[101.90909658998802,13.572929884338382],[101.9089446561274,13.573294057318472],[101.9088833479059,13.573377196257592],[101.90880060588172,13.573405242511848],[101.9087655581109,13.573371800597307],[101.90871679126906,13.573345252794205],[101.90865480841276,13.573373092097819],[101.90860707643016,13.573434616065171],[101.90857359711784,13.573529824670164],[101.90861630841633,13.573624180096528],[101.90869320330634,13.573684250953495],[101.90883908431859,13.573723169686291],[101.90890181008162,13.573756325133818],[101.90893018606479,13.573810190828494],[101.90892384485721,13.573857655781222],[101.90885465661403,13.573865270291856],[101.90875401565781,13.573842729767861],[101.90866423353675,13.573864087073773],[101.90861625541574,13.573905304101398],[101.9086588831709,13.573992854350093],[101.90876324674565,13.574032256797855],[101.90882626535948,13.574092489097753],[101.90885480753099,13.574159930708239],[101.90883520449485,13.574254977476077],[101.90886461623559,13.574396878668647],[101.90892742464362,13.574436803235807],[101.90906621076175,13.574414874021306],[101.90923065815431,13.574270673645499],[101.90934836620262,13.574269300940196],[101.90940413451375,13.574302536647851],[101.90944651523225,13.574369779977266],[101.90942649986938,13.574430980594249],[101.90938577115271,13.574499193162985],[101.90939335203539,13.574553301444533],[101.90949796354518,13.574613048101352],[101.90954693340626,13.574653096629472],[101.90952704560418,13.574727874006246],[101.90950711288635,13.574795842861187],[101.90952853231597,13.574849791275806],[101.90957775011208,13.574910184040641],[101.90970987432408,13.574956032443769],[101.90976568216112,13.57498926805523],[101.90977326214546,13.575043376224988],[101.9097190380383,13.575139974349145],[101.9096919376628,13.575187680044303],[101.90974807518155,13.575247991513793],[101.90997444524325,13.575309721074628],[101.91005150632157,13.575383329005414],[101.91006617131858,13.575450895119172],[101.91002519466691,13.575498800718666],[101.90984480846629,13.575514446159143],[101.90983175774183,13.575582335325988],[101.90988097553793,13.575642728777607],[101.91000650072584,13.575668343727852],[101.91009710929698,13.575714712421737],[101.91009768781201,13.575762133332661],[101.91002891189554,13.575803556109747],[101.90966883389201,13.575848415859294],[101.90960693278242,13.575883025788155],[101.90958708270956,13.575957764355786],[101.90965689438356,13.576004377493529],[101.90989202481593,13.575981286173517],[101.91001779883717,13.576027244394862],[101.91008077343353,13.57608070702166],[101.91009535578554,13.576141503771888],[101.91000627255374,13.576217050855236],[101.90993762779132,13.576312669627894],[101.90994908670109,13.576399473263297],[101.91001674421501,13.576508187552491],[101.9101986665348,13.576661886257183],[101.91019382641204,13.576832414292463],[101.91011141496786,13.576887573389865],[101.91007142915795,13.577016744195792],[101.91008642383667,13.577111386395471],[101.91019145036812,13.577205015632158],[101.91018601825557,13.577327012837479],[101.91026365874728,13.577448040716423],[101.91039578565422,13.577493888629148],[101.91092731611289,13.577311588438898],[101.91101104987715,13.577364771348851],[101.91105376207398,13.577459126123419],[101.91109327447174,13.577858318313588],[101.91126931641966,13.578100130715798],[101.91150291163119,13.578186597512168],[101.91162276126312,13.578171657799841],[101.91171694962068,13.578229267679644],[101.9117319029769,13.578366824036335],[101.91187949707637,13.578403463804046],[101.91192734943326,13.578494355027972],[101.91198855614513,13.578591860754807],[101.91206923743407,13.578630428526944],[101.91214211865139,13.578596836284186],[101.91231490779965,13.578522567459812],[101.91274247892542,13.578569512785283],[101.91292433566819,13.578717549161185],[101.9129919797074,13.578775468023212],[101.91301345393424,13.578880208139919],[101.91297395321457,13.578952920801061],[101.91290107199727,13.578986512120197],[101.91277420562466,13.57899365493563],[101.9124802014052,13.578971119264882],[101.91209371383061,13.579027575447151],[101.91199517044059,13.579133681144056],[101.91198253294115,13.579185805322123],[101.9120399397794,13.579253981595679],[101.91226277676709,13.5794534797756],[101.91233090140497,13.579597185388289],[101.91234545770584,13.579655725755638],[101.91230554286281,13.579694591989945],[101.91205299230046,13.579756216482734],[101.9120135742258,13.579835733736386],[101.91202104371739,13.579880781335016],[101.91227067385674,13.5801002752854],[101.91260521275674,13.580181047212749],[101.91271235751564,13.580212535691595],[101.9127601272275,13.580296658049162],[101.91280115867643,13.580349228176784],[101.91299545259427,13.580431639014828],[101.91301631596676,13.580483335040022],[101.91302429929466,13.580619825660214],[101.9130857548399,13.580737675163435],[101.91314692022927,13.580782130562364],[101.91323343517766,13.580781119398816],[101.91336037161888,13.580779635835013],[101.91341369471583,13.58079817557917],[101.91343468654739,13.580863410458671],[101.91357564569022,13.581204998255149],[101.91364348735877,13.581282078805176],[101.91368426997437,13.581360659481032],[101.91362506111568,13.58142679534394],[101.91351938869552,13.581512710814476],[101.91353369526476,13.581597224775562],[101.91361425707775,13.581629022177459],[101.91368840671623,13.581699296035936],[101.91373579194916,13.581751792504342],[101.91372347155504,13.581829847361572],[101.91362528299952,13.581961955520011],[101.91358585055184,13.582040327277367],[101.9135463821715,13.582635734536757],[101.91368222540878,13.5827967387514],[101.91373719421934,13.58295302675632],[101.91382870200405,13.583072743726307],[101.91396319417512,13.583123111054412],[101.91402392028833,13.5831811117936],[101.91408472904655,13.583245880607809],[101.91408561209046,13.583318121281735],[101.91403951055008,13.583370600801182],[101.91386671780856,13.583444871600248],[101.91382730063222,13.583478071967996],[101.91383437127182,13.583536700442611],[101.91394366929244,13.583744292959393],[101.91409223357243,13.583859976279669],[101.91415987940826,13.58391789563229],[101.91415384272958,13.583990179760798],[101.9141345199678,13.584061546148677],[101.91415559534268,13.584133549940768],[101.91421020392879,13.584210821639752],[101.91423062892343,13.584276063439161],[101.91419180822842,13.584361198123188],[101.91420600160991,13.584433283030441],[101.91424630183019,13.584472321372372],[101.9143191471149,13.584392448540695],[101.91442557591651,13.584365233984428],[101.91452588449606,13.584403571170078],[101.91481784953983,13.584778388107116],[101.91499295813813,13.584940040515011],[101.91502754058163,13.585031086406754],[101.91504811739155,13.585346925939962],[101.91503016186563,13.585530037251118],[101.91509162190245,13.585601568206581],[101.91493839985769,13.585624817508867],[101.91473935205532,13.585627146280954],[101.9146147485389,13.585584580479818],[101.91423562984461,13.585347403570207],[101.91408559951407,13.585396585508217],[101.91402858613792,13.585453705524841],[101.91401705176969,13.585596084633146],[101.91396590349402,13.585752466842774],[101.91387379743132,13.585819060773328],[101.91379826348899,13.585824458770034],[101.91364332835695,13.585800300507243],[101.91351107209263,13.585840210057325],[101.91348553388741,13.585922932458496],[101.91347514666781,13.586016760794129],[101.913627549449,13.586161736396972],[101.913646180508,13.586222485157808],[101.91360683250191,13.586261345949994],[101.91351802684956,13.586266897615964],[101.91344326725498,13.586289228269774],[101.91340875218512,13.586346085244831],[101.91338601043542,13.586654553415874],[101.91334663368323,13.586737437943709],[101.91326405515242,13.586828706678268],[101.91303072763887,13.586956772741898],[101.91286222704774,13.586955339860907],[101.91272146014441,13.58700441231845],[101.91261601050647,13.58706546560148],[101.91252714826025,13.587066504679827],[101.91245152987628,13.587015448380946],[101.91238784830577,13.586904431977954],[101.91209849017298,13.586743003569362],[101.91203675704836,13.586602589797588],[101.9120097429111,13.586564505315634],[101.91194705397902,13.586534755302559],[101.91189038645425,13.586573816874257],[101.9118685771558,13.586630526214186],[101.911893517083,13.586830079310888],[101.91188995166966,13.586915912491492],[101.91180637511057,13.586968828675523],[101.91170073233485,13.58701408710068],[101.91160453444601,13.587123605957437],[101.91153489435025,13.587184240085955],[101.91145096295661,13.587211190619939],[101.91139734880551,13.587168903645932],[101.9113503812892,13.586961728012721],[101.91134926468331,13.586870289933255],[101.91129118860019,13.586840485821654],[101.91123033223126,13.586911190357617],[101.91119193464276,13.587027912957581],[101.91113938230032,13.587072588090573],[101.9110768029627,13.587051862406435],[101.91104945824544,13.586986700829788],[101.91096849937711,13.586879253082747],[101.91088378285589,13.586841878537252],[101.91078225436416,13.586843065183297],[101.91071630454761,13.586877685732246],[101.91058027086747,13.586983155737729],[101.91047856361104,13.587019341869452],[101.91031871469443,13.5869737813266],[101.91012371020916,13.586976059441255],[101.91003562141242,13.586994031136973],[101.90997024651762,13.587072668422669],[101.9099048356902,13.58715134322877],[101.90977669281155,13.587196863571512],[101.90966504479812,13.587128173535147],[101.90962909332217,13.587064260619867],[101.90964158349786,13.587003147087437],[101.9096939301261,13.586941569009843],[101.90968795273621,13.586829876734058],[101.90967372971029,13.586752133500298],[101.90961164624269,13.586722374778992],[101.90947918246752,13.586745377735649],[101.90932421948777,13.586768607715848],[101.90917290187143,13.586709407236691],[101.90903051171236,13.586628682938185],[101.90889793385116,13.586639257107745],[101.90880004084137,13.586609916623921],[101.90870954006809,13.586476608689953],[101.90862445074606,13.58640875494898],[101.90850509159425,13.586414661121534],[101.9082371358231,13.586494553355026],[101.90799084292505,13.586313416170793],[101.90780362773162,13.586340424433509],[101.90770241634517,13.586417260570872],[101.90764177018204,13.586412307908219],[101.90759561653935,13.586367712983167],[101.90753972066743,13.586373988510903],[101.90751543561205,13.586463466498738],[101.90746556114748,13.586538555369026],[101.90739068387361,13.586644420201241],[101.90736705997824,13.586788088275599],[101.90742897276596,13.586896869403258],[101.90742015580145,13.586977140432392],[101.90733919333982,13.587011934723655],[101.90669443383287,13.587044318173133],[101.90662874452772,13.587100391729178],[101.90651774150467,13.587131061124369],[101.90644085559784,13.587121784514661],[101.9062894858792,13.586962105224535],[101.9062581652185,13.586902649826374],[101.9062422443767,13.586828291919701],[101.90623910656144,13.586570918800119],[101.90621233047777,13.586456102994427],[101.90609982726821,13.586413391521482],[101.90590656281967,13.586415646065721],[101.90578503693139,13.586436225984846],[101.90573519839941,13.586511315736923],[101.90569160405701,13.586676671851293],[101.90564233326032,13.58680143826474],[101.90555100963022,13.586836353953208],[101.90541895818176,13.586843553288622],[101.90499101964504,13.586724352523424],[101.90488473547218,13.586760588465687],[101.90483479183732,13.586830054861965],[101.90474335771447,13.586855945400721],[101.90462141860115,13.586842679239551],[101.90453908081882,13.586764619047003],[101.90450455766414,13.586628436702378],[101.90446787675617,13.586554318833324],[101.90437628183484,13.586520389793463],[101.90425899419809,13.586507070349683],[101.90415311606375,13.586533165247182],[101.90402760165563,13.586698330120651],[101.90396750526145,13.586738540765397],[101.90385972629197,13.586655116614782],[101.90380239042065,13.586546279492859],[101.90379069525397,13.586436911429111],[101.9038832675423,13.586079053372137],[101.90387723445686,13.586009130083175],[101.90383560832322,13.585954308408033],[101.90375462250539,13.585940565440509],[101.90324637817555,13.586378883544667],[101.90316093940888,13.586425049313819],[101.90306686873063,13.586423889734153],[101.90302476289665,13.586329561228792],[101.90296315373951,13.586245599056577],[101.90289648796565,13.586221515056851],[101.90279011126633,13.586253237618527],[101.90268851270601,13.586248798381137],[101.90263700061269,13.586189541015571],[101.90258240999283,13.585877459022907],[101.90250529142234,13.58579933651678],[101.90242863997577,13.585759571907705],[101.90238832448415,13.585765701630482],[101.90235863965559,13.585840554963291],[101.9022728128167,13.585901376280299],[101.90217133732557,13.585907071156125],[101.90205349363166,13.585804599171102],[101.9019780360461,13.58567336895322],[101.90187062897917,13.585620422791914],[101.90176375730812,13.585611531195651],[101.90166771033626,13.585637472511937],[101.90158193829463,13.585702805602718],[101.90150150853397,13.585778287644828],[101.90122225375318,13.585781539366481],[101.90113566065135,13.585732863079556],[101.90106808937568,13.585634318584503],[101.9010104911963,13.585500623282856],[101.90095776997062,13.585342048348551],[101.90089635484954,13.585273879064264],[101.90077342399618,13.585225625293113],[101.90071678701415,13.585170977199974],[101.90057220855907,13.584953650816688],[101.90050062810228,13.584904799723182],[101.90022978155255,13.584793933392602],[101.90015278784784,13.584725944699752],[101.9000466492021,13.584540910888782],[101.89998447410633,13.58445695244909],[101.89992292154307,13.584427185581045],[101.89985704089678,13.584417778761006],[101.8998054740062,13.584354044991169],[101.89976223000671,13.584165984428187],[101.89971536400004,13.584062684783397],[101.89965361560402,13.584013719118932],[101.8995112380214,13.583980379116337],[101.89931222435503,13.583892388974856],[101.89915777970319,13.583765443301649],[101.89905982920125,13.583637915144255],[101.89903335854477,13.583547880742511],[101.89903131397918,13.583379688948941],[101.89901545062956,13.583309879251695],[101.89895893851336,13.583265365822951],[101.89858651047128,13.583151165761565],[101.89845444554813,13.583157215218323],[101.89840408778991,13.583192797686927],[101.89834872821223,13.583243125696011],[101.89824260214289,13.583248873027033],[101.89817582767283,13.583215762565652],[101.89812941351873,13.583146308208285],[101.89808324370642,13.583097160731127],[101.89799104601556,13.583063235562497],[101.89778531384916,13.583038547865286],[101.89769315388754,13.583004621815071],[101.89763653127856,13.582951082161662],[101.89759981892952,13.582827317018241],[101.89748134192332,13.582719189790042],[101.89736492565243,13.582730716785351],[101.89731465952237,13.58277077442137],[101.89728497469382,13.582845664500413],[101.89725709817391,13.583069512924052],[101.89727879967454,13.5831934534521],[101.89728536546095,13.583307431703155],[101.89722507053906,13.583378091013703],[101.89701709617775,13.58340536942603],[101.89697119226673,13.583381042391379],[101.8969502723004,13.583321463848783],[101.89692905139844,13.58323702996241],[101.89688171287793,13.583138247795716],[101.89680048092173,13.583104195147262],[101.89670350958345,13.583100808917687],[101.89665315182523,13.583136391394724],[101.89662346520005,13.583211244684366],[101.89659942268976,13.583321029000727],[101.89662617990884,13.583434737375203],[101.89672921936688,13.583508046773986],[101.89683605780024,13.583561003885217],[101.89687255635023,13.58362043654526],[101.89686318602351,13.583705189881737],[101.89674311360936,13.583845465659497],[101.89661802051111,13.583995935805573],[101.89647182419019,13.584077803127839],[101.89634971349867,13.584093909917888],[101.89627320129098,13.584065461515316],[101.89616583644487,13.584015878508698],[101.89593214780854,13.584018594118142],[101.89571952107235,13.584045925721162],[101.89545906713214,13.584170889112555],[101.89533803352064,13.584232116015972],[101.89529855346224,13.584307082473808],[101.89524585110112,13.584576390114011],[101.8952016324296,13.584690959718969],[101.89512551098906,13.58474149173504],[101.89506439860028,13.584698177456399],[101.89500637821268,13.584529488763588],[101.89484311839297,13.58448625041326],[101.89472675512265,13.58450228906719],[101.89463052669106,13.584563228607403],[101.89462724245041,13.584672772172262],[101.8945566717,13.584753760838154],[101.89442572068779,13.584804966065262],[101.89423786769049,13.584826311032785],[101.89379621098105,13.584670031247983],[101.89367335109461,13.58457771211496],[101.8936013475313,13.584493903876046],[101.89348922700408,13.584479409011974],[101.89306842558227,13.584564425743071],[101.89296788433903,13.584650275461248],[101.89275091155353,13.584746502935955],[101.89249706472222,13.584799134073192],[101.89220808478015,13.584808111271883],[101.89200848092067,13.58472127054733],[101.89175830999548,13.58459994338487],[101.89171664882757,13.584545119637482],[101.89170630742201,13.584500105232674],[101.89174110186792,13.584465813527203],[101.89181725924109,13.584464929864334],[101.89191920275447,13.58444794991475],[101.89202534499351,13.584446717851094],[101.89208581688348,13.584387305481412],[101.89206465167707,13.584307382849552],[101.89191173505952,13.584259472043566],[101.89183493898419,13.584210715984295],[101.891818524069,13.584142020716847],[101.8918118244336,13.58401675955368],[101.89178423267967,13.583834212899042],[101.8917279873631,13.583764832943753],[101.89170646462721,13.583705261483122],[101.89173627611822,13.583640581859502],[101.89180191242278,13.583579960795761],[101.89186650398663,13.583479879467781],[101.89188070006306,13.58336565855314],[101.89183838312499,13.583256644410232],[101.89177177574162,13.583187421460035],[101.89146933634166,13.58318416184413],[101.89133763972771,13.583220687353048],[101.8911799171234,13.583206719817486],[101.89104226018759,13.583178942791154],[101.89097043538906,13.583109780068336],[101.89095421900153,13.583010637221166],[101.89094279422774,13.582926087089783],[101.89086562445328,13.582843410795368],[101.89071168285797,13.582710866532388],[101.89048280649664,13.582683037056496],[101.89033475066309,13.582655378722841],[101.89030428609685,13.582616222200949],[101.89028773643436,13.582536282381524],[101.89034166140254,13.582367439342132],[101.89032604688627,13.582317935440974],[101.89026971353482,13.582288104561368],[101.89013773305327,13.58230428656754],[101.89004666813797,13.582360686945323],[101.88995637218056,13.582430581621594],[101.88989525799516,13.582436950685093],[101.88979318153112,13.582392963627397],[101.88973649244677,13.582333799603058],[101.88965743082031,13.582288435501402],[101.88954080164865,13.582329298295615],[101.88927443948882,13.582541261320928],[101.88919011373478,13.582726253905879],[101.88913733591522,13.582989939124067],[101.88900786802151,13.583210451828519],[101.88890857363991,13.583255627144943],[101.88878305114694,13.583277392255837],[101.88865841349454,13.583328522707559],[101.88848691971691,13.58341408210137],[101.88834324137372,13.583510566795066],[101.88688067719168,13.584489430551532],[101.88432648207298,13.586537662108933],[101.88233634720599,13.592615593108377],[101.88086199443248,13.598687554904739],[101.87728808210888,13.601756901381629],[101.87268229657802,13.604838127767323],[101.86705672646862,13.608939255588034],[101.86553391317875,13.61097551875233],[101.86512740574975,13.62006321277762],[101.86418673040841,13.627643045673334],[101.86114639310911,13.632220146105233],[101.85704361742496,13.634284954084444],[101.84262871498005,13.63697378756453],[101.83954554510964,13.638018405327653],[101.83532985568587,13.643996376606404],[101.83525773713822,13.644096536220291],[101.83520964942274,13.644178404571615],[101.83515919913809,13.644303179070631],[101.83504103025403,13.644367719023652],[101.83487593427787,13.644414778740202],[101.83480369355932,13.644504802202391],[101.8346881396711,13.644785003980736],[101.83445949148181,13.6448768133814],[101.83431244894791,13.644842347104722],[101.83412012323885,13.644880689331336],[101.8339924816201,13.644972456792644],[101.83391230518438,13.645170971612867],[101.833968000732,13.645241443094308],[101.83411535767624,13.645257851256646],[101.83415271591396,13.645338707444497],[101.83378958363848,13.645674788948302],[101.83389336690155,13.645907311873973],[101.83368603303903,13.646187450880255],[101.83365046604199,13.646304137248956],[101.8335411051393,13.646377641041727],[101.8335153719997,13.646494215578056],[101.83357179877592,13.64662909069089],[101.83348152976797,13.646755429102191],[101.8331699266538,13.646813187273791],[101.83285065552036,13.646951167301841],[101.83280553494028,13.647040881643909],[101.83282528709672,13.647149057169035],[101.83293679137967,13.647255037168014],[101.83302146927331,13.64743357866749],[101.83312389158873,13.647548727151886],[101.83325558011782,13.647798986594104],[101.83331439012451,13.648130249403794],[101.83330231137721,13.648278300748938],[101.83320160214903,13.648306569458772],[101.83309031346172,13.648218640779321],[101.83297227483342,13.648291096436887],[101.83307659978061,13.648568786612877],[101.83305888140995,13.648631106366015],[101.83295914236224,13.648740608042193],[101.83292296540914,13.648803139003155],[101.83303448316681,13.648910229520473],[101.83306305947433,13.648981048190944],[101.83301784457115,13.649062845885041],[101.83305608136119,13.64916966305246],[101.83302063473839,13.649296522124862],[101.83313131526624,13.64933025796876],[101.83336099472146,13.649327634768335],[101.83352693062244,13.649398030808127],[101.83360110002386,13.649469401033217],[101.83356535516037,13.649568073445929],[101.83348389772705,13.649659312699162],[101.83355872918686,13.649738630125002],[101.83380612252117,13.649717749310252],[101.83384333613013,13.649789579479858],[101.83389992460312,13.649887159706759],[101.83405695460637,13.649984702356729],[101.83414978650784,13.650072839884261],[101.83414441368413,13.650395809178274],[101.8341739359176,13.650549045242702],[101.83431377575955,13.650752927444211],[101.83419629049347,13.650871697007769],[101.83417972106804,13.651033339165183],[101.83413453041936,13.651113991725195],[101.83402456225554,13.651089276212353],[101.83385704891292,13.650937652817658],[101.83376486469679,13.650903707698147],[101.83361824976095,13.65090538199596],[101.83357330345403,13.650958948170588],[101.83348250803331,13.651041303859861],[101.83339095712945,13.651060404635201],[101.8333346776769,13.650988793087279],[101.83327887253481,13.650909258719826],[101.83315898697028,13.650874519221237],[101.83302214031482,13.650921217989156],[101.83296811204038,13.651038115014034],[101.83322999609852,13.651457405533675],[101.83346132036904,13.651589135236691],[101.83362810607626,13.65173059199612],[101.83370388166543,13.651936353479748],[101.8338391086584,13.65219112221307],[101.83397714019171,13.65233856781248],[101.83412158389949,13.652398998413817],[101.83427402890153,13.652451456496465],[101.8344266769228,13.65252085646005],[101.83449926978091,13.652605821674024],[101.83454924665344,13.652776878966057],[101.83455101363958,13.652924734477311],[101.83452101979057,13.653074136730311],[101.83464097362709,13.653111168222388],[101.83476197939081,13.653188811079],[101.83488291957751,13.653311625449046],[101.83492485383329,13.653436454477665],[101.83497423961434,13.65356123455615],[101.83498321378404,13.65368533019223],[101.8348965191726,13.653772115916251],[101.83484975018395,13.653866363400798],[101.83489867782421,13.653952746638348],[101.83495578103188,13.654045769333054],[101.83493371840851,13.654178136573384],[101.83498253735263,13.654255494504547],[101.83506295633349,13.654317801407377],[101.83509608260792,13.654433704231739],[101.83508153798513,13.65452081266298],[101.83505077427991,13.654653242487338],[101.83511606742803,13.654754125596996],[101.83523679112075,13.654808092443121],[101.83533334833569,13.654869068862642],[101.83535843199337,13.654986209222775],[101.83543149916196,13.655063289299079],[101.83551950261877,13.655085960880577],[101.835662961773,13.655060643466349],[101.83582365510595,13.655128803110463],[101.83594761542865,13.655162384485697],[101.83601938722659,13.655131077949809],[101.83611313720628,13.654957231625813],[101.83619215212033,13.65490216580174],[101.83626476114813,13.654940847707],[101.83633866464824,13.655135308138348],[101.83662573297539,13.655100429594357],[101.83664562437072,13.655412934390647],[101.83669494277814,13.65552865074438],[101.8367128776428,13.655677504898929],[101.83665922935569,13.655873423373894],[101.83674056731309,13.656012525043113],[101.83685319628681,13.656066546595262],[101.8370118755969,13.655963101151912],[101.83723515006413,13.655952667130697],[101.83745749118181,13.655864291746921],[101.83753884351225,13.65595707276157],[101.83759771819764,13.65619802406902],[101.83763133225726,13.656354578694685],[101.83773551257572,13.656375954740032],[101.83793343209406,13.656225814342719],[101.83798200759475,13.656279457871859],[101.83797476358028,13.656350647939314],[101.83815248537776,13.656536039330302],[101.83854753659196,13.656843139738307],[101.8387481133269,13.656911950936324],[101.83880539529932,13.657019695078608],[101.83877496936063,13.657129553375128],[101.83877646954716,13.657254880563721],[101.83885772845282,13.657387175296693],[101.8389718450366,13.657565375673995],[101.83897981578811,13.657990929962695],[101.83902543223826,13.658426226922526],[101.83892928285846,13.658639614423564],[101.839067799482,13.658928154905023],[101.83868816784967,13.659236243821624],[101.83856362452038,13.659343775658066],[101.83841039439078,13.659371501838665],[101.83817556669065,13.659286137524415],[101.83805192706656,13.659516746713425],[101.8381989830752,13.659744257731052],[101.8382611500861,13.659827083467697],[101.83831804039305,13.6599020905554],[101.838409853605,13.660050061187341],[101.83832997361328,13.6601751738347],[101.83820563240492,13.660299684984409],[101.83798157370843,13.660390302069802],[101.83793904836121,13.660601928019712],[101.83782211196571,13.660621321316265],[101.83764112209724,13.660596310885536],[101.83766096049197,13.660711218132976],[101.83770819121466,13.660895844924342],[101.83772819220444,13.661071756519943],[101.83775647745782,13.661168549086154],[101.83766781194264,13.661283587862711],[101.83769521864365,13.661354380995236],[101.83788507398567,13.661396270624518],[101.83793134530762,13.661500737596029],[101.83790527709643,13.661589088171732],[101.83773504365513,13.661644088712491],[101.83754549913017,13.661628204556932],[101.83739353113356,13.661565607164372],[101.8372513359089,13.661504007480113],[101.83710696676128,13.661497742675477],[101.83703615526237,13.661612576159952],[101.83691974527967,13.661676026362882],[101.83685798610389,13.66177270171247],[101.83684157927354,13.661897087193873],[101.83698954347892,13.662203613235329],[101.83699186742058,13.662397781366503],[101.83702062518776,13.662581473710851],[101.83713011275289,13.662660391368652],[101.83706912612828,13.66287223001275],[101.8369549583405,13.663075648527656],[101.83694721486276,13.663199934684457],[101.8369842568935,13.663304506476694],[101.83717474914107,13.663399405693726],[101.83722092613993,13.66349599304719],[101.83719527654361,13.663619337131493],[101.83719643896359,13.663716440274033],[101.83726921238308,13.66376866015802],[101.83731591759134,13.663909267270828],[101.83725490132228,13.66406801558737],[101.83719326252076,13.664174864365229],[101.83707638182081,13.664202174481899],[101.83686793853894,13.664099526065858],[101.83675105783898,13.664126836191242],[101.83668046193576,13.664259758167214],[101.83670008293819,13.66440067660854],[101.83691738720206,13.664469297056533],[101.83718824902314,13.66452716611129],[101.83727130725431,13.664667357276628],[101.8372908896292,13.664808275474234],[101.83713040829865,13.664951217813506],[101.8371041927637,13.665030542316105],[101.83721320961163,13.665117383220283],[101.83730429608649,13.665204392559536],[101.83728893040356,13.665415707804216],[101.83737235155409,13.665582976210194],[101.83742771921663,13.665723483604571],[101.83733013522733,13.665820571041076],[101.8372864986641,13.665936240387722],[101.83734144771172,13.666041717891645],[101.83754961880406,13.66611835878459],[101.83768638371282,13.666355050515456],[101.83771646469843,13.666503728494781],[101.83770158590238,13.666708268145745],[101.83765023281083,13.666997873264949],[101.83774128335307,13.667274564659621],[101.83773288230856,13.66748920371306],[101.83764669794019,13.66761890200149],[101.83747229092607,13.667663814164479],[101.83731963661658,13.667740073955413],[101.8373653159488,13.667889719953742],[101.83754096892621,13.667952045947725],[101.83777079570511,13.667906497512762],[101.83792425131186,13.667947656252817],[101.83793662829983,13.668064941994325],[101.83801419063808,13.668128389587178],[101.83812462772248,13.668191499360137],[101.83832093745986,13.668146334163819],[101.83851798830729,13.668112482300996],[101.83861700870276,13.668185858839202],[101.83865193699762,13.668357048850922],[101.83865488616669,13.668603189811483],[101.83871217263069,13.668805755819493],[101.83862598916068,13.66893541672251],[101.83844074576928,13.668991738823332],[101.83795189426976,13.669339446429674],[101.83790963572217,13.669522840951259],[101.83780509787425,13.669614346563533],[101.83764900032229,13.669643253401919],[101.83737447606975,13.669570739713466],[101.83729874809133,13.669657439285116],[101.83720556764352,13.670119150387237],[101.83704225122992,13.670174072997549],[101.83684511594082,13.670197788821483],[101.83661486425879,13.670157509452686],[101.83658298035439,13.67024370690943],[101.83665030639,13.670371609939073],[101.83686331311353,13.67046628722027],[101.8371571780941,13.670611980893433],[101.83727904624051,13.670760717287017],[101.83729130105762,13.670867830126701],[101.83719324006286,13.670922042923007],[101.83699718454874,13.670988625077594],[101.83695470771055,13.671106538640496],[101.83704654427864,13.671448704807574],[101.83705917818483,13.671587444647987],[101.83697325073463,13.671738598254045],[101.8368107032789,13.671857887071768],[101.83662415733038,13.671849848887167],[101.83648234927962,13.671915846835079],[101.83639720605869,13.672088412383699],[101.83632237010733,13.672249612291319],[101.83620236686345,13.672304039493179],[101.8360054175256,13.672296120032781],[101.83590735563257,13.67235033337318],[101.83589780384614,13.672468979456434],[101.83591030210668,13.672596436992539],[101.836009512945,13.672638180601513],[101.83608755408531,13.672744540183421],[101.83603696905335,13.673098511110812],[101.83606005934941,13.673194253054152],[101.83615854434893,13.673225867927705],[101.83619286178941,13.673342864744344],[101.83609653005163,13.673494137677931],[101.83595612427104,13.67367750888908],[101.83589124524627,13.673753909881349],[101.83574960967204,13.673787163027983],[101.83565193944446,13.673874076642681],[101.83564482029583,13.674195917895739],[101.83570120125802,13.674322873479783],[101.83576775923407,13.674386486101847],[101.83594175392143,13.674309944785517],[101.83620312324493,13.67419969909559],[101.83631267009886,13.674188270829152],[101.83643406573142,13.674250108104662],[101.83646826369596,13.674357006381481],[101.83651248416415,13.674432120569048],[101.83659001236644,13.674495607470895],[101.83672059506938,13.674408316140521],[101.83679812237335,13.674471765516151],[101.83701197800482,13.674971730321587],[101.83731157333861,13.675257352071819],[101.83761991646662,13.675458188481484],[101.83768726855337,13.675584980162434],[101.83766700525551,13.675725207516797],[101.83762658555931,13.676014724739526],[101.83763961202922,13.676186165677825],[101.8377941797503,13.67626907902917],[101.83794692119633,13.676247017858925],[101.83824099907764,13.67607202098954],[101.83841575194313,13.67605873452432],[101.83846131359601,13.676198207457867],[101.83841909457429,13.676337575567356],[101.838311224875,13.676488980995295],[101.83822624245248,13.676671719680996],[101.83817356704085,13.676854086393615],[101.83830666861986,13.677024188652961],[101.8384839628193,13.677172324845674],[101.83865974515409,13.677244821355302],[101.83863977919859,13.677362476916098],[101.83850936897215,13.67746105124067],[101.83840200232939,13.67765762281857],[101.83838104822709,13.677740291256542],[101.83843573227166,13.677870632419827],[101.83859289253064,13.677929801331368],[101.83904601264143,13.677970889365557],[101.83928129219412,13.678044959357823],[101.83936650728027,13.678313834604287],[101.83943318383395,13.679731145373301],[101.83943650580383,13.679768362953856],[101.83954679197129,13.680925495096497],[101.84113921930577,13.684929996830085],[101.84122405081131,13.691993452300581],[101.83975512745535,13.698570048871723],[101.83772310684164,13.702012110866354],[101.83722309916462,13.702636579209367],[101.83661710286044,13.70289866168623],[101.83512265926558,13.703321139636454],[101.83337383434181,13.703808643192307],[101.83219885411985,13.70429067102941],[101.82781390952012,13.707073159513255],[101.82699402524514,13.70750704089593],[101.82606774630455,13.707787489748185],[101.8249313801651,13.707834371845719],[101.82348236706906,13.707614965224334],[101.82155210042423,13.707468786538882],[101.81922878490995,13.707579949583168],[101.81759340642679,13.707614398823127],[101.81582343156799,13.7078875218674],[101.81417534282187,13.708310489173288],[101.81276518904841,13.708494769676815],[101.81125307379527,13.708747945570021],[101.81001355860332,13.708762043568106],[101.80894083540679,13.708336154314429],[101.80800291160517,13.707640016912936],[101.80685415679962,13.706642557931634],[101.80619524613196,13.706245843833139],[101.80543697820065,13.706187820090973],[101.80454433847251,13.706432810484733],[101.80341412130116,13.706951461486186],[101.80050618309831,13.708600112902133],[101.79852393454121,13.709869092466413],[101.79780810032898,13.710516258530081],[101.7973034950743,13.711498597860638],[101.79639534413613,13.713360572690577],[101.79578816744572,13.714898482990716],[101.79257282575263,13.723714601599477],[101.79229156144054,13.725517538151589],[101.79218975806434,13.726770840588504],[101.79180504556075,13.727885087717491],[101.7917693069855,13.728523406033171],[101.79195115115184,13.72920107122545],[101.79243878094256,13.730002844809514],[101.7927954318733,13.730763180817943],[101.79288909561471,13.731357154167357],[101.79278731739133,13.731979313111294],[101.792417558244,13.732256725611592],[101.79185635283821,13.732219050356813],[101.79128756026157,13.731927394602994],[101.79103821937974,13.731839867176458],[101.79076619334202,13.731933292768121],[101.79055309768529,13.73227667410414],[101.79025886798867,13.733129100577184],[101.78962755715985,13.734878391523672],[101.78890416542109,13.73616129304212],[101.78883202172062,13.737436868017365],[101.78910457057783,13.738410417351274],[101.78968034755583,13.739338801528215],[101.79047232297155,13.740137131159502],[101.79148442605607,13.741188139966569],[101.79210562904137,13.742243569888059],[101.79246935779823,13.743598855632847],[101.7926169689657,13.745042424817273],[101.79254740612504,13.746530222518505],[101.79220477340432,13.748806908817212],[101.79226730602957,13.750377897875484],[101.79263005382613,13.751648504712552],[101.79276451006459,13.752029722066716],[101.79272727040448,13.752540527375343],[101.79249753076216,13.753328960818001],[101.79170499928925,13.756774841173728],[101.79114934277699,13.759689675201608],[101.79095563815397,13.760644819327881],[101.7908077107795,13.761173749218029],[101.79035789557066,13.762156622274427],[101.790287603298,13.762708425455628],[101.79034558326138,13.763259886179105],[101.79045639045167,13.763985744821687],[101.79079584403462,13.764458390657039],[101.79117866917777,13.764694535659421],[101.79172962570448,13.764739086354739],[101.79224195197899,13.764886853080251],[101.79248160812374,13.765178821155633],[101.79243607521693,13.765768710239213],[101.79240165536851,13.766178960083467],[101.7923826874413,13.766819344836515],[101.7921500704951,13.768191563180924],[101.7919937717205,13.768257711158833],[101.79177157163834,13.768272626603032],[101.79109451051039,13.768115479982885],[101.7910286370506,13.768159106917571],[101.79105211272392,13.768628564048756],[101.79117598141846,13.768894725855375],[101.79171530206726,13.769080552782576],[101.79191377045625,13.769205906608315],[101.79212478112322,13.769370593506247],[101.79220802081406,13.769715171103092],[101.79217243135916,13.77007463560142],[101.79203153420008,13.770318976391593],[101.7917454621046,13.770501734494466],[101.79144446809391,13.770543551429691],[101.79111887910909,13.770700784539793],[101.79073191722404,13.771191803707998],[101.79057975159806,13.77165418757536],[101.79033688128123,13.772118746515558],[101.78968949599867,13.772804661410571],[101.78933801038083,13.772974618204668],[101.78918261890468,13.773117526090402],[101.78915756309476,13.773245378292758],[101.78925378793305,13.77361574427729],[101.78924278087588,13.773807850199223],[101.7891153243101,13.77406557793625],[101.78844174505218,13.774739394557368],[101.78813003324184,13.774947265240554],[101.78785697773482,13.775155845063148],[101.78755685239506,13.775223621730554],[101.78657351875582,13.776271255279406],[101.78605585289525,13.776840519944885],[101.78511988742095,13.777452925948239],[101.78451077845433,13.778010829960632],[101.78382115169218,13.778402525409389],[101.78281027390969,13.779322854273882],[101.78234179709912,13.779610448121204],[101.78144751525065,13.780426711577407],[101.7811484454313,13.780635579654296],[101.78096567779684,13.780663618680068],[101.78042798938689,13.780617754481822],[101.77996683564254,13.780405085962002],[101.77954803926048,13.780448187128048],[101.77929850613913,13.780400208921744],[101.77913972621774,13.780260855523579],[101.77902037964236,13.7800341488078],[101.77878287675932,13.779975859789154],[101.77810424717288,13.780175472353298],[101.7778989129602,13.780247791329071],[101.77773361935465,13.780239483778294],[101.77760869783461,13.780130233612377],[101.77730501696294,13.779750919529183],[101.77708856609857,13.779763537924197],[101.77675020756199,13.779918643009065],[101.77602958712592,13.780037439724561],[101.77565837180948,13.780051767251916],[101.77504127322672,13.780179565930219],[101.77475451302173,13.780354436279925],[101.77433641732556,13.780752072719546],[101.77408262978305,13.781077855676996],[101.77399288449293,13.781350950660876],[101.77397801288339,13.781854700091175],[101.77409500138116,13.782125502236569],[101.77419994616591,13.782306089172808],[101.77417091081932,13.782437390378661],[101.77406933112358,13.78258985888961],[101.77384431212809,13.783640183183651],[101.77367242668501,13.783904069132969],[101.77360175622158,13.784035840560511],[101.77342668984407,13.784078476043772],[101.77337589011475,13.784129847302056],[101.77336630778564,13.784199956025791],[101.77349239262395,13.784410791577406],[101.77350505437791,13.784601484863661],[101.77344479269367,13.784733138990489],[101.77332157348111,13.784765014523069],[101.77304282894339,13.784737672198196],[101.77275407358016,13.784740929023442],[101.77261003680916,13.784773040114237],[101.77254953437648,13.784884383712543],[101.77243623885286,13.784926285317924],[101.77208555453221,13.784920101455263],[101.77191165416794,13.785013484918137],[101.7718308372334,13.785164571546943],[101.77179162577126,13.785367134629338],[101.77169971464296,13.785408831997296],[101.77160766247916,13.785490008098543],[101.77158830917469,13.785611061596256],[101.77160407370963,13.786064777186491],[101.77141267236696,13.786439507709307],[101.77087061544981,13.786858887056638],[101.77068570533339,13.786901632823609],[101.77052004791018,13.786862838309691],[101.77031337430937,13.786825653430135],[101.77001587294852,13.786970154631137],[101.76984445912097,13.787274657270636],[101.76944854911739,13.787792874523729],[101.76939820663054,13.787934553687924],[101.76942341874731,13.788306878541963],[101.76935298543916,13.788458994249577],[101.76885442045646,13.789039304656834],[101.76882453710022,13.789150303357596],[101.76890890956665,13.789300638769141],[101.76898169017264,13.789350617361345],[101.76900345365702,13.789430547142723],[101.76896372835854,13.789541657327753],[101.76887132854674,13.789593496748013],[101.76886428665321,13.789875834687834],[101.76872202944485,13.790059246639597],[101.76849638162859,13.790172450337002],[101.76829278026608,13.79039603005176],[101.76825559540323,13.790719369866883],[101.76827747207534,13.790860271674633],[101.76838238721568,13.790990064021045],[101.76839398087272,13.791090420911226],[101.76834436332635,13.791242265228091],[101.76822101295973,13.791314803243015],[101.76811725215452,13.791234685664616],[101.76803431429761,13.79120624310635],[101.76794166116089,13.791236663435166],[101.76775876955892,13.791450982299635],[101.76772924373216,13.791592426308615],[101.76779212041217,13.791682068800835],[101.76790685863013,13.791762061470239],[101.76800118083668,13.7919213487948],[101.76814710317142,13.792051789627571],[101.76824128793568,13.792151252709205],[101.76822133186164,13.792221441031167],[101.76810859958168,13.792263371854231],[101.76797388732339,13.792203915981114],[101.76777725868408,13.792136130282522],[101.76764364416704,13.792217810044692],[101.76762521522899,13.792369303790398],[101.76775082216361,13.792539523776298],[101.76781381742123,13.79263930246333],[101.76773206534047,13.792711370686437],[101.76736151477736,13.792735855800851],[101.76710249365001,13.792667625326521],[101.76698964099582,13.792699382872595],[101.7669696858201,13.792769607671016],[101.76719986204364,13.79304024797522],[101.76725343038069,13.793220307385653],[101.7674434896403,13.793517409078651],[101.76741983520222,13.793665594680352],[101.76730836595357,13.793814731985004],[101.76727654043968,13.793908807198827],[101.76561622741916,13.796394584026718],[101.76454547243145,13.797588806933017],[101.76312023235111,13.798849097611741],[101.76204393655469,13.79957479158659],[101.76007688479727,13.800841198272368],[101.75976647105252,13.801216151081022],[101.75958008769908,13.801675546051483],[101.75935141166201,13.802073296220817],[101.75888989679491,13.802618178776589],[101.75836413262205,13.803101698211359],[101.75768990478051,13.803586884617674],[101.75735192263799,13.803778114445869],[101.75676332580261,13.804324458597696],[101.75632271024058,13.804828441090862],[101.7554041729811,13.806251282549425],[101.75496406676383,13.806795919805795],[101.75456397869586,13.807112048660182],[101.75416193948708,13.807262222452314],[101.75346317326523,13.807477808086293],[101.7531035021985,13.807647817277941],[101.75280946653803,13.807942442298453],[101.75253871251476,13.808401634716905],[101.75201950873843,13.809446230134254],[101.75143605206307,13.810429461823343],[101.75084954740396,13.811204942753552],[101.75038738305491,13.811645967474364],[101.74992315347899,13.811962809431819],[101.74926832385772,13.812281749805745],[101.74852703588189,13.812518149142837],[101.74801893797741,13.812690963584339],[101.7474484439916,13.813008992242814],[101.7471006342799,13.813203687981584],[101.74700179175088,13.813246565877765],[101.74689577258104,13.81327146930181],[101.74680029514106,13.813258995781723],[101.74672141407598,13.813183106972458],[101.74666025227985,13.813091182862609],[101.74660717801622,13.812949517232807],[101.74659063823522,13.812769036885721],[101.74650692603049,13.81262656589254],[101.74635894385882,13.812520962432663],[101.74632130804169,13.812414124566217],[101.74634790536062,13.812315595676912],[101.74648312157382,13.812171821131743],[101.74665520284964,13.812017460654586],[101.74676306536243,13.811855938160555],[101.74676138551285,13.811712549778857],[101.7466956845296,13.811578905363081],[101.74659360537061,13.811445667382005],[101.74660128237304,13.81131238570765],[101.74667292571188,13.811213315500039],[101.74680154559593,13.811146387605097],[101.74692854491924,13.811138195431219],[101.74707351324314,13.811038341785142],[101.74712641772516,13.810868406598512],[101.74709730781838,13.810752408357029],[101.74698631018526,13.810646389684068],[101.74679384793227,13.810586460451644],[101.74658356490067,13.810588814038878],[101.74637436613561,13.810680358793396],[101.74628235709093,13.810618157983221],[101.74624402418117,13.810503408815913],[101.7462887243497,13.81042162205196],[101.74645199225426,13.810303471510013],[101.74654205464969,13.810151174640344],[101.74648590904614,13.810044544178544],[101.74636599293883,13.809965709277504],[101.74617207990669,13.809833498872516],[101.7460160524233,13.809781078604271],[101.74589618751999,13.809658177799408],[101.74587593051035,13.809506006126371],[101.74591662509103,13.8090855028988],[101.74588739391167,13.808907422015496],[101.74577671518045,13.8088285195588],[101.74556583746416,13.808776675689199],[101.74533486712988,13.808835719077592],[101.74512809471442,13.808888831333164],[101.74502697046455,13.808836905475925],[101.74497985113297,13.808712080636681],[101.74495813885252,13.808435682665149],[101.74492091536209,13.808363840005555],[101.74482929259301,13.808382957631245],[101.74451125304982,13.808555857139849],[101.74439197205146,13.808531217534888],[101.74435464255981,13.808450347794478],[101.74434677691119,13.80832171754172],[101.74435831846597,13.808123976697569],[101.74423534179851,13.807980834641244],[101.74413611389224,13.807744818028299],[101.74404170634578,13.807674760868659],[101.74384286246099,13.807616009425555],[101.74352964956582,13.807557388821145],[101.74337297529544,13.807498165403523],[101.74312227885584,13.807450167459663],[101.74306911565901,13.807349163339198],[101.74307818055857,13.807237250342308],[101.743024422677,13.807085452203053],[101.7428349212712,13.806935134357875],[101.74279152276148,13.806782037078758],[101.74282093180726,13.806629272940633],[101.74279896171033,13.806527919520395],[101.74266247707597,13.806417669721281],[101.74240008816464,13.806256844725539],[101.74231585314045,13.806166359898093],[101.74232491804,13.806054448078173],[101.74235159441066,13.805667993083974],[101.74226722733412,13.805566189106104],[101.74228622760072,13.805413578579852],[101.74221144015834,13.805292464693087],[101.74202345780367,13.805223415250799],[101.7417610841637,13.805063734847682],[101.74163179054315,13.804677910677739],[101.74169459176468,13.80382245965813],[101.741785739325,13.803617059940729],[101.74180453926726,13.803444101810278],[101.74169972473821,13.803374159383958],[101.74145010088708,13.803417572107394],[101.74122078255459,13.80342013164679],[101.7410664591753,13.803360879262392],[101.74104048169393,13.803117309328615],[101.7409567218785,13.803067407836824],[101.74074761833488,13.803017795089959],[101.74067340042441,13.802896674724659],[101.74055667064144,13.802694742753635],[101.74040956792041,13.802615097548175],[101.74027514312299,13.802677571802036],[101.73999497116229,13.803272348298044],[101.73987529760014,13.803262398889155],[101.73945525794969,13.802961103892523],[101.73923584893312,13.802872089481205],[101.73904837053334,13.802894493789816],[101.73859272705491,13.80310395765785],[101.73834405002808,13.803228679942373],[101.73818819861448,13.80329139218952],[101.73809430580269,13.803261951362021],[101.73795794423749,13.803161836120129],[101.73790328085414,13.803081158184289],[101.73795868624593,13.802878415065171],[101.73775612692914,13.802847929081336],[101.7375905099301,13.802910749605264],[101.73748846221213,13.803126444819631],[101.73735415329737,13.803199054163914],[101.73726988323888,13.803108532382634],[101.7371429953067,13.80297671240208],[101.73685046342601,13.802908824276079],[101.73661027547858,13.802820075918936],[101.73656760640091,13.802729089887306],[101.73659487296472,13.802392279784806],[101.73666564942933,13.802218741488067],[101.73663232462724,13.802036189661631],[101.73653687862829,13.801925478868267],[101.73624503485711,13.80186775625477],[101.73579572989135,13.801780189573842],[101.73573220013613,13.801679261511456],[101.73569241015893,13.801536296081396],[101.73573024270712,13.801362015625033],[101.73546042293177,13.800715760230183],[101.73537583666631,13.800594752951515],[101.7352725636463,13.800656877921224],[101.7351811474897,13.800891619307448],[101.7350046465027,13.800913897311016],[101.73488898751152,13.800803411059404],[101.7349081108473,13.800660936243695],[101.73509490293424,13.800628369337989],[101.7351039588506,13.800515346934251],[101.73505068246604,13.800404166076811],[101.73494456717648,13.800222423274851],[101.73481947138328,13.800244165698647],[101.73473701771829,13.800306021195212],[101.73469719360514,13.80045890201294],[101.73458450983421,13.8006035648874],[101.73444864952894,13.800594939641385],[101.73440582234778,13.800538956229817],[101.73442631471605,13.800461917841121],[101.73448692045498,13.800308805843695],[101.73449555326486,13.800156310521409],[101.73439050427554,13.8000660178687],[101.73424472207799,13.800047327902009],[101.73413165472643,13.800211160798007],[101.73398701877915,13.800242112107055],[101.7340161152112,13.800110810447542],[101.73403444892787,13.799897232340289],[101.73400134960288,13.799733879908372],[101.73387504557562,13.799603161589189],[101.73371793023243,13.799554110794697],[101.73356067205712,13.799444085391681],[101.73339231878971,13.799324010035342],[101.73320446130087,13.79926512563032],[101.73300621928735,13.799257156370247],[101.73297395000571,13.799164943243778],[101.73299342907434,13.799052915526023],[101.73310592779231,13.798889089668071],[101.73318696032251,13.79870526416415],[101.7331338043122,13.798604218743458],[101.73301916221396,13.798584071768243],[101.73287516856212,13.798718870824485],[101.73271982918823,13.798822235878299],[101.73258394462846,13.798762772952415],[101.73249807017891,13.798579694114876],[101.73237295102949,13.798550598159196],[101.73224890985841,13.798614062791868],[101.73215392739019,13.798542860058097],[101.73207876894359,13.7983404584611],[101.7320973398155,13.798147153116922],[101.73221863663333,13.797799158427226],[101.73216380975663,13.797606706707958],[101.73199689289534,13.797557762798144],[101.73185026897637,13.79751873014704],[101.73177609598167,13.797397606053975],[101.7317957996291,13.797304814667081],[101.73192053879116,13.79725259048862],[101.73226467978324,13.797289425621509],[101.732419095689,13.797155583629548],[101.73249011200377,13.797002394436003],[101.7324365634297,13.796870865874839],[101.73213201298883,13.796660841565055],[101.73195479155295,13.796621040181796],[101.7318289878873,13.796581813701723],[101.73178608614596,13.796470479172411],[101.73185849844269,13.796388385637064],[101.73203535156929,13.796396594032267],[101.73214887706165,13.796324182349814],[101.7321170946669,13.796273735900423],[101.73199150390197,13.796203983251921],[101.73195913041576,13.796102743075293],[101.73203109265654,13.796030793673461],[101.73216577886373,13.795987523521225],[101.73230148196379,13.795986014269621],[101.73236256201324,13.795873560166603],[101.732339414225,13.795670581341744],[101.73228625911297,13.795569535479196],[101.73168019902845,13.795413662608505],[101.73154410605954,13.795332777850851],[101.73148975528993,13.795180945791756],[101.7313736282765,13.795029800215314],[101.73124910201521,13.795051496885646],[101.73098883582288,13.7950747019391],[101.73076686840439,13.795161861107644],[101.73049481541722,13.795262007699741],[101.73025927535306,13.79527590943292],[101.7300723206711,13.795193296397665],[101.72994686465347,13.79508628221866],[101.72986151751492,13.795195637926629],[101.72972700827587,13.795403773060173],[101.72896247998534,13.79582440215513],[101.7285443681195,13.796132773675835],[101.72837107321971,13.79618324109326],[101.72804888705319,13.796198104155238],[101.72779063668035,13.796443761110794],[101.72740710276642,13.796545104954777],[101.72707195930025,13.796536431576843],[101.72689979537938,13.79663542863171],[101.72675246089304,13.796782730260245],[101.72665173100357,13.796663045240507],[101.72662154671173,13.796202664184676],[101.72640932691236,13.79608306959695],[101.7263322631391,13.795865999073959],[101.72610874073683,13.795868479307789],[101.72604467109414,13.79567497911493],[101.72593135490924,13.795566718495298],[101.72580870972016,13.795652770403155],[101.72564898207611,13.795825036390214],[101.7255475074833,13.795644384012],[101.7254463455042,13.795487444244088],[101.72534942267492,13.79564658159024],[101.72522606691844,13.795720208737212],[101.7250635239543,13.795601208879868],[101.7248279785003,13.795663649243657],[101.72471608075521,13.795628741860584],[101.72462788955055,13.795496521582988],[101.72450387532894,13.795510292441953],[101.72404975269829,13.795952291653842],[101.72374225757991,13.796186059814543],[101.72350700407837,13.796224815265766],[101.72342189948498,13.796407537395549],[101.72336336076948,13.796687088507342],[101.72291838478505,13.796873799744148],[101.72240093452017,13.797183263861641],[101.72214873340248,13.79725269430363],[101.72186892975101,13.79733482504783],[101.72169662030313,13.79742142678451],[101.7214842262306,13.797339087568462],[101.72132321489401,13.797352156040958],[101.7211757321856,13.797487024728094],[101.72107753824022,13.797634926898175],[101.72087272235547,13.797657507933339],[101.72073327058568,13.797538249090577],[101.72064246887678,13.797530189914939],[101.72042253075251,13.797691833998877],[101.72028684831368,13.797897722239554],[101.72024790275286,13.797728770260058],[101.72030109469576,13.797382678511227],[101.72014156647769,13.79732458051625],[101.71987284803689,13.797513884870471],[101.71958863365741,13.797614118564869],[101.71945204841171,13.797591951040172],[101.71932700022921,13.797519927944059],[101.71912651152914,13.797265850892858],[101.71899348451031,13.797302325724587],[101.7188680886798,13.797549834482268],[101.71865811916024,13.797624418044526],[101.71849957190248,13.797552803238801],[101.7186611437878,13.797336454681188],[101.71859167437192,13.797225447660159],[101.71824018785578,13.797250795972024],[101.71820826352719,13.797338098272844],[101.71821023802418,13.797508571118184],[101.71811212852045,13.797618065273877],[101.71791357838475,13.797632656930015],[101.71768031375325,13.797542665148848],[101.71765100352216,13.797453783018517],[101.71773634437248,13.79734331955521],[101.71783304172462,13.79711188970167],[101.71775629775158,13.796918528378573],[101.71782643820895,13.796541761926816],[101.71772483785199,13.796349822140687],[101.7175582884017,13.796332461411547],[101.7172827490529,13.796730702254237],[101.71713890991128,13.797180543733088],[101.7168037251226,13.79717185642043],[101.71666675988955,13.797113505378272],[101.71666534773792,13.796991569746517],[101.71670762335351,13.796751751447896],[101.7166298526061,13.796672433979476],[101.71652506053493,13.796701822422451],[101.71640456681092,13.796970736928703],[101.71624421663441,13.797093350422765],[101.71557603894628,13.797258801068832],[101.71536452701939,13.797200162157989],[101.71502765699123,13.797045823176063],[101.71465272534446,13.796844470645805],[101.7144021906016,13.796858523209286],[101.7142396557223,13.796690934033974],[101.71375836713915,13.796481726999088],[101.71331904784608,13.796408658427236],[101.71293956623242,13.796412848555722],[101.71254194583651,13.796495160181909],[101.71206265510658,13.796462046573509],[101.71142237100634,13.796292957460189],[101.71083890804279,13.795890659209805],[101.71042405706142,13.795484242530055],[101.71007071732083,13.795001481128407],[101.70977248652797,13.794435675328815],[101.70965891072998,13.794255147501506],[101.70948162731034,13.794111434231338],[101.70898386452319,13.793825585611353],[101.70842700157351,13.793575426015067],[101.70746703491145,13.793135456762394],[101.70584697180557,13.792510833611788],[101.70357127778114,13.792085331344786],[101.702417874194,13.792000929602461],[101.70116477288167,13.791790004939132],[101.70050372063039,13.791571421142828],[101.70010704616048,13.791383821905358],[101.6996749645937,13.791034033034462],[101.69940382070158,13.790361758747995],[101.69926288760992,13.789559368403948],[101.69913191952969,13.786761633340991],[101.69901431029606,13.785122262554667],[101.69825588246462,13.782106672113519],[101.69739313417755,13.778908218066618],[101.69721098638064,13.77713179954454],[101.69685604584222,13.772020591489719],[101.69658929561017,13.770368158966324],[101.69626855662958,13.769549675641738],[101.69583214967464,13.768814857103179],[101.69530486555232,13.768067490519822],[101.69453186165707,13.767348749367949],[101.69380065547367,13.766745876101433],[101.69288448347834,13.766234231910147],[101.69200328469366,13.765900616661595],[101.69124071652706,13.765738456734281],[101.6903330183398,13.765662536770579],[101.68870089445291,13.765678110255065],[101.68604386469204,13.765424836180731],[101.68509061114011,13.765204869211958],[101.68423862467013,13.764899137231588],[101.68329560742085,13.764308673582915],[101.68261624660576,13.763744712990723],[101.68214101446428,13.763149184052866],[101.68175286410811,13.762438669658033],[101.68154131085868,13.761868461625429],[101.68135786858946,13.761127448421149],[101.68120236751884,13.760356788569188],[101.68111444760535,13.759736724918138],[101.68098064623872,13.758843874594055],[101.68076682474322,13.75807384941103],[101.68031653163062,13.757077176482749],[101.67962651949124,13.755877608075648],[101.67745852718117,13.752704457278336],[101.67664577463125,13.751729767575908],[101.67502958416253,13.749632383335124],[101.67451206382906,13.749021454184373],[101.67405537381333,13.748527340575945],[101.67314613501534,13.747803215796996],[101.67260060880456,13.74736874578843],[101.67196072804791,13.746611241961963],[101.6707696886436,13.744921325887205],[101.67030992369469,13.74410429106727],[101.66975974151575,13.743257707280428],[101.66887798577559,13.742357137920139],[101.66775895891774,13.741664635506796],[101.66652087025044,13.7411201981168],[101.6649527603107,13.740608698610918],[101.66290190561874,13.739895749290824],[101.66091378477466,13.739418098307089],[101.66016114119533,13.739308774104272],[101.65941175490721,13.739434299199523],[101.65857400493786,13.739766278502396],[101.65717064781785,13.740544742660344],[101.65402989953103,13.741724684511404],[101.65112544409651,13.742607371515021],[101.64989958868678,13.743149005285566],[101.64807577150478,13.7439319433375],[101.64735737080576,13.744146313416151],[101.64645786884715,13.744332097168593],[101.64519699531098,13.744433729745444],[101.64321279471481,13.744308188131612],[101.6399984223039,13.744342628487761],[101.63619227032657,13.745176047960747],[101.63547121061431,13.745154414723297],[101.63462813992354,13.74501663803915],[101.63399650031128,13.744935286459794],[101.63324387379993,13.744825919456686],[101.63237263284017,13.744805842888887],[101.631503484955,13.745020631010942],[101.63072465368852,13.74520511042155],[101.62979281507462,13.745185709270402],[101.62747822040514,13.745063564179224],[101.62531258257943,13.744881123901152],[101.62407902501445,13.744688747285034],[101.62314289874169,13.744287687439392],[101.61951292795113,13.742064436316815],[101.6171872920885,13.740942979055003],[101.61334767427356,13.739858968815717],[101.61227527626714,13.73961512328213],[101.61125235836489,13.73950850949949],[101.61044252713629,13.739605185125344],[101.60957531332393,13.739996009433469],[101.60884570793836,13.740662079429564],[101.60793267645326,13.74166433445895],[101.6038757391031,13.746682641141334],[101.60281235479226,13.74788069998127],[101.60227662201471,13.748326763852324],[101.60182841119696,13.748537009600556],[101.60090043174552,13.748869763939238],[101.60024265205683,13.749140941966782],[101.599586570184,13.749617614167484],[101.59890197308913,13.75018269079227],[101.59833920730972,13.750951995017479],[101.59791258749983,13.751600158482868],[101.5975034803464,13.751794185549315],[101.59697361805921,13.7519883372316],[101.59625005474226,13.752161957337689],[101.58634107211812,13.752999042529714],[101.58561770193893,13.753195202717343],[101.5851371787204,13.753461117697359],[101.58303606418662,13.756012699643462],[101.5814230097366,13.758142425041799],[101.57995160613211,13.760339561280615],[101.57812263172208,13.763383965753345],[101.57765195853064,13.764340879968014],[101.57713728046672,13.765027205076683],[101.5765836361807,13.765374024454914],[101.57592509472065,13.76568693397857],[101.57529820809458,13.765727387164834],[101.57467020845584,13.76566620219778],[101.57442382842119,13.765430512756206],[101.57442046692537,13.765123381556666],[101.57455410390033,13.764611557567338],[101.57443428301447,13.763217037492755],[101.57421847803883,13.762606108900865],[101.5737938138613,13.761963503374263],[101.5731941614597,13.76132268738497],[101.5725262793173,13.760784232408351],[101.5719312990535,13.760518285612699],[101.57123474538217,13.760525558168631],[101.57043414883468,13.760635564383461],[101.56974131868022,13.760983820350498],[101.56835702111559,13.761750360679184],[101.56695098611773,13.762753130965958],[101.56558033755553,13.763825537138722],[101.56415179616653,13.764724622648703],[101.56275788662839,13.765728395789623],[101.56082072541372,13.767241436249844],[101.5590942263197,13.76868903540684],[101.55813422282671,13.770129807915145],[101.55765057886092,13.770543616866792],[101.55702793138465,13.770923863757439],[101.55626628488955,13.771375601138677],[101.55574724999646,13.771720910417255],[101.5552660189055,13.772305205179034],[101.55485672490251,13.773127057991111],[101.5544507160385,13.774254899401729],[101.55398616486571,13.77637146755656],[101.55396238107025,13.777426440404634],[101.55411291984724,13.778412995867345],[101.55429789643897,13.779433051438225],[101.55423376211759,13.779910291823558],[101.55399533217319,13.780458207306085],[101.55386168441848,13.780970028878686],[101.55397253832116,13.781548175889098],[101.55405204371537,13.782432707937256],[101.55384962992565,13.783048002788938],[101.55361156918886,13.78357785651165],[101.55332729552057,13.784687486722284],[101.55314713749202,13.78576217924622],[101.55308360414357,13.786291330607067],[101.55317650431697,13.786868553623965],[101.5530404598571,13.787160188885496],[101.55279965746203,13.787434854113648],[101.55269601703107,13.787520631586339],[101.55255900059404,13.787726427597713],[101.55253111419269,13.788135537887952],[101.55244679921842,13.78824368766622],[101.55243634013357,13.788399621160561],[101.55253577824566,13.78856458766543],[101.55291957446764,13.78884631091652],[101.55293891339905,13.789033572819628],[101.55276521605404,13.789104277682501],[101.5526252657193,13.78903682958498],[101.55245287362639,13.789175275658817],[101.55241984975989,13.789380028536915],[101.55252681755067,13.789600238838084],[101.55277353894516,13.789869842016813],[101.5528298309741,13.790210285509893],[101.55283167252045,13.790379671291157],[101.55290469746819,13.790719941301633],[101.55306235808878,13.790769109984886],[101.55316895846858,13.790955465647498],[101.5532438384374,13.791466268785065],[101.55338734250742,13.791804658901217],[101.55354702882896,13.792092112621491],[101.55348011781503,13.792314128877358],[101.55346481501417,13.792553703971251],[101.55366103671663,13.792959337095009],[101.55400222494634,13.793893102990145],[101.55395283736866,13.794131884317892],[101.55378149540631,13.794422741043451],[101.5535759312249,13.794748995217725],[101.55350994188247,13.795055703614185],[101.55351309946069,13.795345892673035],[101.55337439419093,13.79544894690134],[101.55233291889154,13.79578388613313],[101.55202110377495,13.795956529772534],[101.55172003789906,13.794356085754897],[101.55075604408958,13.791880568625849],[101.54982547299855,13.78998062832409],[101.54859411450936,13.787508978519607],[101.54802296116014,13.786676975795467],[101.54750808906012,13.786080401657623],[101.54707578830435,13.785744960809462],[101.54659175716463,13.785541048392009],[101.54570657435166,13.785367266367684],[101.54493133814292,13.785427244828149],[101.54371149336077,13.785721062985143],[101.54207470901419,13.78613663805443],[101.54127289704608,13.786249945728823],[101.54033625873363,13.786233647748277],[101.53947733187977,13.786033593673846],[101.53871667532809,13.785677844140535],[101.53661192531236,13.78465045417369],[101.53532481827496,13.783529910356267],[101.53450868895786,13.782263369610668],[101.53331151046692,13.7801582683365],[101.53203172469908,13.778156805848406],[101.5317040695891,13.777558260854434],[101.53111659295286,13.775149903490613],[101.53092444151694,13.774740795758914],[101.53065502598346,13.77461371739153],[101.53022811242445,13.77472197987283],[101.52969607082441,13.774989443458928],[101.52924314205477,13.775203027774406],[101.52694579144547,13.776184277514128],[101.52599578171002,13.776911147359113],[101.52570794262834,13.777490044267347],[101.52568669657357,13.778039080438379],[101.52597527047712,13.779141707527767],[101.52636190268048,13.781092547826907],[101.52637147063656,13.781982339869298],[101.52627251851308,13.782716270729765],[101.52601012151692,13.783189851469382],[101.52516216938086,13.784009408109917],[101.52444485294839,13.784513672654864],[101.52345955020208,13.784968732191391],[101.52140942494209,13.786009504815338],[101.51501660374855,13.789761009012169],[101.51349371320359,13.790682283312572],[101.51048194322863,13.792571903369952],[101.50673746868036,13.794997475924127],[101.50521374360048,13.795953761647693],[101.50351338907448,13.797036029660458],[101.49739736487112,13.801228187310564],[101.49245323607499,13.804749931563583],[101.49176050383691,13.80513301115232],[101.49125679150767,13.805255577609795],[101.48926386288014,13.805510699773631],[101.48878590345345,13.805773029122962],[101.48831024371388,13.806248746594873],[101.48795494654429,13.806744743711576],[101.48757518824949,13.807219524905655],[101.4871206847332,13.807459004434834],[101.48673791798053,13.807650351472553],[101.48647715052826,13.807959065895776],[101.48439881906673,13.811503603965013],[101.48373548419629,13.812427319555237],[101.48299963911278,13.813326897468084],[101.48207091405965,13.814182169674783],[101.47530048783304,13.819631839473372],[101.47393944315955,13.82053774433159],[101.47300619688559,13.820970612768882],[101.47252695735965,13.821116621965334],[101.47051503295714,13.821889040433533],[101.46955954529508,13.822462189799086],[101.46886738708045,13.822962707548738],[101.46817455602769,13.823345736262125],[101.46752735400146,13.823563404888183],[101.46666380441715,13.82375960174981],[101.46577758584664,13.82405083148857],[101.46115097916415,13.825389265355424],[101.46021570179931,13.825633529030835],[101.45983140791067,13.825684825713418],[101.45791703695477,13.825853119785458],[101.45771727229682,13.825870923182672],[101.45666056785845,13.825998969780976],[101.4558932655703,13.826170408219843],[101.45534105499549,13.826247101407393],[101.45498078026091,13.826274391761698],[101.45288712623554,13.826154201130505],[101.45180646193191,13.826258708051474],[101.45070131404519,13.826339808871982],[101.44950067344715,13.826516669186663],[101.44863463103792,13.826477876030168],[101.44740684874188,13.826326415789797],[101.44632544602305,13.826360889410847],[101.44567746336085,13.826507386324112],[101.4452229921839,13.82670054166468],[101.44500632033399,13.826702702314135],[101.44486136458649,13.826656704114848],[101.4446435518762,13.826495121116846],[101.44447443504079,13.8264019601254],[101.44380034374315,13.82631490335601],[101.44344019117948,13.826412267055785],[101.44325057478929,13.826626463737197],[101.44305915368371,13.826722108905736],[101.4428427288705,13.826747986103223],[101.44252915215768,13.826656225230408],[101.44216565426782,13.826378668345205],[101.44182781765241,13.826288257626096],[101.44144406904111,13.826338373961251],[101.44110921393413,13.826530330049529],[101.44062894404054,13.826581406718656],[101.43889812225335,13.8266223482961],[101.43856248471377,13.826743145795724],[101.4382761206658,13.826933469506983],[101.43820705728847,13.827240202719683],[101.4382596796995,13.827685796618555],[101.43809277451632,13.827804916170619],[101.43787716178015,13.827854466069226],[101.4375434735847,13.828162719323497],[101.43728351551451,13.828612530663476],[101.43719220356252,13.829059519321426],[101.43733379152603,13.831113543981084],[101.43722820085257,13.831349513364993],[101.4370730896508,13.831492236328916],[101.43679726014618,13.831531096686472],[101.43629152121761,13.831464996305591],[101.43590692100346,13.831492539877784],[101.43558331190552,13.831601890714337],[101.43441147938033,13.832164674601028],[101.43336009476505,13.832809818728455],[101.43275361247233,13.833450508182368],[101.43211346132279,13.834350208117259],[101.4320046960031,13.834507123455763],[101.43180592667852,13.834509095625549],[101.43164049203746,13.834384247910814],[101.43154680224491,13.834486835662888],[101.43153147788449,13.834681236939025],[101.43157650234484,13.834841141269793],[101.43150861845545,13.834985254209034],[101.43131032074638,13.835029001220205],[101.43099004799137,13.834964419554705],[101.43088633210192,13.834991427148831],[101.43084379597492,13.835067527786284],[101.43092750638299,13.835615584048671],[101.43080807356932,13.835803099706952],[101.43060973723269,13.835846847436597],[101.4302638373393,13.835816379723459],[101.42984597340846,13.835533682244488],[101.42963103530705,13.835645353114835],[101.42950545801688,13.836018148655814],[101.42919824137623,13.836375831893806],[101.42875983836474,13.83661735564746],[101.42871923631053,13.836879767714354],[101.42855668436324,13.837032700415593],[101.42833268226063,13.83711059895608],[101.42823890802642,13.837205267261941],[101.4281354104276,13.837257103930449],[101.42804867269703,13.837248933609068],[101.4279094293364,13.837140771680685],[101.42779571968943,13.836989430027666],[101.42750820669623,13.836790109462806],[101.42735293200107,13.836808595864939],[101.42718998479504,13.836919750625571],[101.42715705345503,13.837089495840365],[101.42709805120884,13.837250431254215],[101.42698648853542,13.837302383921228],[101.42629498070104,13.837325033508021],[101.42606265391068,13.837378144499448],[101.42588956023353,13.837405837397718],[101.42581991295123,13.837321817540712],[101.42564137368684,13.836765703118314],[101.42512114942434,13.836644324670834],[101.42493202081937,13.836739971827793],[101.42490735308166,13.83686667005812],[101.42480599077828,13.837069842395509],[101.42444409368628,13.837166015341603],[101.42423664843265,13.8371680668632],[101.42368887823029,13.836895673131668],[101.4231753015009,13.836520170666844],[101.42247562169241,13.836536117976642],[101.42214035964858,13.836750631560404],[101.42168445835367,13.836923408827429],[101.42130425629115,13.8369271664653],[101.42049760689524,13.836656174153422],[101.41999507944386,13.836568545536407],[101.4188611001281,13.83638545279511],[101.41825936273671,13.836200545631336],[101.41761441907512,13.836254351189725],[101.417126543146,13.836466960043216],[101.41688434387066,13.836741538383743],[101.4167460796737,13.836837750716668],[101.4166515418715,13.836859037027027],[101.41655060447124,13.836880349502881],[101.4158411995015,13.837014945845796],[101.41547451349074,13.837154118783715],[101.41491171986354,13.837216101422305],[101.41439552544338,13.837092439670165],[101.41246591636535,13.836975921549602],[101.41109443955646,13.836962331079599],[101.41016540458456,13.837266233721262],[101.40926383739912,13.837596990614788],[101.40833256652049,13.837739372188109],[101.40666250677914,13.837970386620027],[101.40586876168229,13.838165661588121],[101.40485763955806,13.838524568766324],[101.40286371200396,13.839294016188818],[101.4017150847592,13.839600080674872],[101.40062054238271,13.839825378370984],[101.39922461792338,13.840133818996655],[101.39651893540675,13.841044600072705],[101.3938700578571,13.842142281058798],[101.39247902562279,13.842879819276233],[101.38862764616583,13.844391247123133],[101.38450659874877,13.846387536465626],[101.38079885631251,13.848567194612517],[101.38088414865378,13.854274351402255],[101.38123514289319,13.856388578389168],[101.38198358325531,13.870610569019448],[101.38199067006457,13.870852162712367],[101.38198226812172,13.871105230612816],[101.38145360239049,13.871125073044617],[101.38109823784724,13.871249365538215],[101.38085462552198,13.871560088631844],[101.38046533700033,13.872380426088718],[101.38020700398251,13.872611058973167],[101.37983756283877,13.872655327400006],[101.37871151295202,13.872531910388776],[101.37767261851246,13.872850330766159],[101.37737080074666,13.872839721528173],[101.37716424213025,13.872761533216993],[101.37302941994663,13.869367187649182],[101.37251808631051,13.869102210721316],[101.37139291677273,13.86894825257626],[101.37075721767373,13.868954415892588],[101.36967528494888,13.868902765953658],[101.36944087316876,13.868759335121389],[101.36931145917397,13.868533579707936],[101.36898495390757,13.867687437994201],[101.36872651758347,13.867337584117577],[101.3681424374773,13.867021341741864],[101.36744288522959,13.866602332663527],[101.36702184305929,13.866350050007833],[101.36605560166497,13.865621858005403],[101.36578290638238,13.865464137758822],[101.36560821819559,13.865390145442827],[101.3654241300377,13.865420163615452],[101.36443159315834,13.865921047636737],[101.3639990974682,13.866190653137311],[101.36369190418372,13.866505344243748],[101.3632516991518,13.866982825706067],[101.36232110829783,13.867834352778042],[101.36132200024223,13.868657190713943],[101.36111197772202,13.868981082023419],[101.36092993053643,13.869153375714102],[101.36061177600889,13.86929878166584],[101.36036988485573,13.869329354004318],[101.36027241764739,13.869235405208421],[101.35999506549838,13.86861352503654],[101.35985723428939,13.868416082255427],[101.35947659025572,13.868097854638359],[101.35827885211438,13.866481915195621],[101.35796123477935,13.865709091053855],[101.35775499057328,13.865432108438243],[101.3573798415342,13.865199683147562],[101.35671422314634,13.864534093448123],[101.35660276288085,13.864483206522824],[101.35652574132838,13.864526842452245],[101.3562246637744,13.86487421932263],[101.3560342829179,13.865196807700755],[101.3558913079556,13.865577671962168],[101.35588928674619,13.866007991895279],[101.35577807172078,13.866612193022663],[101.35560017565011,13.867027256551342],[101.35529915289335,13.867436770834262],[101.35500718425634,13.867658674239353],[101.35456239961307,13.867800739995388],[101.35398119321751,13.867880870468076],[101.35370658991324,13.867991949315789],[101.35344382730275,13.868184221604102],[101.35282513421038,13.869137747224453],[101.35262615378171,13.869810556238216],[101.35256252700843,13.869920714072913],[101.35243386220863,13.869944527379905],[101.35164274288735,13.869613322040994],[101.35137795906745,13.869552619601707],[101.3511782510034,13.86957826353459],[101.35026808963562,13.869771094411675],[101.34992101744075,13.869912214365655],[101.34964092453178,13.869937518130991],[101.34786206623315,13.869038635365481],[101.34759873409074,13.868719259138556],[101.34623972320308,13.866461065050171],[101.34582707668741,13.865142472476924],[101.34498014234261,13.863743327143007],[101.34410873070293,13.861632878126294],[101.34396526166722,13.861158760901947],[101.34399689494161,13.860853503644311],[101.34399383438146,13.860548579149677],[101.34385241799616,13.860278879881047],[101.34299037937816,13.859100108852303],[101.34276396889229,13.859000613316567],[101.34252100335399,13.859036839503116],[101.34141320274225,13.85928463323552],[101.34053180902316,13.859631881891957],[101.33961471445802,13.859878954584994],[101.33914618464685,13.859900384435987],[101.33855636250939,13.859872121208527],[101.33745137452283,13.860458690184863],[101.3371765214869,13.860715457770091],[101.33653764774165,13.861043427896284],[101.33627895449943,13.861181463109656],[101.33627003692361,13.861217668024246],[101.33622895876226,13.861386341930327],[101.33630389981656,13.861944685969686],[101.33632853251993,13.862672940091466],[101.33640467282513,13.863350997240241],[101.33635809338101,13.863893589100407],[101.33615512802571,13.86440373770613],[101.33572532189149,13.864832522229623],[101.33574571903833,13.865137284112548],[101.33599659873424,13.865948090007381],[101.33634732168242,13.866284668575981],[101.33640288517769,13.866639944358511],[101.33639133913135,13.867216064655333],[101.3365669013789,13.867434592248628],[101.33684757639614,13.867754926098826],[101.33695558084278,13.86809271343507],[101.33653424941494,13.86936848362649],[101.33619291745475,13.869913891457509],[101.33588126403494,13.870018496440805],[101.33575939948179,13.869968846515484],[101.33494884870262,13.868738741585876],[101.33366816372119,13.867309791002802],[101.33317854595873,13.866958729523823],[101.33283077487457,13.866860382468026],[101.33102603790923,13.866894540470625],[101.32719313410271,13.867049619797388],[101.32502732020723,13.867392088893343],[101.32412615636534,13.867502319390866],[101.32325934859148,13.867578319552191],[101.32040471102771,13.867650608770607],[101.31784755506183,13.867816011873664],[101.31691237022351,13.867995450045065],[101.31623844780916,13.868289805895566],[101.3150537819518,13.869538922021665],[101.31428319542297,13.870579673293173],[101.31308126304758,13.87189667475907],[101.31263484886038,13.8723413868022],[101.3122203033062,13.872565552137898],[101.30918074125299,13.874052390481806],[101.3061182371257,13.874912576891651],[101.30509555817535,13.875074704430677],[101.30466157936665,13.875027943993967],[101.30434739000275,13.874878425302033],[101.30394455758159,13.874475632388695],[101.30312468588303,13.874041755135563],[101.30196139723451,13.873951045510776],[101.30166455883032,13.873801359552083],[101.3015056612296,13.873514843977821],[101.30135942268788,13.872752742328428],[101.30121536974723,13.872211939827743],[101.30095135398692,13.871875598350181],[101.30058439668494,13.871591040043013],[101.30025470329754,13.871628005563453],[101.30004914630267,13.871884086647988],[101.29996461393611,13.872105128511741],[101.29996778588739,13.87242697426348],[101.29994711295775,13.872439604206528],[101.29976089130102,13.872547501148905],[101.29863453598711,13.872744475578838],[101.29780235557251,13.872821173456828],[101.29707911295412,13.871573145087007],[101.29676389412093,13.871321994610907],[101.29633025487539,13.87130911692565],[101.29600222516792,13.871515493824408],[101.29571362611155,13.872145080069545],[101.29535393707852,13.872656717547088],[101.29497400540887,13.872812765427584],[101.2947130645818,13.87273049911135],[101.29354317960411,13.872029882468036],[101.29310887291034,13.871949276381168],[101.29258929273989,13.872072729459047],[101.29153767366434,13.872760281736344],[101.29064012284651,13.873244162953892],[101.28956741851459,13.873610026819012],[101.28923799102859,13.873613112339788],[101.2871426912896,13.874090133529473],[101.2865882367232,13.874316678897177],[101.28650530515449,13.874520789135042],[101.2864221454137,13.874945112468028],[101.28647924143485,13.875402026351596],[101.2865497861341,13.875994307576279],[101.28645136221999,13.876098006322973],[101.28613950308598,13.87618563921473],[101.28581256123829,13.876442847251351],[101.28553452996293,13.876445446975795],[101.28433120609712,13.875811753471448],[101.28257961166734,13.875912833383193],[101.28207732316778,13.876036104699205],[101.28149169346777,13.876500130136165],[101.28096147814269,13.87725054212078],[101.28070460309056,13.877642584278153],[101.27958307711958,13.878281041374676],[101.27868430549131,13.878645203696246],[101.27825041112422,13.878666200129858],[101.27793547256543,13.878381119922025],[101.27772425887918,13.878061208883176],[101.27733956164697,13.877793691885808],[101.27472311777066,13.876410767992462],[101.27432234428809,13.876211161192655],[101.27412836388227,13.875940753666123],[101.2739014602213,13.875790417532274],[101.27350233874056,13.875760228025305],[101.2727064242123,13.876004831204229],[101.27203108515477,13.876163592549164],[101.27166821069575,13.876354461835813],[101.27146178862326,13.876525777661588],[101.27059567434878,13.876564321764532],[101.26969129813145,13.876474457317089],[101.26925310981731,13.876053865879669],[101.26888601147984,13.875752304990561],[101.26834295922933,13.875249077049212],[101.26748926775696,13.8749012133781],[101.26681112865066,13.87477196928816],[101.26653171666467,13.874570112791025],[101.26611541220919,13.874557020748215],[101.26569817440414,13.874510072704476],[101.26533157642824,13.874259353611981],[101.26480423930532,13.873586535696393],[101.26457717754086,13.873419203240088],[101.26443665677589,13.873234155489918],[101.26392206045867,13.872085738791203],[101.26225620123959,13.870304132874118],[101.26183670956148,13.87001999474686],[101.26077562314113,13.869740678241433],[101.26020118555122,13.869576552427455],[101.25950648510437,13.869464389415533],[101.25915975786258,13.869535359394851],[101.25746230669159,13.869855968552448],[101.25695890158616,13.869860615223033],[101.25621060405616,13.869647305213666],[101.25565212054572,13.869279718757689],[101.25544045231193,13.868908933631799],[101.25479588324784,13.868660722829748],[101.25422292338656,13.868649090394753],[101.25373715760006,13.868687432600716],[101.25330171363912,13.868488143587454],[101.25291786351819,13.868304182065485],[101.25234501953962,13.868241691419428],[101.25194562946263,13.868245369187118],[101.25152900700351,13.868198388469592],[101.25131865480164,13.867963120188964],[101.25108806086148,13.867490871789709],[101.25078822837247,13.866968405847617],[101.25045479350193,13.86661457656777],[101.25001772448864,13.866245858507954],[101.24975598326262,13.866078828622447],[101.24965223144059,13.866106874804338],[101.24949599644637,13.866148987677683],[101.2489945954823,13.86630608388152],[101.24761302071131,13.867014556543014],[101.2473187407091,13.867068076756057],[101.24671454642541,13.86741246538746],[101.24650827437156,13.867600749027131],[101.24633820981353,13.868008915729694],[101.24627272891755,13.868416123245474],[101.24608690521448,13.869044725420837],[101.24568606435831,13.870098823247288],[101.24566880951832,13.870289885902045],[101.24568643446422,13.870558535716238],[101.24584673253844,13.870997534459098],[101.24612888708097,13.871486303206909],[101.24640844369569,13.871705099751164],[101.24665520281943,13.872058620389668],[101.24687224297857,13.872988457506262],[101.24685771632213,13.87327776012212],[101.24675529221005,13.87344810145777],[101.24623778894455,13.873791730607053],[101.24608368205926,13.873996450037726],[101.24577905615988,13.874778592920888],[101.24571248021755,13.875068336332657],[101.2457663207441,13.875254229431297],[101.24604615942984,13.875505778561291],[101.24584421276408,13.875904097556328],[101.24560151582206,13.876272294450708],[101.24542602454142,13.876416214245804],[101.24533750724827,13.876468991878959],[101.24475617059699,13.876786039404035],[101.24442716172588,13.877078229152882],[101.24374888966891,13.87759724761616],[101.24325833316699,13.877979006347026],[101.24251653494808,13.878503120162524],[101.24180997673946,13.87896932088486],[101.24098388959743,13.879565339482165],[101.24069587803925,13.879732902095238],[101.24018057834115,13.880008697299791],[101.23913626616211,13.880454262383907],[101.23811539641871,13.880875884489345],[101.23782786725583,13.88103100505027],[101.23745693041712,13.881294184075916],[101.23654630462035,13.881878565797521],[101.2357191853141,13.882369541512682],[101.23498665681061,13.882658603942364],[101.23442209709556,13.882863703618399],[101.23414578609393,13.882924966805698],[101.23390532146544,13.882987013970833],[101.23254870728293,13.883540447717476],[101.23215189896405,13.883638969964052],[101.23181467320303,13.883677064640104],[101.23147755523983,13.883726443905184],[101.23069634972605,13.883945913476502],[101.23022755311524,13.884067668353506],[101.22990245910212,13.884106796361229],[101.22970964111627,13.884132279968279],[101.22895168130709,13.88430297262286],[101.22857929728245,13.884412520102943],[101.22824297522662,13.884545497373432],[101.22791911010881,13.884713338064655],[101.22735588529029,13.885059609448517],[101.22614952691546,13.885612752209722],[101.22574554105748,13.885988067155379],[101.22545151168518,13.886130797531825],[101.22528325992742,13.886189920688899],[101.2250984710836,13.886207408136324],[101.22449948163865,13.886197059383743],[101.22418717244867,13.88618295204582],[101.2240689325977,13.886151273538793],[101.22379835015265,13.886087115958977],[101.2236125776536,13.886065083315827],[101.22333432539267,13.886042780331369],[101.22304735947344,13.886020520075817],[101.22281097499297,13.886022671452951],[101.22246592580412,13.886091321041082],[101.2220954686658,13.886161349338119],[101.22137418437471,13.886242451920054],[101.22096650554259,13.8862867971021],[101.22082299877765,13.886271187208315],[101.22078923559766,13.886246622988926],[101.22079717400985,13.886173156179137],[101.22115468013672,13.88565033553221],[101.22140444681999,13.885350970774166],[101.22151238389297,13.885152346640007],[101.22152811608854,13.885046016560148],[101.22153344938637,13.884997409354526],[101.22154347727991,13.884896793854143],[101.22158442967709,13.884765399586481],[101.22200366443703,13.884113253162056],[101.22214237599496,13.883927858140911],[101.22226281582009,13.883765243199896],[101.22232361918839,13.883717278441816],[101.22242733507784,13.883680174444912],[101.22256121010631,13.883655231472146],[101.22282968869696,13.883622291604803],[101.2230183852123,13.883585561711252],[101.22319468407835,13.883524110331093],[101.22327970423011,13.883469114009326],[101.22333395349013,13.883397446275675],[101.22343614044696,13.883199984684607],[101.22349540230624,13.882990477846757],[101.22350000347713,13.88286507713487],[101.22346231196445,13.882734398560713],[101.22340622654801,13.882609550605833],[101.22330705523557,13.882455706075469],[101.22308413111129,13.882176483032664],[101.22300990242107,13.882028074743575],[101.22295969378321,13.881915572410117],[101.22294042671699,13.881837801395713],[101.22295179849017,13.881695387556528],[101.22299780121588,13.881426153267283],[101.22315151823233,13.880875796409125],[101.22320299529137,13.880517277350116],[101.22321966442978,13.880386103853457],[101.22320691823423,13.88032070980778],[101.22315163052174,13.8802794262423],[101.22303533911665,13.880209310704114],[101.2227217758785,13.880003195317393],[101.22237703481183,13.879737513684546],[101.22225384793859,13.879607612992629],[101.22215490479824,13.879477490717903],[101.22211116852201,13.879376253640027],[101.22208581177649,13.879263524149152],[101.22200398513556,13.878380983875859],[101.2220149670399,13.878261150717881],[101.2220569372283,13.878177197092695],[101.22212955434094,13.878092926867756],[101.22244995286006,13.877744397694407],[101.22256454105938,13.877576210969446],[101.22258802661416,13.877492387910419],[101.22258729448723,13.877415594774549],[101.22255571870498,13.877314247784641],[101.22247566084687,13.877225741479961],[101.22223659040365,13.877131905765861],[101.22107741154758,13.876629644485444],[101.22047084750814,13.8763663389441],[101.22040369125413,13.876355622598824],[101.22036092426008,13.876356011554709],[101.22031207297663,13.876385843423849],[101.2202641334832,13.876451788873043],[101.22021591641031,13.876548235922851],[101.22013145590898,13.876661926040637],[101.22004493107912,13.876741805777311],[101.21982477196927,13.876871422026893],[101.21960485720122,13.87696716948113],[101.21943910635321,13.876982221859899],[101.21923203659536,13.8769705549583],[101.21891330265446,13.876825475618611],[101.21823299411678,13.876467972396378],[101.2178171253442,13.876322661636223],[101.21765168531324,13.876310579582496],[101.21741727353312,13.876339836744553],[101.21693496985372,13.876439071938618],[101.21630098833351,13.876579248587381],[101.21602459558522,13.876568208703729],[101.21573423672918,13.876490635606249],[101.21544394255189,13.876479683800273],[101.21514067310858,13.876562636871872],[101.21470073218133,13.876742837468056],[101.21441119887704,13.876812118585701],[101.21408013555887,13.876828664004011],[101.21385869634977,13.876764011109568],[101.21376089047659,13.876629359309609],[101.21370347735014,13.876427719837125],[101.21360555379763,13.876280633458761],[101.21349448789258,13.876213869932075],[101.21332822320819,13.876174699603714],[101.21317703315259,13.876203161428647],[101.21295706179068,13.876353126653079],[101.21279252187166,13.87643596814142],[101.21264063472341,13.876450890612023],[101.21252999372145,13.876424761680161],[101.21232215141247,13.876331781170638],[101.21211362279061,13.876226370598323],[101.21198937500704,13.876227494733824],[101.21189362627588,13.876309676088345],[101.21175713355663,13.876485978603302],[101.21162012879772,13.876608099318124],[101.21148197778849,13.876609349905902],[101.21127376088205,13.876476805876946],[101.21099532356816,13.876250035001274],[101.21089812315948,13.876183145011384],[101.2106770980737,13.876158013730786],[101.21051118013904,13.876159514613459],[101.21027663720487,13.876175182746648],[101.21001513672738,13.876272445323805],[101.20961741482185,13.876518876751652],[101.20926168107103,13.876858716452773],[101.20913906193306,13.877036001402383],[101.20908539028977,13.877225137990091],[101.20910218519229,13.87753448040324],[101.20904924567598,13.877804886943697],[101.2090240093047,13.878008422891449],[101.20885987722083,13.878198556358758],[101.20875012195772,13.878266170475177],[101.20857072300562,13.878308467768939],[101.20839128901918,13.878282995731015],[101.20819697444007,13.878150323589038],[101.20793133722066,13.87781498839651],[101.20779191329869,13.877681858137677],[101.20762577527677,13.877656228182021],[101.20733643151704,13.877685971802435],[101.20708916574351,13.877822594791031],[101.20662231668025,13.878150999460063],[101.20616874561519,13.878357254283522],[101.20567291151097,13.878497267564073],[101.20512191994997,13.878609574463782],[101.2047214914205,13.878626732833055],[101.20409948534136,13.878564574617645],[101.20327028643518,13.878478299597541],[101.202786778115,13.87845556419839],[101.20202665606092,13.878394608550284],[101.20166718082692,13.878343661002187],[101.20123854070596,13.878253769337313],[101.2009332266971,13.878120980318284],[101.20071102032674,13.877975006931571],[101.20054259339749,13.877706556694829],[101.20006586286607,13.876928076024459],[101.19999440817345,13.876646352998971],[101.20000521580462,13.876322065120814],[101.20008609382461,13.876132722853338],[101.20034675527565,13.8759417626858],[101.2006616659867,13.87568250727257],[101.20079798982263,13.875491517955018],[101.20086474632636,13.875275172973646],[101.20086335034441,13.875127210272954],[101.20083466713739,13.874965947897445],[101.20076402901333,13.874831044759725],[101.20056959405997,13.874684857380917],[101.20020948551371,13.874566106339953],[101.19989045063718,13.874448094783743],[101.19943332314193,13.874277140219593],[101.19925414697197,13.874278752744061],[101.19903340036397,13.874347397088235],[101.19885482516696,13.874416772236726],[101.19868894496153,13.874418264409629],[101.19848136316399,13.874352361987576],[101.198259801784,13.874274148023046],[101.19802512949242,13.874276258520167],[101.1975695839304,13.874333429438401],[101.1971423829105,13.874391492506779],[101.19675620525472,13.874449185787864],[101.19635536080524,13.874425657249672],[101.19578962429721,13.874444322926962],[101.1954302838105,13.874406872964459],[101.19513923415001,13.874315735278357],[101.19490405251369,13.874263623444481],[101.1946271495223,13.874198339302017],[101.19448843077781,13.874078739451885],[101.19434812381191,13.873850707780063],[101.1941205949235,13.873137744562852],[101.19410481871047,13.872934576732526],[101.19417196418469,13.872758905543678],[101.19452699096139,13.872337775380041],[101.19476001484441,13.872160615912499],[101.19489714536748,13.872050938804279],[101.19497849859623,13.87191581681474],[101.19499138043741,13.871807255026553],[101.19498986138625,13.871645747022749],[101.19489093172065,13.871390249993622],[101.19472361331245,13.871242629301523],[101.19444703910445,13.87115135868255],[101.19390757831849,13.871074883514835],[101.19294000202765,13.870962680237598],[101.19227695102487,13.87090085573424],[101.19198602443358,13.870822147858728],[101.19176433998439,13.870730381710416],[101.19161067147694,13.87055558010074],[101.1915262460099,13.87036768433596],[101.19137182561255,13.870112683008978],[101.19126005363167,13.86996570861891],[101.19113475032761,13.869858386076999],[101.19074655325903,13.869700340791065],[101.19046991167743,13.869662179282054],[101.19018031818599,13.869664772977631],[101.18991813768383,13.869694214123733],[101.18957359514481,13.869751522222293],[101.1892686781913,13.869659352729471],[101.18906009746715,13.869486150661011],[101.18890504465584,13.869163382481942],[101.18886089335797,13.868894919431852],[101.18889606419795,13.868205616675423],[101.18890690057525,13.867882475187807],[101.18887727683209,13.867680540309896],[101.18873722229277,13.867478484029933],[101.18836061798297,13.867077455677862],[101.18769240436224,13.866463324753575],[101.18720655413409,13.866184153974954],[101.18681862027188,13.866053230526164],[101.18600129889043,13.865749925444609],[101.18565416111856,13.865590357222734],[101.18544558668263,13.865417151245486],[101.18529193703979,13.865243417494145],[101.18520739209681,13.865042010581874],[101.18516234877185,13.864677579220047],[101.18509053654972,13.864355175014788],[101.18476627796984,13.863615967651699],[101.18451282909218,13.863091837650458],[101.1843310747574,13.862877751312705],[101.18416414891297,13.862770795284774],[101.18392911729528,13.86273336349783],[101.18363969448382,13.862749493904667],[101.18328150114574,13.862832896680823],[101.18306026136261,13.862848416576309],[101.18282483897779,13.862769200995482],[101.1822138444474,13.862397381564291],[101.18206089369387,13.862237221463605],[101.18200388211436,13.862075059663328],[101.18197338970035,13.861779378108503],[101.18194441993074,13.861589909722861],[101.18185956417069,13.861415559110572],[101.18151225571891,13.861175815903003],[101.18112433173819,13.861044880908137],[101.18080672787795,13.861020581769331],[101.18026917870685,13.861146255935436],[101.17999387381835,13.861189349139204],[101.1796478481608,13.861151791506883],[101.17913700769978,13.861103228135322],[101.17897109695161,13.861104705567193],[101.17864092116895,13.861214945155327],[101.17825638832845,13.861447662246279],[101.17784446854984,13.86172130141879],[101.17754340896215,13.861980404976384],[101.17735093413276,13.862102964168187],[101.17721278851342,13.862104193902493],[101.17708801162212,13.862052227592326],[101.17694958842338,13.861958558428416],[101.17672696792967,13.861826108945126],[101.17651952896425,13.86177376754684],[101.17632645855181,13.86177548481654],[101.17611924596187,13.861804420242363],[101.17566516375543,13.861956435609127],[101.17518256812353,13.862028497202227],[101.17502992728878,13.861962083668944],[101.17494640193365,13.861869072944101],[101.17491766392941,13.861760880610291],[101.17495800457385,13.861626128528233],[101.17516154215598,13.86125948437963],[101.17542078606553,13.860919437808642],[101.17566721281257,13.860687951674359],[101.17576209826278,13.860512000847127],[101.17577433241863,13.86033682174692],[101.17570422879217,13.860196277701737],[101.17538487052215,13.859975448641887],[101.17522521653996,13.859839068944364],[101.17522441703936,13.859753243974426],[101.17529362594379,13.859614792763219],[101.17541529196924,13.859458997658043],[101.17541432448367,13.859355074308047],[101.17541320967442,13.859235348194881],[101.17517985521137,13.858755107840972],[101.17500132762508,13.85851611107684],[101.17482375674453,13.858379890128715],[101.17427607008548,13.858161088001632],[101.17394044512228,13.858060174791966],[101.1736934686063,13.858045415978431],[101.17334214109194,13.858117454364551],[101.17295509835853,13.858206724125086],[101.17274411284437,13.858208597539004],[101.17261996657039,13.85815888054745],[101.17247854569354,13.858056203814765],[101.17228258719747,13.857869325346494],[101.17210642307866,13.857818922758186],[101.17196520522107,13.857803223732066],[101.17182434040134,13.857821425880585],[101.17157925124576,13.857944447771963],[101.17121255535351,13.858291070472543],[101.17096989344581,13.858740524376698],[101.17076058508631,13.8589841128519],[101.1705326753122,13.859088918997202],[101.17025103909761,13.859074464634084],[101.17009126384286,13.858990048798033],[101.16977263859809,13.858786156025506],[101.16948867305194,13.858581993574891],[101.16917113117543,13.858498938138093],[101.1687132068745,13.85848604491467],[101.16821976408556,13.85850736849001],[101.16792116588175,13.858595884549972],[101.16764080796979,13.858719214777414],[101.16749974641904,13.858720464589441],[101.16741158036714,13.858686231250177],[101.16734044816971,13.85861794247824],[101.16726896473095,13.858515790119929],[101.16718048337042,13.858447693174343],[101.16696813331536,13.858363703599704],[101.16680976122909,13.858365106042683],[101.16659900478533,13.858452841568575],[101.16640540436687,13.85845455537418],[101.16621176621916,13.858456269179774],[101.16605203049029,13.858371812999417],[101.16599829686328,13.858251440976154],[101.16594352298712,13.858080222425928],[101.16583498314462,13.857719750248084],[101.16570970679004,13.857548045507709],[101.16547985126503,13.857447256751914],[101.1651090123427,13.857347751786408],[101.16487899152766,13.857228939545085],[101.16470174044738,13.857126574638384],[101.16461294737145,13.857024574254075],[101.16454065904222,13.856835447369118],[101.16441834443312,13.856423130410356],[101.16407731340857,13.855799256140788],[101.16277782219666,13.854039589705824],[101.16229884138549,13.853498247339695],[101.16210296283946,13.853445753176683],[101.16206769857467,13.853446064546562],[101.16176830805676,13.853448709009948],[101.16126733379249,13.853588673647034],[101.16040334133874,13.853732989522953],[101.15917677176834,13.853798035209602],[101.15808643710066,13.853589641771251],[101.15685531217345,13.853218699017301],[101.15548286248911,13.852630986635525],[101.15411068050273,13.852071503803982],[101.15279530168672,13.851591721367406],[101.15156516310968,13.85133030101629],[101.15050514119295,13.851339613414872],[101.14958594007848,13.851511469272268],[101.14898609543741,13.851779937593198],[101.14864222304161,13.852037126445742],[101.14822753824855,13.852449651792323],[101.14795288913021,13.852943415350047],[101.14781836372147,13.853461932198732],[101.14782212047599,13.853870786614225],[101.14796641506344,13.854415098760311],[101.14833406496652,13.854984581582785],[101.14889665737108,13.85544275493368],[101.15018532478214,13.856031240798748],[101.15230913794652,13.856421461070584],[101.15342675265273,13.856575415312337],[101.15499129448418,13.856806784313966],[101.15680979094476,13.857308100324842],[101.15821129843359,13.858032197411426],[101.15930486613796,13.858649444206868],[101.15992374158834,13.859189556156348],[101.16032101613284,13.859894296757231],[101.1606069974985,13.86062822197313],[101.16066878991195,13.861308792538857],[101.16076292437056,13.862426238419063],[101.1605461123835,13.863109269277546],[101.16010568456937,13.863740050491083],[101.1595233858224,13.864154075198812],[101.15894008275897,13.86445969616131],[101.15813371992566,13.864711911972293],[101.1571583785975,13.86488433529269],[101.15601575928532,13.865029950616437],[101.15515332720524,13.865282651589842],[101.15390242586705,13.865785020287017],[101.15170926635598,13.866976793157431],[101.14984999985624,13.86808318542016],[101.14873935697496,13.868692709842678],[101.14696289538148,13.869689906705881],[101.14615768329003,13.870132992982914],[101.14496503859631,13.870878802461554],[101.14427310585883,13.871512915847669],[101.14385888010493,13.871979660865744],[101.14308795670786,13.873076429079665],[101.14234572819593,13.87433676611608],[101.14143993533538,13.875980291187997],[101.1405073681878,13.877733647401174],[101.13958078741328,13.880140978556904],[101.13934040902302,13.881034295411299],[101.13914980897761,13.881807436516306],[101.1390981989679,13.882298133317775],[101.13916081154322,13.883006948697941],[101.1393666739653,13.884149383860542],[101.13959731282124,13.884965177795578],[101.13996700459494,13.885752623322484],[101.14044883665882,13.886539120860828],[101.14109553023863,13.887079031842076],[101.14190807078614,13.887426572022276],[101.14271860180239,13.887555006766302],[101.14341549952843,13.887521798859851],[101.14394461621393,13.887408705322128],[101.14447124007452,13.886966954908532],[101.14557414396967,13.885567897613448],[101.1460119504998,13.884582457340738],[101.14645220134581,13.883924600087562],[101.14705831622757,13.883073222779856],[101.14799684100213,13.881974967858408],[101.14868679115776,13.881123997628851],[101.14940361172022,13.880245659159884],[101.15018010826527,13.879693252714073],[101.15087553634754,13.87944203167028],[101.15176755444151,13.879379953905447],[101.15243876035044,13.879509586994336],[101.1531957194364,13.879911804309538],[101.15429216354634,13.880829508066205],[101.15561961392314,13.88253473267088],[101.15730905032514,13.884182527717096],[101.15939581157733,13.886536151496072],[101.16080458104692,13.888022611605619],[101.16159420916482,13.889451250559739],[101.1618525278096,13.890125561597893],[101.16202681804272,13.890841294508339],[101.16209609701575,13.89151727930852],[101.1620647386258,13.892686650726219],[101.16201105440612,13.893630291367602],[101.16187145171939,13.89447305608579],[101.16162570948858,13.895089685305768],[101.16139769640822,13.895440737328753],[101.1609600551681,13.895751856161676],[101.16043744048864,13.896002729899495],[101.15951463712986,13.896113679294777],[101.15858500657492,13.895430607867327],[101.15768539771679,13.894674979837752],[101.15664054834524,13.893347963393859],[101.15534103916703,13.891669637970235],[101.15384922494098,13.890265195406352],[101.15292355056657,13.889756023695162],[101.15197017664038,13.889245943933076],[101.1508784792284,13.888846674651568],[101.1502067343303,13.888661712466536],[101.14976045668703,13.888665641061396],[101.14934219929414,13.888696414906764],[101.14881284365677,13.888783538990497],[101.14828477530517,13.889006192862846],[101.14759182387817,13.889529621605236],[101.14706648101517,13.890052687265683],[101.14662676107349,13.890764803161829],[101.14613394620696,13.891804916750852],[101.14586251395565,13.892652243632197],[101.14575722421782,13.89333539912041],[101.14584779775467,13.894069947536712],[101.14604999145713,13.894804625299928],[101.14638998492754,13.895374345572435],[101.14700940835026,13.895968699140687],[101.14759987996965,13.896426616263451],[101.14818723802827,13.896612326547842],[101.14874693246774,13.896744090810294],[101.1495556776332,13.896736970752928],[101.15041983627525,13.896592670294378],[101.15136644049747,13.896366357728544],[101.15195034094057,13.896116073000865],[101.15267301402707,13.895864600304641],[101.15317486325046,13.895804839549925],[101.15395720153981,13.89588040401363],[101.15446132619579,13.896066831539995],[101.15493786628434,13.89633485763467],[101.15524758293641,13.896631449122106],[101.15555961634364,13.897174268314362],[101.15567472197255,13.897555041679414],[101.15567850567653,13.897963893371283],[101.15559794655849,13.898319301116262],[101.15544605851193,13.89877472050259],[101.15470017655174,13.89982726088906],[101.15349503269917,13.901170779523936],[101.15301744068343,13.901728452236824],[101.15264448892354,13.902285236781395],[101.15237674605312,13.902841057300083],[101.15231943084304,13.903457203820942],[101.15215686003116,13.904012096339446],[101.15222615697047,13.904688086291349],[101.15248500562129,13.905485546698683],[101.15278401525349,13.905995726719878],[101.15297815196618,13.906547471390846],[101.15317289863492,13.907222354367372],[101.15324197458871,13.907878024790012],[101.15289512787098,13.908947399127257],[101.15259030164729,13.910058153167574],[101.1524118980285,13.911146361517318],[101.15239982736604,13.912151782276514],[101.1525364584258,13.913298206741537],[101.15298894522429,13.91452541824629],[101.15354389476244,13.91538803184554],[101.15448262075962,13.916484432350803],[101.1547923679544,13.916781018940718],[101.15498981765384,13.916997281554425],[101.15521774808921,13.917513709820431],[101.15588255350173,13.918375343546582],[101.15745126980431,13.920628439989438],[101.15824253914421,13.921657244735526],[101.159143825157,13.922576622782014],[101.16015798987509,13.923576312405801],[101.16063742523379,13.924144764688165],[101.16089320434128,13.924605601894875],[101.16103810079997,13.925204112641484],[101.16098795234925,13.925777221290939],[101.16079859467388,13.926432919317765],[101.16038914436402,13.927418097693147],[101.16017280399242,13.928155390764049],[101.16009659092376,13.928973830992893],[101.16015897802191,13.929652131742655],[101.16034135938078,13.93048752588939],[101.16059298557667,13.931185615884379],[101.16075631007513,13.931833633781391],[101.16081595012515,13.932652053131015],[101.16078616827855,13.933182082684674],[101.16056294321865,13.933611008397074],[101.16030345586567,13.933938618092366],[101.15993854223095,13.934180180574643],[101.1595551700138,13.934303317977001],[101.1591180542881,13.934307194355878],[101.15864411392398,13.934140840448567],[101.15829112003478,13.933801709991815],[101.15774145618379,13.932952654056827],[101.1571730489844,13.932019039247999],[101.15672963157699,13.931339594552002],[101.15634105362277,13.930966871190416],[101.15583034970564,13.93057831363009],[101.15533852298591,13.930292373148752],[101.15489939772894,13.930074883139184],[101.15440905682267,13.930010301789245],[101.15390184375873,13.929997836287491],[101.15339589642106,13.930122046607808],[101.15301287275022,13.930347955591442],[101.15277037523423,13.93057151111177],[101.15251138734453,13.930949927699174],[101.15234054484549,13.93136146855948],[101.15225782527919,13.931856917587133],[101.15227850629364,13.932215947384105],[101.15236976344841,13.932642124089302],[101.15256687358469,13.93313513606828],[101.1534016124012,13.934545321248674],[101.15437627011144,13.935955411502018],[101.15480522554108,13.936942233714847],[101.15500587234462,13.937811337509249],[101.15500071691319,13.939126197902549],[101.15492229039563,13.940083605759471],[101.15477155758254,13.940853035090703],[101.15467292436097,13.94150341386114],[101.15464525625023,13.942323683001813],[101.15460004224535,13.943058310324853],[101.15448680780716,13.944066845943548],[101.15420039704678,13.945231703138552],[101.15387584381948,13.946088504633675],[101.15356766777809,13.946774604213982],[101.1533469166785,13.947476882053744],[101.15312663539778,13.948229975713739],[101.15270349655961,13.949804962439433],[101.15220875929836,13.951142180230045],[101.15177924152333,13.951964895411409],[101.15103766429002,13.953064859718664],[101.15032810031846,13.953874281715555],[101.14977408682483,13.954493634641688],[101.14937758932305,13.955077726762873],[101.14906736152957,13.955610238259286],[101.14877648075236,13.956296182232661],[101.14864001767755,13.956673516586642],[101.14852185148847,13.957152362882315],[101.14847219621279,13.957409228923801],[101.14845807020498,13.957819385270129],[101.14857406426772,13.95897953597297],[101.14865450301151,13.960106098030277],[101.14862365935625,13.960585319907169],[101.14850637531273,13.961098026686852],[101.14833513755495,13.961526523893168],[101.14804171634212,13.961939111269407],[101.14759035782765,13.962285360247892],[101.1472763112959,13.962406762639196],[101.14680557162914,13.962530658238514],[101.14516064585112,13.962443506161932],[101.14426929340878,13.962485275453581],[101.14341360408319,13.962629475477502],[101.14271580983848,13.962840089645681],[101.14193114221759,13.963103396968721],[101.14109532901601,13.963520794562147],[101.14064363363325,13.963832020482819],[101.14007143195008,13.964366831524874],[101.13936147361814,13.965141182891747],[101.13839089425927,13.966123398520635],[101.13782132104666,13.966948477613911],[101.1375805132617,13.967360629864864],[101.13742777451058,13.967857841846548],[101.13743218164534,13.968335608339761],[101.13745378972119,13.968796270985109],[101.13765174157888,13.96937512165252]]]},"properties":{"OBJECTID":3,"PROV_CODE":"24","PROV_NAMT":"ฉะเชิงเทรา","PROV_NAME":"CHACHOENGSAO","Area_km2_":5238.3100000000004,"Religion_T":"ภาคตะวันออก","Shape_Length":521949.71642507659,"Shape_Area":5573315666.5089197}}]}